name	reason
_R_-_-_-apomorphine	no aromatic nitrogen (cannot coordinate the heme iron)
_R_-_-_-rolipram	no aromatic nitrogen (cannot coordinate the heme iron)
_R_-baclofen	no aromatic nitrogen (cannot coordinate the heme iron)
_S_-___-rolipram	no aromatic nitrogen (cannot coordinate the heme iron)
__sar9_met_o2_11_-substance-p_	98 heavy atoms > 45 (outside applicability domain)
_1-__Z_-3-chloroallyl_-1_3_5_7-tetraazaadamantan-1-ium_	no aromatic nitrogen (cannot coordinate the heme iron)
_1-_1_2-diphenylethyl_piperidine-___-__	no aromatic nitrogen (cannot coordinate the heme iron)
1-_2-chloro-5-methylphenoxy_-3-_isopropylamino_-2-propanol	unparseable SMILES
1-acetyl-4-methylpiperazine	no aromatic nitrogen (cannot coordinate the heme iron)
1-deoxymannojirimycin	no aromatic nitrogen (cannot coordinate the heme iron)
1-ethyl-2-pyrrolidone	no aromatic nitrogen (cannot coordinate the heme iron)
1-hexadecanal	no aromatic nitrogen (cannot coordinate the heme iron)
1-hexadecanol	no aromatic nitrogen (cannot coordinate the heme iron)
1-octacosanol	no aromatic nitrogen (cannot coordinate the heme iron)
1-octanol	no aromatic nitrogen (cannot coordinate the heme iron)
1-phenylbiguanide	no aromatic nitrogen (cannot coordinate the heme iron)
_1_12-Besm_	no aromatic nitrogen (cannot coordinate the heme iron)
_1_2_3_4_5_6-hexabromocyclohexane_	no aromatic nitrogen (cannot coordinate the heme iron)
_1_4-butanediol_	no aromatic nitrogen (cannot coordinate the heme iron)
_1_5-dicaffeoylquinic-acid_	no aromatic nitrogen (cannot coordinate the heme iron)
10-deacetylbaccatin	no aromatic nitrogen (cannot coordinate the heme iron)
10-DEBC	no aromatic nitrogen (cannot coordinate the heme iron)
10058-F4	no aromatic nitrogen (cannot coordinate the heme iron)
12-O-tetradecanoylphorbol-13-acetate	unparseable SMILES
1400W	no aromatic nitrogen (cannot coordinate the heme iron)
_16_16-dimethylprostaglandin-e2_	no aromatic nitrogen (cannot coordinate the heme iron)
17-hydroxyprogesterone-caproate	no aromatic nitrogen (cannot coordinate the heme iron)
17-PA	no aromatic nitrogen (cannot coordinate the heme iron)
1E-1-_2-hydroxy-5-methylphenyl_-1-dodecanone-oxime	no aromatic nitrogen (cannot coordinate the heme iron)
_1S_2R-phenylpropanolamine_	no aromatic nitrogen (cannot coordinate the heme iron)
2-_1-adamantylamino_benzoic-acid	no aromatic nitrogen (cannot coordinate the heme iron)
2-_3-mercaptopropyl_pentanedioic-acid	unparseable SMILES
_2-_chloromethyl_-5_6_7_8-tetrahydro_1_benzothieno_2_3-d_pyrimidin-4_3H_-one_	no aromatic nitrogen (cannot coordinate the heme iron)
2-aminobenzenesulfonamide	no aromatic nitrogen (cannot coordinate the heme iron)
2-APB	no aromatic nitrogen (cannot coordinate the heme iron)
2-BFI	no aromatic nitrogen (cannot coordinate the heme iron)
2-CMDO	no aromatic nitrogen (cannot coordinate the heme iron)
2-deoxy-2-__methyl_nitroso_carbamoyl_amino_hexose	unparseable SMILES
2-deoxyglucose	no aromatic nitrogen (cannot coordinate the heme iron)
2-ethoxybenzoic-acid	no aromatic nitrogen (cannot coordinate the heme iron)
_2-ethyl-1_3-hexanediol_	unparseable SMILES
2-fluoro-2-deoxy-D-galactose	unparseable SMILES
2-fluorofucose	no aromatic nitrogen (cannot coordinate the heme iron)
_2-hydroxy-4-__E_-3-_4-hydroxyphenyl_acryloyl_-2-__2R_3R_4S_5S_6R_-3_4_5-trihydroxy-6-_hydroxymethyl_tetrahydro-2H-pyran-2-yl_-6-__2S_3R_4R_5S_6R_-3_4_5-trihydroxy-6-_hydroxymethyl_tetrahydro-2H-pyran-2-yl_cyclohexane-1_3_5-trione_	unparseable SMILES
2-hydroxyethyl-salicylate	no aromatic nitrogen (cannot coordinate the heme iron)
2-hydroxyflutamide	no aromatic nitrogen (cannot coordinate the heme iron)
2-hydroxysaclofen	unparseable SMILES
2-iminobiotin	no aromatic nitrogen (cannot coordinate the heme iron)
2-iodohippuric-acid	no aromatic nitrogen (cannot coordinate the heme iron)
2-methoxyestradiol	no aromatic nitrogen (cannot coordinate the heme iron)
2-methyl-5-nitrophenol	no aromatic nitrogen (cannot coordinate the heme iron)
2-octyldodecan-1-ol	unparseable SMILES
2-oleoylglycerol	no aromatic nitrogen (cannot coordinate the heme iron)
2-oxoglutaric-acid	no aromatic nitrogen (cannot coordinate the heme iron)
2-oxopropanoate	no aromatic nitrogen (cannot coordinate the heme iron)
2-PMDQ	unparseable SMILES
2-TEDC	no aromatic nitrogen (cannot coordinate the heme iron)
_2_3-cis_exo-camphanediol_	no aromatic nitrogen (cannot coordinate the heme iron)
_2_3-cis_exo-pinanediol_	no aromatic nitrogen (cannot coordinate the heme iron)
_2_3-DCPE_	no aromatic nitrogen (cannot coordinate the heme iron)
_2_4-dinitrochlorobenzene_	no aromatic nitrogen (cannot coordinate the heme iron)
_2_4-dinitrophenol_	no aromatic nitrogen (cannot coordinate the heme iron)
_2_5-furandimethanol_	no aromatic nitrogen (cannot coordinate the heme iron)
_2_6-dimethylpiperidine_	unparseable SMILES
20-HETE	no aromatic nitrogen (cannot coordinate the heme iron)
20-hydroxyecdysone	no aromatic nitrogen (cannot coordinate the heme iron)
3-_4-methylbenzylidene_camphor	unparseable SMILES
3-alpha-bis-_4-fluorophenyl_-methoxytropane	unparseable SMILES
3-alpha-hydroxy-5-beta-androstan-17-one	unparseable SMILES
3-amino-benzamide	no aromatic nitrogen (cannot coordinate the heme iron)
3-anilinopropan-1-ol	no aromatic nitrogen (cannot coordinate the heme iron)
3-bromocamphor	unparseable SMILES
3-bromopyruvate	no aromatic nitrogen (cannot coordinate the heme iron)
3-carboxy-4-hydroxyphenylglycine-_R_	no aromatic nitrogen (cannot coordinate the heme iron)
3-carboxy-4-hydroxyphenylglycine-_S_	no aromatic nitrogen (cannot coordinate the heme iron)
3-CPMT	unparseable SMILES
3-deazaadenosine	unparseable SMILES
3-deazauridine	unparseable SMILES
3-hydroxy-3-phenylpentanamide	unparseable SMILES
3-MATIDA	unparseable SMILES
3-methyl-GABA	no aromatic nitrogen (cannot coordinate the heme iron)
_3_3_-dichlorobenzaldazine_	no aromatic nitrogen (cannot coordinate the heme iron)
_3_4-DCPG-___-__	unparseable SMILES
_3_4-DCPG-_R__	no aromatic nitrogen (cannot coordinate the heme iron)
_3_4-DCPG-_S__	no aromatic nitrogen (cannot coordinate the heme iron)
_3_4-methylenedioxy-beta-nitrostyrene_	no aromatic nitrogen (cannot coordinate the heme iron)
_3_5-DHPG-_S__	no aromatic nitrogen (cannot coordinate the heme iron)
3_-fluorobenzylspiperone	no aromatic nitrogen (cannot coordinate the heme iron)
4-_4-fluorobenzoyl_-1-_4-phenylbutyl_-piperidine	no aromatic nitrogen (cannot coordinate the heme iron)
4-_aminomethyl_benzoic-acid	no aromatic nitrogen (cannot coordinate the heme iron)
_4-acetyl-1_1-dimethylpiperazinium_	no aromatic nitrogen (cannot coordinate the heme iron)
4-aminohippuric-acid	no aromatic nitrogen (cannot coordinate the heme iron)
4-carboxy-3-hydroxyphenylglycine-_RS_	unparseable SMILES
4-carboxy-3-hydroxyphenylglycine-_S_	no aromatic nitrogen (cannot coordinate the heme iron)
4-chlorophenylguanidine	no aromatic nitrogen (cannot coordinate the heme iron)
4-CMTB	unparseable SMILES
4-DAMP	no aromatic nitrogen (cannot coordinate the heme iron)
4-galactosyllactose	unparseable SMILES
4-IBP	no aromatic nitrogen (cannot coordinate the heme iron)
4-iodo-L-phenylalanine	no aromatic nitrogen (cannot coordinate the heme iron)
4-methylgenistein	no aromatic nitrogen (cannot coordinate the heme iron)
4-mu-8C	no aromatic nitrogen (cannot coordinate the heme iron)
4-P-PDOT	unparseable SMILES
4-phenolsulfonic-acid	no aromatic nitrogen (cannot coordinate the heme iron)
_4-phenyl-1_2_3_4-tetrahydroisoquinoline_	unparseable SMILES
4-PPBP	no aromatic nitrogen (cannot coordinate the heme iron)
4-propylbenzoic-acid	no aromatic nitrogen (cannot coordinate the heme iron)
4-tert-butylphenol	no aromatic nitrogen (cannot coordinate the heme iron)
_4_4-pentamethylenepiperidine_	no aromatic nitrogen (cannot coordinate the heme iron)
_4_4_-DDT_	no aromatic nitrogen (cannot coordinate the heme iron)
4BP-TQS	unparseable SMILES
4E1RCat	no aromatic nitrogen (cannot coordinate the heme iron)
5-aminolevulinic-acid	no aromatic nitrogen (cannot coordinate the heme iron)
5-BDBD	no aromatic nitrogen (cannot coordinate the heme iron)
5-HMF	no aromatic nitrogen (cannot coordinate the heme iron)
5-hydroxydecanoic-acid	no aromatic nitrogen (cannot coordinate the heme iron)
5-hydroxyectoine	no aromatic nitrogen (cannot coordinate the heme iron)
5-hydroxymethyl-tolterodine	no aromatic nitrogen (cannot coordinate the heme iron)
5-hydroxytryptophan	unparseable SMILES
5-methylfurmethiodide	no aromatic nitrogen (cannot coordinate the heme iron)
5-methylhydantoin-_D_	no aromatic nitrogen (cannot coordinate the heme iron)
5-methylhydantoin-_L_	no aromatic nitrogen (cannot coordinate the heme iron)
5-octanoylsalicylic-acid	no aromatic nitrogen (cannot coordinate the heme iron)
5_-chloro-5_-deoxy-ENBA-___-_	unparseable SMILES
6-aminochrysene	no aromatic nitrogen (cannot coordinate the heme iron)
6-aminopenicillanic-acid	no aromatic nitrogen (cannot coordinate the heme iron)
6-diazo-5-oxo-L-norleucine	no aromatic nitrogen (cannot coordinate the heme iron)
6-iodo-nordihydrocapsaicin	no aromatic nitrogen (cannot coordinate the heme iron)
_6_7-dehydro-17-acetoxy-progesterone_	unparseable SMILES
7-aminocephalosporanic-acid	no aromatic nitrogen (cannot coordinate the heme iron)
7-hydroxy-DPAT	no aromatic nitrogen (cannot coordinate the heme iron)
7-hydroxy-PIPAT	no aromatic nitrogen (cannot coordinate the heme iron)
7-keto-DHEA	no aromatic nitrogen (cannot coordinate the heme iron)
_7_8_9_10-tetrahydroazepino_2_1-b_quinazolin-12_6H_-one_	no aromatic nitrogen (cannot coordinate the heme iron)
8-bromo-cAMP	unparseable SMILES
8-bromo-cGMP	unparseable SMILES
8-hydroxy-DPAT	no aromatic nitrogen (cannot coordinate the heme iron)
8-hydroxy-PIPAT	no aromatic nitrogen (cannot coordinate the heme iron)
8-M-PDOT	unparseable SMILES
80841-78-7	no aromatic nitrogen (cannot coordinate the heme iron)
9-anthracenecarboxylic-acid	no aromatic nitrogen (cannot coordinate the heme iron)
A-1120	no aromatic nitrogen (cannot coordinate the heme iron)
A-317491	no aromatic nitrogen (cannot coordinate the heme iron)
A-33903	unparseable SMILES
A-366	no aromatic nitrogen (cannot coordinate the heme iron)
A-485	no aromatic nitrogen (cannot coordinate the heme iron)
A-61603	unparseable SMILES
A-7	no aromatic nitrogen (cannot coordinate the heme iron)
A-803467	no aromatic nitrogen (cannot coordinate the heme iron)
A-922500	no aromatic nitrogen (cannot coordinate the heme iron)
A-939572	no aromatic nitrogen (cannot coordinate the heme iron)
A-967079	no aromatic nitrogen (cannot coordinate the heme iron)
A0001	unparseable SMILES
A12B4C3	unparseable SMILES
A61603	unparseable SMILES
A740003	unparseable SMILES
A77636	no aromatic nitrogen (cannot coordinate the heme iron)
A922500	no aromatic nitrogen (cannot coordinate the heme iron)
AA-29504	no aromatic nitrogen (cannot coordinate the heme iron)
AB-423	no aromatic nitrogen (cannot coordinate the heme iron)
abamectin	unparseable SMILES
abarelix	101 heavy atoms > 45 (outside applicability domain)
ABC-294640	unparseable SMILES
abiraterone	unparseable SMILES
abiraterone-acetate	unparseable SMILES
ABT-239	no aromatic nitrogen (cannot coordinate the heme iron)
ABT-639	no aromatic nitrogen (cannot coordinate the heme iron)
ABT-737	56 heavy atoms > 45 (outside applicability domain)
ABX-1431	no aromatic nitrogen (cannot coordinate the heme iron)
AC-186	no aromatic nitrogen (cannot coordinate the heme iron)
AC-264613	no aromatic nitrogen (cannot coordinate the heme iron)
AC-55541	unparseable SMILES
AC-55649	no aromatic nitrogen (cannot coordinate the heme iron)
AC-7954-___-_	no aromatic nitrogen (cannot coordinate the heme iron)
AC1NDSS5	no aromatic nitrogen (cannot coordinate the heme iron)
AC260584	no aromatic nitrogen (cannot coordinate the heme iron)
acamprosate	no aromatic nitrogen (cannot coordinate the heme iron)
acarbose	no aromatic nitrogen (cannot coordinate the heme iron)
acebutolol	no aromatic nitrogen (cannot coordinate the heme iron)
acecainide	no aromatic nitrogen (cannot coordinate the heme iron)
aceclidine	unparseable SMILES
aceclofenac	no aromatic nitrogen (cannot coordinate the heme iron)
acedapsone	no aromatic nitrogen (cannot coordinate the heme iron)
acedoben	no aromatic nitrogen (cannot coordinate the heme iron)
aceglutamide	no aromatic nitrogen (cannot coordinate the heme iron)
acelarin	unparseable SMILES
aceneuramic-acid	no aromatic nitrogen (cannot coordinate the heme iron)
acenocoumarol	unparseable SMILES
acepromazine	no aromatic nitrogen (cannot coordinate the heme iron)
acesulfame-potassium	no aromatic nitrogen (cannot coordinate the heme iron)
acetanilide	no aromatic nitrogen (cannot coordinate the heme iron)
acetarsol	no aromatic nitrogen (cannot coordinate the heme iron)
acetohexamide	no aromatic nitrogen (cannot coordinate the heme iron)
acetohydroxamic-acid	no aromatic nitrogen (cannot coordinate the heme iron)
acetophenazine	no aromatic nitrogen (cannot coordinate the heme iron)
acetriazoic-acid	no aromatic nitrogen (cannot coordinate the heme iron)
acetyl-11-keto-beta-boswellic-acid	unparseable SMILES
acetyl-farnesyl-cysteine	no aromatic nitrogen (cannot coordinate the heme iron)
acetyl-l-leucine	no aromatic nitrogen (cannot coordinate the heme iron)
acetylcholine	no aromatic nitrogen (cannot coordinate the heme iron)
acetylcysteine	no aromatic nitrogen (cannot coordinate the heme iron)
acetylsalicylsalicylic-acid	no aromatic nitrogen (cannot coordinate the heme iron)
acetylspiramycin	unparseable SMILES
acexamic-acid	no aromatic nitrogen (cannot coordinate the heme iron)
acifran	unparseable SMILES
acitretin	no aromatic nitrogen (cannot coordinate the heme iron)
acivicin	no aromatic nitrogen (cannot coordinate the heme iron)
aclarubicin	58 heavy atoms > 45 (outside applicability domain)
aclidinium	no aromatic nitrogen (cannot coordinate the heme iron)
acolbifene	no aromatic nitrogen (cannot coordinate the heme iron)
acoziborole	no aromatic nitrogen (cannot coordinate the heme iron)
ACPC	no aromatic nitrogen (cannot coordinate the heme iron)
acrylate	no aromatic nitrogen (cannot coordinate the heme iron)
ACT-462206	no aromatic nitrogen (cannot coordinate the heme iron)
actarit	no aromatic nitrogen (cannot coordinate the heme iron)
actinomycin-d	90 heavy atoms > 45 (outside applicability domain)
AD-5467	unparseable SMILES
adapalene	no aromatic nitrogen (cannot coordinate the heme iron)
adaprev	unparseable SMILES
adaptavir	60 heavy atoms > 45 (outside applicability domain)
adarotene	no aromatic nitrogen (cannot coordinate the heme iron)
adelmidrol	no aromatic nitrogen (cannot coordinate the heme iron)
adiphenine	no aromatic nitrogen (cannot coordinate the heme iron)
adipic-acid	no aromatic nitrogen (cannot coordinate the heme iron)
adiporon	no aromatic nitrogen (cannot coordinate the heme iron)
ADL5859	no aromatic nitrogen (cannot coordinate the heme iron)
adomeglivant	no aromatic nitrogen (cannot coordinate the heme iron)
adrafinil	no aromatic nitrogen (cannot coordinate the heme iron)
adrenalone	no aromatic nitrogen (cannot coordinate the heme iron)
adrenosterone	no aromatic nitrogen (cannot coordinate the heme iron)
afalanine	no aromatic nitrogen (cannot coordinate the heme iron)
afamelanotide	118 heavy atoms > 45 (outside applicability domain)
afimoxifene	no aromatic nitrogen (cannot coordinate the heme iron)
AG-1024	no aromatic nitrogen (cannot coordinate the heme iron)
AG-490	no aromatic nitrogen (cannot coordinate the heme iron)
AG-555	no aromatic nitrogen (cannot coordinate the heme iron)
AG-556	no aromatic nitrogen (cannot coordinate the heme iron)
AGI-5198	unparseable SMILES
AGI-6780	no aromatic nitrogen (cannot coordinate the heme iron)
AGM-1470	unparseable SMILES
agmatine	no aromatic nitrogen (cannot coordinate the heme iron)
AGN-192403	unparseable SMILES
AGN-194310	no aromatic nitrogen (cannot coordinate the heme iron)
AGN-195183	no aromatic nitrogen (cannot coordinate the heme iron)
agomelatine	no aromatic nitrogen (cannot coordinate the heme iron)
AGP-103	no aromatic nitrogen (cannot coordinate the heme iron)
AH-7614	no aromatic nitrogen (cannot coordinate the heme iron)
AH11110	no aromatic nitrogen (cannot coordinate the heme iron)
AH6809	no aromatic nitrogen (cannot coordinate the heme iron)
AI-10-49	47 heavy atoms > 45 (outside applicability domain)
AJ76-___	no aromatic nitrogen (cannot coordinate the heme iron)
ajmaline	no aromatic nitrogen (cannot coordinate the heme iron)
AK-7	no aromatic nitrogen (cannot coordinate the heme iron)
AKBA	no aromatic nitrogen (cannot coordinate the heme iron)
aklomide	no aromatic nitrogen (cannot coordinate the heme iron)
alacepril	no aromatic nitrogen (cannot coordinate the heme iron)
alafosfalin	no aromatic nitrogen (cannot coordinate the heme iron)
alanine	unparseable SMILES
alanosine	no aromatic nitrogen (cannot coordinate the heme iron)
alantolactone	no aromatic nitrogen (cannot coordinate the heme iron)
alaproclate	no aromatic nitrogen (cannot coordinate the heme iron)
alarelin	84 heavy atoms > 45 (outside applicability domain)
albuterol	no aromatic nitrogen (cannot coordinate the heme iron)
alclofenac	no aromatic nitrogen (cannot coordinate the heme iron)
alclometasone-dipropionate	unparseable SMILES
alcuronium	unparseable SMILES
alda-1	no aromatic nitrogen (cannot coordinate the heme iron)
aldoxorubicin	54 heavy atoms > 45 (outside applicability domain)
alendronate	no aromatic nitrogen (cannot coordinate the heme iron)
alexidine	unparseable SMILES
alfacalcidol	no aromatic nitrogen (cannot coordinate the heme iron)
alfadolone-acetate	no aromatic nitrogen (cannot coordinate the heme iron)
algestone-acetophenide	no aromatic nitrogen (cannot coordinate the heme iron)
alibendol	no aromatic nitrogen (cannot coordinate the heme iron)
alimemazine	no aromatic nitrogen (cannot coordinate the heme iron)
alinidine	no aromatic nitrogen (cannot coordinate the heme iron)
aliskiren-hemifumarate	no aromatic nitrogen (cannot coordinate the heme iron)
alisporivir	86 heavy atoms > 45 (outside applicability domain)
alizapride	unparseable SMILES
alizarin	no aromatic nitrogen (cannot coordinate the heme iron)
allantoin	no aromatic nitrogen (cannot coordinate the heme iron)
allicin	unparseable SMILES
allylestrenol	no aromatic nitrogen (cannot coordinate the heme iron)
allylisothiocyanate	no aromatic nitrogen (cannot coordinate the heme iron)
allylthiourea	no aromatic nitrogen (cannot coordinate the heme iron)
almorexant	no aromatic nitrogen (cannot coordinate the heme iron)
aloe-emodin	no aromatic nitrogen (cannot coordinate the heme iron)
aloin	no aromatic nitrogen (cannot coordinate the heme iron)
aloperine	no aromatic nitrogen (cannot coordinate the heme iron)
aloxistatin	no aromatic nitrogen (cannot coordinate the heme iron)
alpha-asarone	no aromatic nitrogen (cannot coordinate the heme iron)
alpha-D-glucopyranose	no aromatic nitrogen (cannot coordinate the heme iron)
alpha-glucosyl-hesperidin	54 heavy atoms > 45 (outside applicability domain)
alpha-linolenic-acid	no aromatic nitrogen (cannot coordinate the heme iron)
alpha-tochopherol	unparseable SMILES
alpha-tochopheryl-acetate	unparseable SMILES
alprenolol	unparseable SMILES
alprostadil	no aromatic nitrogen (cannot coordinate the heme iron)
alrestatin	no aromatic nitrogen (cannot coordinate the heme iron)
althiazide	unparseable SMILES
altrenogest	unparseable SMILES
alverine	no aromatic nitrogen (cannot coordinate the heme iron)
alvespimycin	unparseable SMILES
alvimopan	no aromatic nitrogen (cannot coordinate the heme iron)
alvocidib	no aromatic nitrogen (cannot coordinate the heme iron)
ALX-40-4C	103 heavy atoms > 45 (outside applicability domain)
ALX-5407	no aromatic nitrogen (cannot coordinate the heme iron)
AM-1241	unparseable SMILES
AM-24	no aromatic nitrogen (cannot coordinate the heme iron)
AM-404	no aromatic nitrogen (cannot coordinate the heme iron)
AM-580	no aromatic nitrogen (cannot coordinate the heme iron)
AM-92016	no aromatic nitrogen (cannot coordinate the heme iron)
AM211	no aromatic nitrogen (cannot coordinate the heme iron)
AM679	50 heavy atoms > 45 (outside applicability domain)
amantadine	no aromatic nitrogen (cannot coordinate the heme iron)
ambazone	no aromatic nitrogen (cannot coordinate the heme iron)
ambenonium	no aromatic nitrogen (cannot coordinate the heme iron)
ambroxol	no aromatic nitrogen (cannot coordinate the heme iron)
amcinonide	unparseable SMILES
amdinocillin	no aromatic nitrogen (cannot coordinate the heme iron)
ameltolide	no aromatic nitrogen (cannot coordinate the heme iron)
ametantrone	no aromatic nitrogen (cannot coordinate the heme iron)
amfenac	no aromatic nitrogen (cannot coordinate the heme iron)
AMG-176	no aromatic nitrogen (cannot coordinate the heme iron)
AMG-232	no aromatic nitrogen (cannot coordinate the heme iron)
AMG-487-___-_	unparseable SMILES
AMG-837	no aromatic nitrogen (cannot coordinate the heme iron)
AMG-9810	no aromatic nitrogen (cannot coordinate the heme iron)
AMG319	unparseable SMILES
AMI-1	no aromatic nitrogen (cannot coordinate the heme iron)
amibegron	no aromatic nitrogen (cannot coordinate the heme iron)
amiflamine	unparseable SMILES
amifostine	no aromatic nitrogen (cannot coordinate the heme iron)
amikacin	no aromatic nitrogen (cannot coordinate the heme iron)
amineptine	no aromatic nitrogen (cannot coordinate the heme iron)
aminocaproic-acid	no aromatic nitrogen (cannot coordinate the heme iron)
aminoglutethimide	unparseable SMILES
aminoguanidine	no aromatic nitrogen (cannot coordinate the heme iron)
aminohydroxybutyric-acid	unparseable SMILES
aminolevulinic-acid-benzyl-ester	no aromatic nitrogen (cannot coordinate the heme iron)
aminomethyltransferase	unparseable SMILES
aminopentamide	no aromatic nitrogen (cannot coordinate the heme iron)
aminosalicylate	no aromatic nitrogen (cannot coordinate the heme iron)
amiodarone	no aromatic nitrogen (cannot coordinate the heme iron)
amiprilose	no aromatic nitrogen (cannot coordinate the heme iron)
amiselimod	no aromatic nitrogen (cannot coordinate the heme iron)
amisulpride	unparseable SMILES
amitifadine	unparseable SMILES
amitraz	no aromatic nitrogen (cannot coordinate the heme iron)
amitriptyline	no aromatic nitrogen (cannot coordinate the heme iron)
amlodipine	unparseable SMILES
ammonium-glycyrrhizinate	58 heavy atoms > 45 (outside applicability domain)
ammonium-lactate	unparseable SMILES
ammonium-perfluorocaprylate	no aromatic nitrogen (cannot coordinate the heme iron)
AMN-082	no aromatic nitrogen (cannot coordinate the heme iron)
amonafide	no aromatic nitrogen (cannot coordinate the heme iron)
amorolfine	unparseable SMILES
amoxapine	no aromatic nitrogen (cannot coordinate the heme iron)
amoxicillin	no aromatic nitrogen (cannot coordinate the heme iron)
amperozide	no aromatic nitrogen (cannot coordinate the heme iron)
amphotericin-b	unparseable SMILES
ampicillin	no aromatic nitrogen (cannot coordinate the heme iron)
ampiroxicam	unparseable SMILES
amprenavir	no aromatic nitrogen (cannot coordinate the heme iron)
amrubicin	no aromatic nitrogen (cannot coordinate the heme iron)
amygdalin	no aromatic nitrogen (cannot coordinate the heme iron)
amyl-nitrite	no aromatic nitrogen (cannot coordinate the heme iron)
amyleine	no aromatic nitrogen (cannot coordinate the heme iron)
amylene-hydrate	no aromatic nitrogen (cannot coordinate the heme iron)
AN2718	no aromatic nitrogen (cannot coordinate the heme iron)
ANA-12	unparseable SMILES
anabasine	unparseable SMILES
anacetrapib	no aromatic nitrogen (cannot coordinate the heme iron)
anagrelide	no aromatic nitrogen (cannot coordinate the heme iron)
anandamide	no aromatic nitrogen (cannot coordinate the heme iron)
andarine	no aromatic nitrogen (cannot coordinate the heme iron)
andrographolide	no aromatic nitrogen (cannot coordinate the heme iron)
androstenone	unparseable SMILES
androsterone	no aromatic nitrogen (cannot coordinate the heme iron)
anecortave-acetate	unparseable SMILES
anethole	no aromatic nitrogen (cannot coordinate the heme iron)
anethole-trithione	no aromatic nitrogen (cannot coordinate the heme iron)
anguidine	no aromatic nitrogen (cannot coordinate the heme iron)
anidulafungin	82 heavy atoms > 45 (outside applicability domain)
aniracetam	no aromatic nitrogen (cannot coordinate the heme iron)
anisindione	no aromatic nitrogen (cannot coordinate the heme iron)
anisodamine	unparseable SMILES
anisomycin	no aromatic nitrogen (cannot coordinate the heme iron)
anisotropine	no aromatic nitrogen (cannot coordinate the heme iron)
ansamitocin-p-3	unparseable SMILES
antagonist-g	68 heavy atoms > 45 (outside applicability domain)
antazoline	no aromatic nitrogen (cannot coordinate the heme iron)
anthralin	no aromatic nitrogen (cannot coordinate the heme iron)
anthraquinone	no aromatic nitrogen (cannot coordinate the heme iron)
antimony-potassium	no aromatic nitrogen (cannot coordinate the heme iron)
antimonyl	no aromatic nitrogen (cannot coordinate the heme iron)
antimycin-A	no aromatic nitrogen (cannot coordinate the heme iron)
antioxine	no aromatic nitrogen (cannot coordinate the heme iron)
AP-18	no aromatic nitrogen (cannot coordinate the heme iron)
AP1903	102 heavy atoms > 45 (outside applicability domain)
apararenone	no aromatic nitrogen (cannot coordinate the heme iron)
APC-100	no aromatic nitrogen (cannot coordinate the heme iron)
aphidicolin	no aromatic nitrogen (cannot coordinate the heme iron)
apigenin	no aromatic nitrogen (cannot coordinate the heme iron)
apocynin	no aromatic nitrogen (cannot coordinate the heme iron)
apoptosis-activator-II	no aromatic nitrogen (cannot coordinate the heme iron)
APR-246	unparseable SMILES
apraclonidine	no aromatic nitrogen (cannot coordinate the heme iron)
apramycin	no aromatic nitrogen (cannot coordinate the heme iron)
apratastat	no aromatic nitrogen (cannot coordinate the heme iron)
apremilast	no aromatic nitrogen (cannot coordinate the heme iron)
aprindine	no aromatic nitrogen (cannot coordinate the heme iron)
apronal	unparseable SMILES
aptiganel	no aromatic nitrogen (cannot coordinate the heme iron)
AR-42	no aromatic nitrogen (cannot coordinate the heme iron)
arachidonic-acid	no aromatic nitrogen (cannot coordinate the heme iron)
aramchol	50 heavy atoms > 45 (outside applicability domain)
arbutin	no aromatic nitrogen (cannot coordinate the heme iron)
ARC-239	no aromatic nitrogen (cannot coordinate the heme iron)
arctigenin	no aromatic nitrogen (cannot coordinate the heme iron)
ardeparin	no aromatic nitrogen (cannot coordinate the heme iron)
arecaidine-but-2-ynyl-ester	no aromatic nitrogen (cannot coordinate the heme iron)
arecaidine-propargyl-ester	no aromatic nitrogen (cannot coordinate the heme iron)
arecoline	no aromatic nitrogen (cannot coordinate the heme iron)
argatroban	unparseable SMILES
argireline	61 heavy atoms > 45 (outside applicability domain)
arglabin	no aromatic nitrogen (cannot coordinate the heme iron)
aripiprazole	no aromatic nitrogen (cannot coordinate the heme iron)
aripiprazole-lauroxil	no aromatic nitrogen (cannot coordinate the heme iron)
arotinolol	unparseable SMILES
arsanilic-acid	no aromatic nitrogen (cannot coordinate the heme iron)
arsenic-trioxide	no aromatic nitrogen (cannot coordinate the heme iron)
artemether	no aromatic nitrogen (cannot coordinate the heme iron)
artemisinin	no aromatic nitrogen (cannot coordinate the heme iron)
artemotil	no aromatic nitrogen (cannot coordinate the heme iron)
artesunate	no aromatic nitrogen (cannot coordinate the heme iron)
articaine	no aromatic nitrogen (cannot coordinate the heme iron)
arundic-acid	no aromatic nitrogen (cannot coordinate the heme iron)
ARV-825	unparseable SMILES
AS-1949490	no aromatic nitrogen (cannot coordinate the heme iron)
AS-2034178	no aromatic nitrogen (cannot coordinate the heme iron)
AS-252424	no aromatic nitrogen (cannot coordinate the heme iron)
AS-604850	no aromatic nitrogen (cannot coordinate the heme iron)
AS-77	no aromatic nitrogen (cannot coordinate the heme iron)
ASA-404	no aromatic nitrogen (cannot coordinate the heme iron)
asaraldehyde	no aromatic nitrogen (cannot coordinate the heme iron)
ASC-J9	no aromatic nitrogen (cannot coordinate the heme iron)
ascomycin	56 heavy atoms > 45 (outside applicability domain)
ascorbic-acid	unparseable SMILES
asenapine	unparseable SMILES
asiatic-acid	no aromatic nitrogen (cannot coordinate the heme iron)
asimadoline	no aromatic nitrogen (cannot coordinate the heme iron)
aspartame	no aromatic nitrogen (cannot coordinate the heme iron)
aspirin	no aromatic nitrogen (cannot coordinate the heme iron)
astaxanthin	unparseable SMILES
astilbin	no aromatic nitrogen (cannot coordinate the heme iron)
astragaloside-a	55 heavy atoms > 45 (outside applicability domain)
asunaprevir	51 heavy atoms > 45 (outside applicability domain)
asymmetrical-dimethylarginine	no aromatic nitrogen (cannot coordinate the heme iron)
AT-1015	no aromatic nitrogen (cannot coordinate the heme iron)
AT-406	no aromatic nitrogen (cannot coordinate the heme iron)
AT13387	no aromatic nitrogen (cannot coordinate the heme iron)
atazanavir	51 heavy atoms > 45 (outside applicability domain)
ATB-346	unparseable SMILES
atenolol-_-_	no aromatic nitrogen (cannot coordinate the heme iron)
atenolol-___	no aromatic nitrogen (cannot coordinate the heme iron)
atenolol-___-_	unparseable SMILES
atglistatin	no aromatic nitrogen (cannot coordinate the heme iron)
aticaprant	no aromatic nitrogen (cannot coordinate the heme iron)
atiprimod	no aromatic nitrogen (cannot coordinate the heme iron)
atizoram	no aromatic nitrogen (cannot coordinate the heme iron)
atomoxetine	no aromatic nitrogen (cannot coordinate the heme iron)
atosiban	unparseable SMILES
atovaquone	unparseable SMILES
ATPA	unparseable SMILES
atractylenolide-i	unparseable SMILES
atracurium	unparseable SMILES
atrasentan	no aromatic nitrogen (cannot coordinate the heme iron)
atropine	unparseable SMILES
atropine-oxide	unparseable SMILES
auranofin	no aromatic nitrogen (cannot coordinate the heme iron)
aurothioglucose	no aromatic nitrogen (cannot coordinate the heme iron)
autotaxin-modulator-1	unparseable SMILES
avacopan	no aromatic nitrogen (cannot coordinate the heme iron)
avadomide	unparseable SMILES
avasimibe	no aromatic nitrogen (cannot coordinate the heme iron)
AVE-3085	no aromatic nitrogen (cannot coordinate the heme iron)
AVex-73	unparseable SMILES
avibactam	no aromatic nitrogen (cannot coordinate the heme iron)
avobenzone	no aromatic nitrogen (cannot coordinate the heme iron)
avridine	47 heavy atoms > 45 (outside applicability domain)
AX-024	no aromatic nitrogen (cannot coordinate the heme iron)
AY-9944	no aromatic nitrogen (cannot coordinate the heme iron)
AZ505	no aromatic nitrogen (cannot coordinate the heme iron)
azacyclonol	no aromatic nitrogen (cannot coordinate the heme iron)
azalomycin-B	unparseable SMILES
azapropazone	unparseable SMILES
azaserine	no aromatic nitrogen (cannot coordinate the heme iron)
azasetron	no aromatic nitrogen (cannot coordinate the heme iron)
AZD1208	no aromatic nitrogen (cannot coordinate the heme iron)
AZD1446	unparseable SMILES
AZD4282	no aromatic nitrogen (cannot coordinate the heme iron)
AZD5582	74 heavy atoms > 45 (outside applicability domain)
AZD5991	46 heavy atoms > 45 (outside applicability domain)
AZD6738	unparseable SMILES
AZD6765	unparseable SMILES
AZD7545	no aromatic nitrogen (cannot coordinate the heme iron)
AZD7762	no aromatic nitrogen (cannot coordinate the heme iron)
AZD8186	no aromatic nitrogen (cannot coordinate the heme iron)
AZD9056	no aromatic nitrogen (cannot coordinate the heme iron)
azelaic-acid	no aromatic nitrogen (cannot coordinate the heme iron)
azelnidipine	unparseable SMILES
azimilide	no aromatic nitrogen (cannot coordinate the heme iron)
azithromycin	52 heavy atoms > 45 (outside applicability domain)
azlocillin	no aromatic nitrogen (cannot coordinate the heme iron)
azodicarbonamide	no aromatic nitrogen (cannot coordinate the heme iron)
bacampicillin	unparseable SMILES
bacitracin	100 heavy atoms > 45 (outside applicability domain)
bacitracin-zinc	101 heavy atoms > 45 (outside applicability domain)
baclofen	no aromatic nitrogen (cannot coordinate the heme iron)
BADGE	unparseable SMILES
bafilomycin-a1	unparseable SMILES
baicalein	no aromatic nitrogen (cannot coordinate the heme iron)
baicalin	no aromatic nitrogen (cannot coordinate the heme iron)
bakuchiol	no aromatic nitrogen (cannot coordinate the heme iron)
balicatib	no aromatic nitrogen (cannot coordinate the heme iron)
balofloxacin	unparseable SMILES
balsalazide	no aromatic nitrogen (cannot coordinate the heme iron)
bambuterol	no aromatic nitrogen (cannot coordinate the heme iron)
BAN-ORL-24	no aromatic nitrogen (cannot coordinate the heme iron)
banoxantrone	no aromatic nitrogen (cannot coordinate the heme iron)
bardoxolone	unparseable SMILES
bardoxolone-methyl	unparseable SMILES
barium-6-O-phosphonato-D-glucose	no aromatic nitrogen (cannot coordinate the heme iron)
barnidipine	unparseable SMILES
basic-fuchsin	unparseable SMILES
batefenterol	53 heavy atoms > 45 (outside applicability domain)
batimastat	no aromatic nitrogen (cannot coordinate the heme iron)
bavisant	no aromatic nitrogen (cannot coordinate the heme iron)
BAY-11-7082	no aromatic nitrogen (cannot coordinate the heme iron)
BAY-11-7085	no aromatic nitrogen (cannot coordinate the heme iron)
BAY-8002	no aromatic nitrogen (cannot coordinate the heme iron)
BAY-85-8050	unparseable SMILES
BAY-K-8644-___-_	unparseable SMILES
BAY-K-8644-_s_-_-_	unparseable SMILES
BAY-W-9798	unparseable SMILES
BC-11	no aromatic nitrogen (cannot coordinate the heme iron)
BCX-1470	no aromatic nitrogen (cannot coordinate the heme iron)
BD-1008	no aromatic nitrogen (cannot coordinate the heme iron)
BD-1047	no aromatic nitrogen (cannot coordinate the heme iron)
BD-1063	no aromatic nitrogen (cannot coordinate the heme iron)
BE-2254	no aromatic nitrogen (cannot coordinate the heme iron)
beclabuvir	unparseable SMILES
beclamide	no aromatic nitrogen (cannot coordinate the heme iron)
beclomethasone	unparseable SMILES
beclomethasone-dipropionate	unparseable SMILES
befuraline	no aromatic nitrogen (cannot coordinate the heme iron)
begacestat	no aromatic nitrogen (cannot coordinate the heme iron)
bekanamycin	no aromatic nitrogen (cannot coordinate the heme iron)
belinostat	no aromatic nitrogen (cannot coordinate the heme iron)
bemegride	no aromatic nitrogen (cannot coordinate the heme iron)
bemesetron	unparseable SMILES
bemotrizinol	unparseable SMILES
bempedoic-acid	no aromatic nitrogen (cannot coordinate the heme iron)
benactyzine	no aromatic nitrogen (cannot coordinate the heme iron)
benaxibine	no aromatic nitrogen (cannot coordinate the heme iron)
benazepril	no aromatic nitrogen (cannot coordinate the heme iron)
bendroflumethiazide	unparseable SMILES
benethamine	no aromatic nitrogen (cannot coordinate the heme iron)
benfluorex	no aromatic nitrogen (cannot coordinate the heme iron)
benfluralin	no aromatic nitrogen (cannot coordinate the heme iron)
benidipine	no aromatic nitrogen (cannot coordinate the heme iron)
benproperine	unparseable SMILES
benserazide	no aromatic nitrogen (cannot coordinate the heme iron)
bentiromide	no aromatic nitrogen (cannot coordinate the heme iron)
benurestat	no aromatic nitrogen (cannot coordinate the heme iron)
benzalkonium	no aromatic nitrogen (cannot coordinate the heme iron)
benzbromarone	no aromatic nitrogen (cannot coordinate the heme iron)
_benzenemethanol_-2_5-dimethyl-___1-methylethyl_amino_methyl__	unparseable SMILES
benzethonium	no aromatic nitrogen (cannot coordinate the heme iron)
benzocaine	no aromatic nitrogen (cannot coordinate the heme iron)
benzoclidine	unparseable SMILES
benzofenac	no aromatic nitrogen (cannot coordinate the heme iron)
benzoic-acid	no aromatic nitrogen (cannot coordinate the heme iron)
benzoin	unparseable SMILES
benzonatate	no aromatic nitrogen (cannot coordinate the heme iron)
benzoquinonium-dibromide	unparseable SMILES
benzoyl-peroxide	no aromatic nitrogen (cannot coordinate the heme iron)
benzoylpas	no aromatic nitrogen (cannot coordinate the heme iron)
benzthiazide	no aromatic nitrogen (cannot coordinate the heme iron)
benztropine-mesylate	no aromatic nitrogen (cannot coordinate the heme iron)
benzyl-alcohol	no aromatic nitrogen (cannot coordinate the heme iron)
benzyl-benzoate	no aromatic nitrogen (cannot coordinate the heme iron)
benzyl-isothiocyanate	no aromatic nitrogen (cannot coordinate the heme iron)
benzyldimethylhexadecylammonium	no aromatic nitrogen (cannot coordinate the heme iron)
benzyldimethyloctylammonium	no aromatic nitrogen (cannot coordinate the heme iron)
benzylpenicillin	no aromatic nitrogen (cannot coordinate the heme iron)
bephenium-hydroxynaphthoate	no aromatic nitrogen (cannot coordinate the heme iron)
bepridil	no aromatic nitrogen (cannot coordinate the heme iron)
bergapten	no aromatic nitrogen (cannot coordinate the heme iron)
bergenin	no aromatic nitrogen (cannot coordinate the heme iron)
beta-carotene	unparseable SMILES
beta-elemene	no aromatic nitrogen (cannot coordinate the heme iron)
beta-funaltrexamine	no aromatic nitrogen (cannot coordinate the heme iron)
beta-glycerophosphoric-acid	no aromatic nitrogen (cannot coordinate the heme iron)
beta-hydroxy-beta-methylbutyrate	no aromatic nitrogen (cannot coordinate the heme iron)
beta-hydroxybutyrate	no aromatic nitrogen (cannot coordinate the heme iron)
beta-lapachone	no aromatic nitrogen (cannot coordinate the heme iron)
beta-naphthol	no aromatic nitrogen (cannot coordinate the heme iron)
betaine	no aromatic nitrogen (cannot coordinate the heme iron)
betamethasone	unparseable SMILES
betamethasone-acetate	unparseable SMILES
betamethasone-butyrate-propionate	unparseable SMILES
betamethasone-dipropionate	unparseable SMILES
betamethasone-phosphate	unparseable SMILES
betamethasone-valerate	unparseable SMILES
betamipron	no aromatic nitrogen (cannot coordinate the heme iron)
betaxolol	unparseable SMILES
bethanechol	no aromatic nitrogen (cannot coordinate the heme iron)
BETP	unparseable SMILES
betulinic-acid	no aromatic nitrogen (cannot coordinate the heme iron)
bevantolol	no aromatic nitrogen (cannot coordinate the heme iron)
bevirimat-dimeglumine	no aromatic nitrogen (cannot coordinate the heme iron)
bexagliflozin	no aromatic nitrogen (cannot coordinate the heme iron)
bexarotene	no aromatic nitrogen (cannot coordinate the heme iron)
bezafibrate	no aromatic nitrogen (cannot coordinate the heme iron)
BGP-15	unparseable SMILES
BHQ	no aromatic nitrogen (cannot coordinate the heme iron)
BI-847325	no aromatic nitrogen (cannot coordinate the heme iron)
BI-D1870	unparseable SMILES
biapenem	unparseable SMILES
BIBN4096	54 heavy atoms > 45 (outside applicability domain)
BIBR-1532	no aromatic nitrogen (cannot coordinate the heme iron)
bicalutamide	no aromatic nitrogen (cannot coordinate the heme iron)
bicifadine	unparseable SMILES
bicuculline-___	no aromatic nitrogen (cannot coordinate the heme iron)
bicuculline-methochloride-_-_	no aromatic nitrogen (cannot coordinate the heme iron)
bicyclol	no aromatic nitrogen (cannot coordinate the heme iron)
bifemelane	no aromatic nitrogen (cannot coordinate the heme iron)
bifendate	no aromatic nitrogen (cannot coordinate the heme iron)
bifonazole	unparseable SMILES
bilobalide	no aromatic nitrogen (cannot coordinate the heme iron)
bimatoprost	no aromatic nitrogen (cannot coordinate the heme iron)
BIMU-8	unparseable SMILES
BINA	unparseable SMILES
BIO-1211	51 heavy atoms > 45 (outside applicability domain)
BIO-5192	55 heavy atoms > 45 (outside applicability domain)
biotin	no aromatic nitrogen (cannot coordinate the heme iron)
bipenamol	no aromatic nitrogen (cannot coordinate the heme iron)
biperiden	unparseable SMILES
birinapant	58 heavy atoms > 45 (outside applicability domain)
BIRT-377	no aromatic nitrogen (cannot coordinate the heme iron)
bis_maltolato_oxovanadium_IV_	no aromatic nitrogen (cannot coordinate the heme iron)
bisantrene	unparseable SMILES
bismuth-oxalate	no aromatic nitrogen (cannot coordinate the heme iron)
bismuth-subcitrate-potassium	unparseable SMILES
bismuth-subgallate	no aromatic nitrogen (cannot coordinate the heme iron)
bismuth-subsalicylate	no aromatic nitrogen (cannot coordinate the heme iron)
bismuth_III_-trifluoromethanesulfonate	no aromatic nitrogen (cannot coordinate the heme iron)
bisoctrizole	49 heavy atoms > 45 (outside applicability domain)
bisoprolol	no aromatic nitrogen (cannot coordinate the heme iron)
bisphenol-A	no aromatic nitrogen (cannot coordinate the heme iron)
bithionol	no aromatic nitrogen (cannot coordinate the heme iron)
bitoscanate	no aromatic nitrogen (cannot coordinate the heme iron)
bivalirudin	155 heavy atoms > 45 (outside applicability domain)
BIX-02188	no aromatic nitrogen (cannot coordinate the heme iron)
BIX-02189	no aromatic nitrogen (cannot coordinate the heme iron)
BL-5583	no aromatic nitrogen (cannot coordinate the heme iron)
blebbistatin-_-_	no aromatic nitrogen (cannot coordinate the heme iron)
blebbistatin-___-_	unparseable SMILES
bleomycetin	99 heavy atoms > 45 (outside applicability domain)
bleomycin	96 heavy atoms > 45 (outside applicability domain)
BMS-299897	no aromatic nitrogen (cannot coordinate the heme iron)
BMS-587101	no aromatic nitrogen (cannot coordinate the heme iron)
BMS-649	no aromatic nitrogen (cannot coordinate the heme iron)
BMS-906024	no aromatic nitrogen (cannot coordinate the heme iron)
BMS-983970	no aromatic nitrogen (cannot coordinate the heme iron)
BMS-CCR2-22	no aromatic nitrogen (cannot coordinate the heme iron)
BMY-7378	no aromatic nitrogen (cannot coordinate the heme iron)
BNC105	no aromatic nitrogen (cannot coordinate the heme iron)
BNTX	no aromatic nitrogen (cannot coordinate the heme iron)
boceprevir	unparseable SMILES
bonaphthone	no aromatic nitrogen (cannot coordinate the heme iron)
bornyl-acetate	unparseable SMILES
boronophenylalanine	no aromatic nitrogen (cannot coordinate the heme iron)
BP-554	no aromatic nitrogen (cannot coordinate the heme iron)
BP-897	no aromatic nitrogen (cannot coordinate the heme iron)
BQ-788	46 heavy atoms > 45 (outside applicability domain)
BQU57	unparseable SMILES
BRD9876	no aromatic nitrogen (cannot coordinate the heme iron)
brefeldin-A	unparseable SMILES
bremelanotide	74 heavy atoms > 45 (outside applicability domain)
bretylium	no aromatic nitrogen (cannot coordinate the heme iron)
briciclib	no aromatic nitrogen (cannot coordinate the heme iron)
brilliant-green	no aromatic nitrogen (cannot coordinate the heme iron)
brinzolamide	no aromatic nitrogen (cannot coordinate the heme iron)
brivudine	unparseable SMILES
BRL-15572	no aromatic nitrogen (cannot coordinate the heme iron)
BRL-26314	unparseable SMILES
BRL-37344	no aromatic nitrogen (cannot coordinate the heme iron)
BRL-44408	unparseable SMILES
BRL-50481	no aromatic nitrogen (cannot coordinate the heme iron)
BRL-52537	no aromatic nitrogen (cannot coordinate the heme iron)
brolitene	no aromatic nitrogen (cannot coordinate the heme iron)
bromantan	no aromatic nitrogen (cannot coordinate the heme iron)
bromebric-acid	no aromatic nitrogen (cannot coordinate the heme iron)
bromfenac	no aromatic nitrogen (cannot coordinate the heme iron)
bromhexine	no aromatic nitrogen (cannot coordinate the heme iron)
bromindione	no aromatic nitrogen (cannot coordinate the heme iron)
bromisoval	unparseable SMILES
bromopride	no aromatic nitrogen (cannot coordinate the heme iron)
bromperidol	no aromatic nitrogen (cannot coordinate the heme iron)
bronopol	no aromatic nitrogen (cannot coordinate the heme iron)
broxaterol	unparseable SMILES
bruceantin	unparseable SMILES
brucine	no aromatic nitrogen (cannot coordinate the heme iron)
BTB06584	no aromatic nitrogen (cannot coordinate the heme iron)
BTB1	no aromatic nitrogen (cannot coordinate the heme iron)
BTK-IN-1	unparseable SMILES
BTS	no aromatic nitrogen (cannot coordinate the heme iron)
BTS-54505	no aromatic nitrogen (cannot coordinate the heme iron)
BTS-72664	unparseable SMILES
BTZ043-racemate	unparseable SMILES
bucetin	unparseable SMILES
bucillamine	no aromatic nitrogen (cannot coordinate the heme iron)
bucladesine	unparseable SMILES
buclizine	no aromatic nitrogen (cannot coordinate the heme iron)
budesonide	unparseable SMILES
budipine	no aromatic nitrogen (cannot coordinate the heme iron)
bufexamac	no aromatic nitrogen (cannot coordinate the heme iron)
buflomedil	no aromatic nitrogen (cannot coordinate the heme iron)
bumetanide	no aromatic nitrogen (cannot coordinate the heme iron)
buparvaquone	unparseable SMILES
buphenine	no aromatic nitrogen (cannot coordinate the heme iron)
bupivacaine	unparseable SMILES
bupranolol	unparseable SMILES
bupropion	unparseable SMILES
buramate	no aromatic nitrogen (cannot coordinate the heme iron)
buserelin	89 heavy atoms > 45 (outside applicability domain)
busulfan	no aromatic nitrogen (cannot coordinate the heme iron)
butabindide	no aromatic nitrogen (cannot coordinate the heme iron)
butacaine	no aromatic nitrogen (cannot coordinate the heme iron)
butaclamol	no aromatic nitrogen (cannot coordinate the heme iron)
butalbital	no aromatic nitrogen (cannot coordinate the heme iron)
butamben	no aromatic nitrogen (cannot coordinate the heme iron)
butaprost	no aromatic nitrogen (cannot coordinate the heme iron)
butein	no aromatic nitrogen (cannot coordinate the heme iron)
butenafine	no aromatic nitrogen (cannot coordinate the heme iron)
buthionine-sulfoximine	unparseable SMILES
butibufen	unparseable SMILES
butoconazole	unparseable SMILES
butofilolol	unparseable SMILES
butyl-paraben	no aromatic nitrogen (cannot coordinate the heme iron)
butylated-hydroxyanisole	no aromatic nitrogen (cannot coordinate the heme iron)
butylated-hydroxytoluene	no aromatic nitrogen (cannot coordinate the heme iron)
butylidenephthalide	no aromatic nitrogen (cannot coordinate the heme iron)
butylphthalide	unparseable SMILES
butylscopolamine-bromide	unparseable SMILES
BVT-948	no aromatic nitrogen (cannot coordinate the heme iron)
BW-180C	no aromatic nitrogen (cannot coordinate the heme iron)
BW-373U86	no aromatic nitrogen (cannot coordinate the heme iron)
BW-616U	no aromatic nitrogen (cannot coordinate the heme iron)
BW-A4C	no aromatic nitrogen (cannot coordinate the heme iron)
BW-B70C	unparseable SMILES
C106	unparseable SMILES
C11-Acetate	no aromatic nitrogen (cannot coordinate the heme iron)
C188-9	no aromatic nitrogen (cannot coordinate the heme iron)
C34	no aromatic nitrogen (cannot coordinate the heme iron)
C646	no aromatic nitrogen (cannot coordinate the heme iron)
cabagin	no aromatic nitrogen (cannot coordinate the heme iron)
cabaletta	no aromatic nitrogen (cannot coordinate the heme iron)
cabazitaxel	60 heavy atoms > 45 (outside applicability domain)
CaCCinh-A01	unparseable SMILES
cadralazine	unparseable SMILES
cafestol	no aromatic nitrogen (cannot coordinate the heme iron)
caffeic-acid	no aromatic nitrogen (cannot coordinate the heme iron)
caffeic-acid-phenethyl-ester	no aromatic nitrogen (cannot coordinate the heme iron)
calcifediol	no aromatic nitrogen (cannot coordinate the heme iron)
calcipotriol	no aromatic nitrogen (cannot coordinate the heme iron)
calcitonin	238 heavy atoms > 45 (outside applicability domain)
calcitriol	no aromatic nitrogen (cannot coordinate the heme iron)
calcium-gluceptate	no aromatic nitrogen (cannot coordinate the heme iron)
Calhex-231	no aromatic nitrogen (cannot coordinate the heme iron)
calpeptin	no aromatic nitrogen (cannot coordinate the heme iron)
camicinal	no aromatic nitrogen (cannot coordinate the heme iron)
camobucol	no aromatic nitrogen (cannot coordinate the heme iron)
camostat-mesilate	no aromatic nitrogen (cannot coordinate the heme iron)
camphor-___	no aromatic nitrogen (cannot coordinate the heme iron)
camphor-_1R_	no aromatic nitrogen (cannot coordinate the heme iron)
camylofine-chlorhydrate	no aromatic nitrogen (cannot coordinate the heme iron)
canagliflozin	no aromatic nitrogen (cannot coordinate the heme iron)
candesartan-cilexetil	unparseable SMILES
candicidin	unparseable SMILES
canrenone	unparseable SMILES
cantharidin	no aromatic nitrogen (cannot coordinate the heme iron)
capobenic-acid	no aromatic nitrogen (cannot coordinate the heme iron)
capreomycin	46 heavy atoms > 45 (outside applicability domain)
capromorelin	no aromatic nitrogen (cannot coordinate the heme iron)
caprylic-acid	no aromatic nitrogen (cannot coordinate the heme iron)
capsaicin	no aromatic nitrogen (cannot coordinate the heme iron)
capsazepine	no aromatic nitrogen (cannot coordinate the heme iron)
captamine	no aromatic nitrogen (cannot coordinate the heme iron)
captan	unparseable SMILES
captopril	no aromatic nitrogen (cannot coordinate the heme iron)
caracemide	no aromatic nitrogen (cannot coordinate the heme iron)
caramiphen	no aromatic nitrogen (cannot coordinate the heme iron)
carazolol	unparseable SMILES
carbachol	no aromatic nitrogen (cannot coordinate the heme iron)
carbamazepine	no aromatic nitrogen (cannot coordinate the heme iron)
carbaril	no aromatic nitrogen (cannot coordinate the heme iron)
carbarsone	no aromatic nitrogen (cannot coordinate the heme iron)
carbazochrome	unparseable SMILES
carbenicillin	unparseable SMILES
carbenoxolone	no aromatic nitrogen (cannot coordinate the heme iron)
carbetapentane	no aromatic nitrogen (cannot coordinate the heme iron)
carbetocin	69 heavy atoms > 45 (outside applicability domain)
carbidopa	no aromatic nitrogen (cannot coordinate the heme iron)
carboplatin	no aromatic nitrogen (cannot coordinate the heme iron)
carebastine	no aromatic nitrogen (cannot coordinate the heme iron)
carfilzomib	52 heavy atoms > 45 (outside applicability domain)
carglumic-acid	no aromatic nitrogen (cannot coordinate the heme iron)
caricotamide	unparseable SMILES
cariporide	no aromatic nitrogen (cannot coordinate the heme iron)
cariprazine	no aromatic nitrogen (cannot coordinate the heme iron)
carmustine	no aromatic nitrogen (cannot coordinate the heme iron)
carnitine-_D_L_	no aromatic nitrogen (cannot coordinate the heme iron)
carnosine	unparseable SMILES
caroxazone	no aromatic nitrogen (cannot coordinate the heme iron)
carprofen	unparseable SMILES
carteolol	no aromatic nitrogen (cannot coordinate the heme iron)
carzenide	no aromatic nitrogen (cannot coordinate the heme iron)
casanthranol-variant	no aromatic nitrogen (cannot coordinate the heme iron)
casin	unparseable SMILES
caspofungin	77 heavy atoms > 45 (outside applicability domain)
castanospermine	no aromatic nitrogen (cannot coordinate the heme iron)
CAY10505	no aromatic nitrogen (cannot coordinate the heme iron)
CB-03-01	no aromatic nitrogen (cannot coordinate the heme iron)
CB-10-277	no aromatic nitrogen (cannot coordinate the heme iron)
CBS-1114	no aromatic nitrogen (cannot coordinate the heme iron)
CC-115	unparseable SMILES
CCG-1423	unparseable SMILES
CCT-031374	no aromatic nitrogen (cannot coordinate the heme iron)
CD-1530	no aromatic nitrogen (cannot coordinate the heme iron)
CD-437	no aromatic nitrogen (cannot coordinate the heme iron)
CDBA	unparseable SMILES
CE3F4	unparseable SMILES
cedrol	unparseable SMILES
cedrol-___	no aromatic nitrogen (cannot coordinate the heme iron)
cefaclor	no aromatic nitrogen (cannot coordinate the heme iron)
cefadroxil	no aromatic nitrogen (cannot coordinate the heme iron)
cefathiamidine	no aromatic nitrogen (cannot coordinate the heme iron)
cefepime	unparseable SMILES
cefiderocol	50 heavy atoms > 45 (outside applicability domain)
cefotetan	unparseable SMILES
cefotiam-cilexetil	unparseable SMILES
cefoxitin	no aromatic nitrogen (cannot coordinate the heme iron)
cefpodoxime	unparseable SMILES
cefprozil	no aromatic nitrogen (cannot coordinate the heme iron)
cefradine	unparseable SMILES
cefuroxime	no aromatic nitrogen (cannot coordinate the heme iron)
cefuroxime-axetil	unparseable SMILES
celgosivir	no aromatic nitrogen (cannot coordinate the heme iron)
celiprolol	no aromatic nitrogen (cannot coordinate the heme iron)
cenicriviroc	50 heavy atoms > 45 (outside applicability domain)
centanafadine	no aromatic nitrogen (cannot coordinate the heme iron)
centpropazine	unparseable SMILES
cephalexin	no aromatic nitrogen (cannot coordinate the heme iron)
cephalomannine	60 heavy atoms > 45 (outside applicability domain)
cephalosporin-c-zn	no aromatic nitrogen (cannot coordinate the heme iron)
cephalothin	no aromatic nitrogen (cannot coordinate the heme iron)
cepharanthine	no aromatic nitrogen (cannot coordinate the heme iron)
cephradine	unparseable SMILES
ceramide	no aromatic nitrogen (cannot coordinate the heme iron)
cerulenin	no aromatic nitrogen (cannot coordinate the heme iron)
ceruletide	94 heavy atoms > 45 (outside applicability domain)
cetaben	no aromatic nitrogen (cannot coordinate the heme iron)
cetirizine	no aromatic nitrogen (cannot coordinate the heme iron)
cetrimonium	no aromatic nitrogen (cannot coordinate the heme iron)
cetrorelix	102 heavy atoms > 45 (outside applicability domain)
cevimeline	unparseable SMILES
CFM-2	no aromatic nitrogen (cannot coordinate the heme iron)
CFTRinh-172	no aromatic nitrogen (cannot coordinate the heme iron)
CGK-733	unparseable SMILES
CGM097	47 heavy atoms > 45 (outside applicability domain)
CGP-13501	no aromatic nitrogen (cannot coordinate the heme iron)
CGP-20712A	unparseable SMILES
CGP-25454A	no aromatic nitrogen (cannot coordinate the heme iron)
CGP-37157	unparseable SMILES
CGP-37849	unparseable SMILES
CGP-39551	unparseable SMILES
CGP-52411	no aromatic nitrogen (cannot coordinate the heme iron)
CGP-53353	no aromatic nitrogen (cannot coordinate the heme iron)
CGP-54626	unparseable SMILES
CGP-55845	no aromatic nitrogen (cannot coordinate the heme iron)
CGP-7930	no aromatic nitrogen (cannot coordinate the heme iron)
CH55	no aromatic nitrogen (cannot coordinate the heme iron)
CHC	no aromatic nitrogen (cannot coordinate the heme iron)
chenodeoxycholic-acid	no aromatic nitrogen (cannot coordinate the heme iron)
CHF5074	no aromatic nitrogen (cannot coordinate the heme iron)
chicago-sky-blue-6b	unparseable SMILES
chloralose	no aromatic nitrogen (cannot coordinate the heme iron)
chlorambucil	no aromatic nitrogen (cannot coordinate the heme iron)
chloramine-T	no aromatic nitrogen (cannot coordinate the heme iron)
chloramphenicol	no aromatic nitrogen (cannot coordinate the heme iron)
chloramphenicol-palmitate	no aromatic nitrogen (cannot coordinate the heme iron)
chloramphenicol-sodium-succinate	no aromatic nitrogen (cannot coordinate the heme iron)
chlorcyclizine	no aromatic nitrogen (cannot coordinate the heme iron)
chlorfenson	no aromatic nitrogen (cannot coordinate the heme iron)
chlorhexidine	no aromatic nitrogen (cannot coordinate the heme iron)
chlorindanol	no aromatic nitrogen (cannot coordinate the heme iron)
chlorindione	no aromatic nitrogen (cannot coordinate the heme iron)
chlorisondamine-diiodide	no aromatic nitrogen (cannot coordinate the heme iron)
chlormadinone-acetate	unparseable SMILES
chlormezanone	unparseable SMILES
chlorobutanol	no aromatic nitrogen (cannot coordinate the heme iron)
chlorocresol	no aromatic nitrogen (cannot coordinate the heme iron)
chlorogenic-acid	no aromatic nitrogen (cannot coordinate the heme iron)
chlorophyllin-copper	unparseable SMILES
chloroprocaine	no aromatic nitrogen (cannot coordinate the heme iron)
chlorothiazide	no aromatic nitrogen (cannot coordinate the heme iron)
chlorothymol	no aromatic nitrogen (cannot coordinate the heme iron)
chlorotrianisene	no aromatic nitrogen (cannot coordinate the heme iron)
chloroxylenol	no aromatic nitrogen (cannot coordinate the heme iron)
chlorphenesin	unparseable SMILES
chlorphenoxamine	no aromatic nitrogen (cannot coordinate the heme iron)
chlorphensin-carbamate	unparseable SMILES
chlorproguanil	no aromatic nitrogen (cannot coordinate the heme iron)
chlorpromazine	no aromatic nitrogen (cannot coordinate the heme iron)
chlorpropamide	no aromatic nitrogen (cannot coordinate the heme iron)
chlorpropham	no aromatic nitrogen (cannot coordinate the heme iron)
chlorprothixene	no aromatic nitrogen (cannot coordinate the heme iron)
chlortetracycline	unparseable SMILES
chlorthalidone	unparseable SMILES
cholecalciferol	no aromatic nitrogen (cannot coordinate the heme iron)
cholesterol	no aromatic nitrogen (cannot coordinate the heme iron)
cholic-acid	no aromatic nitrogen (cannot coordinate the heme iron)
choline	no aromatic nitrogen (cannot coordinate the heme iron)
choline-alfoscerate	no aromatic nitrogen (cannot coordinate the heme iron)
CHPG	unparseable SMILES
chromanol-___-_	no aromatic nitrogen (cannot coordinate the heme iron)
_chromanol-293B-_-_-_3R_4S__	no aromatic nitrogen (cannot coordinate the heme iron)
chromocarb	no aromatic nitrogen (cannot coordinate the heme iron)
chrysin	no aromatic nitrogen (cannot coordinate the heme iron)
chrysophanic-acid	no aromatic nitrogen (cannot coordinate the heme iron)
CI-923	unparseable SMILES
CI-966	no aromatic nitrogen (cannot coordinate the heme iron)
CI-976	no aromatic nitrogen (cannot coordinate the heme iron)
ciaftalan-zinc	unparseable SMILES
cianidanol	no aromatic nitrogen (cannot coordinate the heme iron)
cibenzoline	unparseable SMILES
ciclesonide	unparseable SMILES
cicloprofen	unparseable SMILES
CID-16020046	unparseable SMILES
CID-2011756	no aromatic nitrogen (cannot coordinate the heme iron)
CID-5458317	unparseable SMILES
ciglitazone	no aromatic nitrogen (cannot coordinate the heme iron)
cilastatin	no aromatic nitrogen (cannot coordinate the heme iron)
cilazapril	no aromatic nitrogen (cannot coordinate the heme iron)
cilengitide	no aromatic nitrogen (cannot coordinate the heme iron)
cilnidipine	unparseable SMILES
cilomilast	no aromatic nitrogen (cannot coordinate the heme iron)
ciluprevir	55 heavy atoms > 45 (outside applicability domain)
CIM-0216	unparseable SMILES
cimaterol	unparseable SMILES
cimetropium	unparseable SMILES
cinacalcet	no aromatic nitrogen (cannot coordinate the heme iron)
cinaciguat	no aromatic nitrogen (cannot coordinate the heme iron)
cinanserin	no aromatic nitrogen (cannot coordinate the heme iron)
cinepazet	no aromatic nitrogen (cannot coordinate the heme iron)
cinepazide	no aromatic nitrogen (cannot coordinate the heme iron)
cinflumide	no aromatic nitrogen (cannot coordinate the heme iron)
cinnamaldehyde	no aromatic nitrogen (cannot coordinate the heme iron)
cinnarazine	no aromatic nitrogen (cannot coordinate the heme iron)
cinobufotalin	no aromatic nitrogen (cannot coordinate the heme iron)
cinoctramide	no aromatic nitrogen (cannot coordinate the heme iron)
cinoxate	no aromatic nitrogen (cannot coordinate the heme iron)
CINPA-1	no aromatic nitrogen (cannot coordinate the heme iron)
cinromide	no aromatic nitrogen (cannot coordinate the heme iron)
cintirorgon	no aromatic nitrogen (cannot coordinate the heme iron)
cintriamide	no aromatic nitrogen (cannot coordinate the heme iron)
cipemastat	no aromatic nitrogen (cannot coordinate the heme iron)
ciprofibrate	unparseable SMILES
CIQ	unparseable SMILES
cirazoline	no aromatic nitrogen (cannot coordinate the heme iron)
_cis-9_trans-11-conjugated-linoleic-acid_	no aromatic nitrogen (cannot coordinate the heme iron)
cis-aconitic-acid	no aromatic nitrogen (cannot coordinate the heme iron)
cis-ACPD	unparseable SMILES
_cis-exo-camphanediol-2_3_	no aromatic nitrogen (cannot coordinate the heme iron)
cisapride	no aromatic nitrogen (cannot coordinate the heme iron)
cisatracurium	67 heavy atoms > 45 (outside applicability domain)
cisplatin	no aromatic nitrogen (cannot coordinate the heme iron)
citalopram	no aromatic nitrogen (cannot coordinate the heme iron)
citicoline	unparseable SMILES
citiolone	unparseable SMILES
citric-acid	no aromatic nitrogen (cannot coordinate the heme iron)
CKD-712	no aromatic nitrogen (cannot coordinate the heme iron)
CL-225385	no aromatic nitrogen (cannot coordinate the heme iron)
CL316243	no aromatic nitrogen (cannot coordinate the heme iron)
clamikalant	no aromatic nitrogen (cannot coordinate the heme iron)
clanfenur	no aromatic nitrogen (cannot coordinate the heme iron)
clarithromycin	52 heavy atoms > 45 (outside applicability domain)
clavulanate	no aromatic nitrogen (cannot coordinate the heme iron)
clebopride	no aromatic nitrogen (cannot coordinate the heme iron)
clemastine	no aromatic nitrogen (cannot coordinate the heme iron)
clenbuterol	no aromatic nitrogen (cannot coordinate the heme iron)
cleviprex	unparseable SMILES
clidinium	unparseable SMILES
climbazole	unparseable SMILES
clindamycin	no aromatic nitrogen (cannot coordinate the heme iron)
clindamycin-palmitate	no aromatic nitrogen (cannot coordinate the heme iron)
clindamycin-phosphate	no aromatic nitrogen (cannot coordinate the heme iron)
clinofibrate	unparseable SMILES
clobetasol-propionate	unparseable SMILES
clobetasone-butyrate	unparseable SMILES
clobutinol	unparseable SMILES
clocortolone-pivalate	unparseable SMILES
clodronic-acid	no aromatic nitrogen (cannot coordinate the heme iron)
clofedanol	unparseable SMILES
clofibrate	no aromatic nitrogen (cannot coordinate the heme iron)
clofibric-acid	no aromatic nitrogen (cannot coordinate the heme iron)
clofilium	no aromatic nitrogen (cannot coordinate the heme iron)
clofoctol	no aromatic nitrogen (cannot coordinate the heme iron)
clomesone	no aromatic nitrogen (cannot coordinate the heme iron)
clomifene	no aromatic nitrogen (cannot coordinate the heme iron)
clomipramine	no aromatic nitrogen (cannot coordinate the heme iron)
clonidine	no aromatic nitrogen (cannot coordinate the heme iron)
clopamide	no aromatic nitrogen (cannot coordinate the heme iron)
cloperastine	no aromatic nitrogen (cannot coordinate the heme iron)
cloperastine-fendizoate	no aromatic nitrogen (cannot coordinate the heme iron)
clopidogrel	no aromatic nitrogen (cannot coordinate the heme iron)
cloprostenol-___-_	no aromatic nitrogen (cannot coordinate the heme iron)
cloranolol	no aromatic nitrogen (cannot coordinate the heme iron)
clorgiline	no aromatic nitrogen (cannot coordinate the heme iron)
clorotepine	no aromatic nitrogen (cannot coordinate the heme iron)
clorprenaline	no aromatic nitrogen (cannot coordinate the heme iron)
clorsulon	no aromatic nitrogen (cannot coordinate the heme iron)
closantel	no aromatic nitrogen (cannot coordinate the heme iron)
clotiapine	no aromatic nitrogen (cannot coordinate the heme iron)
clozapine	no aromatic nitrogen (cannot coordinate the heme iron)
CMPD-1	no aromatic nitrogen (cannot coordinate the heme iron)
CO-101244	no aromatic nitrogen (cannot coordinate the heme iron)
CO-102862	no aromatic nitrogen (cannot coordinate the heme iron)
cobicistat	54 heavy atoms > 45 (outside applicability domain)
cobimetinib	no aromatic nitrogen (cannot coordinate the heme iron)
coenzyme-A	unparseable SMILES
coenzyme-I	unparseable SMILES
coenzyme-Q10	unparseable SMILES
colchicine	no aromatic nitrogen (cannot coordinate the heme iron)
colforsin	unparseable SMILES
colforsin-daproate	no aromatic nitrogen (cannot coordinate the heme iron)
colfosceril-palmitate	unparseable SMILES
colistimethate	105 heavy atoms > 45 (outside applicability domain)
colistin	unparseable SMILES
combretastatin-A-4	no aromatic nitrogen (cannot coordinate the heme iron)
compound-58112	no aromatic nitrogen (cannot coordinate the heme iron)
compound-w	no aromatic nitrogen (cannot coordinate the heme iron)
convallatoxin	no aromatic nitrogen (cannot coordinate the heme iron)
copanlisib	unparseable SMILES
corosolic-acid	no aromatic nitrogen (cannot coordinate the heme iron)
corticosterone	no aromatic nitrogen (cannot coordinate the heme iron)
cortisone	no aromatic nitrogen (cannot coordinate the heme iron)
cortisone-acetate	no aromatic nitrogen (cannot coordinate the heme iron)
cortodoxone	no aromatic nitrogen (cannot coordinate the heme iron)
costunolide	unparseable SMILES
coumarin	no aromatic nitrogen (cannot coordinate the heme iron)
coumophos	no aromatic nitrogen (cannot coordinate the heme iron)
_CP-105_696_	no aromatic nitrogen (cannot coordinate the heme iron)
CP-471474	no aromatic nitrogen (cannot coordinate the heme iron)
CP-532623	no aromatic nitrogen (cannot coordinate the heme iron)
CP-640186	no aromatic nitrogen (cannot coordinate the heme iron)
CP-775146	no aromatic nitrogen (cannot coordinate the heme iron)
CP-99994	no aromatic nitrogen (cannot coordinate the heme iron)
CPA-inhibitor	unparseable SMILES
CPCCOEt	unparseable SMILES
CPI-1189	no aromatic nitrogen (cannot coordinate the heme iron)
CPI-613	unparseable SMILES
CPP	no aromatic nitrogen (cannot coordinate the heme iron)
CPSI-1306-___-_	unparseable SMILES
creatine	no aromatic nitrogen (cannot coordinate the heme iron)
creatinine	no aromatic nitrogen (cannot coordinate the heme iron)
creatinol-phosphate	no aromatic nitrogen (cannot coordinate the heme iron)
cresol	no aromatic nitrogen (cannot coordinate the heme iron)
cresopirine	no aromatic nitrogen (cannot coordinate the heme iron)
crisaborole	no aromatic nitrogen (cannot coordinate the heme iron)
crisdesalazine	no aromatic nitrogen (cannot coordinate the heme iron)
crolibulin	no aromatic nitrogen (cannot coordinate the heme iron)
cromakalim	no aromatic nitrogen (cannot coordinate the heme iron)
cromoglicic-acid	no aromatic nitrogen (cannot coordinate the heme iron)
crotamiton	no aromatic nitrogen (cannot coordinate the heme iron)
cryptotanshinone	no aromatic nitrogen (cannot coordinate the heme iron)
crystal-violet	unparseable SMILES
CS-110266	no aromatic nitrogen (cannot coordinate the heme iron)
CTS-1027	no aromatic nitrogen (cannot coordinate the heme iron)
CTS21166	63 heavy atoms > 45 (outside applicability domain)
CU-CPT-4a	no aromatic nitrogen (cannot coordinate the heme iron)
CUR-61414	no aromatic nitrogen (cannot coordinate the heme iron)
curcumin	no aromatic nitrogen (cannot coordinate the heme iron)
curcumol	no aromatic nitrogen (cannot coordinate the heme iron)
cutamesine	no aromatic nitrogen (cannot coordinate the heme iron)
CVT-10216	no aromatic nitrogen (cannot coordinate the heme iron)
CX-516	no aromatic nitrogen (cannot coordinate the heme iron)
cyacetacide	no aromatic nitrogen (cannot coordinate the heme iron)
cyamemazine	unparseable SMILES
cyanocobalamin	unparseable SMILES
cyclamic-acid	no aromatic nitrogen (cannot coordinate the heme iron)
cyclandelate	unparseable SMILES
cyclic-AMP	unparseable SMILES
cyclizine	no aromatic nitrogen (cannot coordinate the heme iron)
cyclobenzaprine	no aromatic nitrogen (cannot coordinate the heme iron)
cyclocreatine	no aromatic nitrogen (cannot coordinate the heme iron)
cycloheximide	no aromatic nitrogen (cannot coordinate the heme iron)
cyclopamine	unparseable SMILES
cyclopenthiazide	unparseable SMILES
cyclopentolate	no aromatic nitrogen (cannot coordinate the heme iron)
cyclophosphamide	no aromatic nitrogen (cannot coordinate the heme iron)
cyclopiazonic-acid	unparseable SMILES
cycloserine-_D_	no aromatic nitrogen (cannot coordinate the heme iron)
cyclosporin-A	unparseable SMILES
cyclothiazide	unparseable SMILES
cyclovalone	no aromatic nitrogen (cannot coordinate the heme iron)
cyclovirobuxin-D	no aromatic nitrogen (cannot coordinate the heme iron)
CYM-50358	no aromatic nitrogen (cannot coordinate the heme iron)
cypermethrin	unparseable SMILES
cyproheptadine	no aromatic nitrogen (cannot coordinate the heme iron)
cyproterone-acetate	unparseable SMILES
cysteamine	no aromatic nitrogen (cannot coordinate the heme iron)
cytochalasin-B	unparseable SMILES
D-___-maltose	no aromatic nitrogen (cannot coordinate the heme iron)
D-7193	no aromatic nitrogen (cannot coordinate the heme iron)
D-alpha-tocopheryl-succinate	no aromatic nitrogen (cannot coordinate the heme iron)
D-delta-tocopherol	no aromatic nitrogen (cannot coordinate the heme iron)
D-limonene	no aromatic nitrogen (cannot coordinate the heme iron)
D-phenylalanine	no aromatic nitrogen (cannot coordinate the heme iron)
D-serine	no aromatic nitrogen (cannot coordinate the heme iron)
_D_L-mevalonic-acid-lactone_	unparseable SMILES
D609	no aromatic nitrogen (cannot coordinate the heme iron)
DAA-1106	no aromatic nitrogen (cannot coordinate the heme iron)
dabigatran-etexilate	46 heavy atoms > 45 (outside applicability domain)
daclatasvir	54 heavy atoms > 45 (outside applicability domain)
dactinomycin	90 heavy atoms > 45 (outside applicability domain)
daidzein	no aromatic nitrogen (cannot coordinate the heme iron)
daidzin	no aromatic nitrogen (cannot coordinate the heme iron)
dalargin	unparseable SMILES
dalbavancin	128 heavy atoms > 45 (outside applicability domain)
dalcetrapib	no aromatic nitrogen (cannot coordinate the heme iron)
dalfopristin	unparseable SMILES
daltroban	no aromatic nitrogen (cannot coordinate the heme iron)
daminozide	no aromatic nitrogen (cannot coordinate the heme iron)
danegaptide	no aromatic nitrogen (cannot coordinate the heme iron)
danirixin	no aromatic nitrogen (cannot coordinate the heme iron)
danoprevir	51 heavy atoms > 45 (outside applicability domain)
dantrolene	no aromatic nitrogen (cannot coordinate the heme iron)
dantron	no aromatic nitrogen (cannot coordinate the heme iron)
dapagliflozin	no aromatic nitrogen (cannot coordinate the heme iron)
dapansutrile	no aromatic nitrogen (cannot coordinate the heme iron)
daphnetin	no aromatic nitrogen (cannot coordinate the heme iron)
dapoxetine	no aromatic nitrogen (cannot coordinate the heme iron)
dapsone	no aromatic nitrogen (cannot coordinate the heme iron)
DAPT	no aromatic nitrogen (cannot coordinate the heme iron)
daptomycin	115 heavy atoms > 45 (outside applicability domain)
darapladib	47 heavy atoms > 45 (outside applicability domain)
darifenacin	no aromatic nitrogen (cannot coordinate the heme iron)
darolutamide	unparseable SMILES
darunavir	no aromatic nitrogen (cannot coordinate the heme iron)
dasotraline	no aromatic nitrogen (cannot coordinate the heme iron)
DAU-5884	no aromatic nitrogen (cannot coordinate the heme iron)
daucosterol	no aromatic nitrogen (cannot coordinate the heme iron)
daunorubicin	no aromatic nitrogen (cannot coordinate the heme iron)
DBPR-211	49 heavy atoms > 45 (outside applicability domain)
DBPR108	no aromatic nitrogen (cannot coordinate the heme iron)
DC-260126	no aromatic nitrogen (cannot coordinate the heme iron)
DCP-LA	unparseable SMILES
DCPIB	unparseable SMILES
DDR1-IN-1	no aromatic nitrogen (cannot coordinate the heme iron)
debrisoquin	no aromatic nitrogen (cannot coordinate the heme iron)
decamethonium	no aromatic nitrogen (cannot coordinate the heme iron)
decamethoxine	unparseable SMILES
decernotinib	unparseable SMILES
declopramide	no aromatic nitrogen (cannot coordinate the heme iron)
decloxizine	no aromatic nitrogen (cannot coordinate the heme iron)
deferoxamine-mesylate	no aromatic nitrogen (cannot coordinate the heme iron)
deflazacort	unparseable SMILES
deforolimus	unparseable SMILES
degarelix	117 heavy atoms > 45 (outside applicability domain)
dehydroacetic-acid	no aromatic nitrogen (cannot coordinate the heme iron)
dehydrocholate	unparseable SMILES
dehydrocholate-acid	no aromatic nitrogen (cannot coordinate the heme iron)
dehydroepiandrosterone	no aromatic nitrogen (cannot coordinate the heme iron)
dehydroepiandrosterone-sulfate	no aromatic nitrogen (cannot coordinate the heme iron)
delapril	no aromatic nitrogen (cannot coordinate the heme iron)
delcasertib	201 heavy atoms > 45 (outside applicability domain)
delivert	75 heavy atoms > 45 (outside applicability domain)
delpazolid	no aromatic nitrogen (cannot coordinate the heme iron)
delphinidin	no aromatic nitrogen (cannot coordinate the heme iron)
delta-tocotrienol	no aromatic nitrogen (cannot coordinate the heme iron)
deltarasin	46 heavy atoms > 45 (outside applicability domain)
demecarium	no aromatic nitrogen (cannot coordinate the heme iron)
demeclocycline	unparseable SMILES
denatonium-benzoate	no aromatic nitrogen (cannot coordinate the heme iron)
denopamine	no aromatic nitrogen (cannot coordinate the heme iron)
deoxyarbutin	unparseable SMILES
deoxycholic-acid	no aromatic nitrogen (cannot coordinate the heme iron)
deoxycorticosterone-acetate	no aromatic nitrogen (cannot coordinate the heme iron)
deoxyepinephrine	no aromatic nitrogen (cannot coordinate the heme iron)
deptropine	unparseable SMILES
desipramine	no aromatic nitrogen (cannot coordinate the heme iron)
desisobutyryl-ciclesonide	unparseable SMILES
deslanoside	66 heavy atoms > 45 (outside applicability domain)
deslorelin	93 heavy atoms > 45 (outside applicability domain)
desmethylclozapine	no aromatic nitrogen (cannot coordinate the heme iron)
desmopressin-acetate	74 heavy atoms > 45 (outside applicability domain)
desogestrel	no aromatic nitrogen (cannot coordinate the heme iron)
desonide	unparseable SMILES
desoximetasone	unparseable SMILES
desoxycorticosterone-pivalate	no aromatic nitrogen (cannot coordinate the heme iron)
desoxycortone	no aromatic nitrogen (cannot coordinate the heme iron)
desoxypeganine	no aromatic nitrogen (cannot coordinate the heme iron)
desvenlafaxine	no aromatic nitrogen (cannot coordinate the heme iron)
dexamethasone	unparseable SMILES
dexamethasone-acetate	unparseable SMILES
dexfosfoserine	no aromatic nitrogen (cannot coordinate the heme iron)
dexloxiglumide	no aromatic nitrogen (cannot coordinate the heme iron)
dexniguldipine	unparseable SMILES
dexpanthenol	no aromatic nitrogen (cannot coordinate the heme iron)
dexrazoxane	no aromatic nitrogen (cannot coordinate the heme iron)
dextran	no aromatic nitrogen (cannot coordinate the heme iron)
dextromethorphan	no aromatic nitrogen (cannot coordinate the heme iron)
dextrose	no aromatic nitrogen (cannot coordinate the heme iron)
DFB	no aromatic nitrogen (cannot coordinate the heme iron)
DG-172	no aromatic nitrogen (cannot coordinate the heme iron)
DG051	no aromatic nitrogen (cannot coordinate the heme iron)
diacerein	no aromatic nitrogen (cannot coordinate the heme iron)
diacetamate	no aromatic nitrogen (cannot coordinate the heme iron)
diadenosine-tetraphosphate	unparseable SMILES
dianhydrogalactitol	no aromatic nitrogen (cannot coordinate the heme iron)
diarylpropionitrile	unparseable SMILES
diatrizoic-acid	no aromatic nitrogen (cannot coordinate the heme iron)
diazoxide	no aromatic nitrogen (cannot coordinate the heme iron)
dibekacin	no aromatic nitrogen (cannot coordinate the heme iron)
dibenzepine	no aromatic nitrogen (cannot coordinate the heme iron)
dibenzothiophene	no aromatic nitrogen (cannot coordinate the heme iron)
dibutyl-phthalate	no aromatic nitrogen (cannot coordinate the heme iron)
dichlorisone-acetate	unparseable SMILES
dichloroacetate	no aromatic nitrogen (cannot coordinate the heme iron)
dichlorophen	no aromatic nitrogen (cannot coordinate the heme iron)
dichlorvos	no aromatic nitrogen (cannot coordinate the heme iron)
diclazuril	unparseable SMILES
diclofenac	no aromatic nitrogen (cannot coordinate the heme iron)
diclofenamide	no aromatic nitrogen (cannot coordinate the heme iron)
diclofensine	no aromatic nitrogen (cannot coordinate the heme iron)
dicloralurea	unparseable SMILES
dicoumarol	no aromatic nitrogen (cannot coordinate the heme iron)
dicyclohexylamine	no aromatic nitrogen (cannot coordinate the heme iron)
dicycloverine	no aromatic nitrogen (cannot coordinate the heme iron)
didox	no aromatic nitrogen (cannot coordinate the heme iron)
dienestrol	no aromatic nitrogen (cannot coordinate the heme iron)
dienogest	unparseable SMILES
diethylcarbamazine	no aromatic nitrogen (cannot coordinate the heme iron)
diethylstilbestrol	no aromatic nitrogen (cannot coordinate the heme iron)
diethyltoluamide	no aromatic nitrogen (cannot coordinate the heme iron)
diflorasone-diacetate	unparseable SMILES
diflunisal	no aromatic nitrogen (cannot coordinate the heme iron)
difluprednate	unparseable SMILES
diftalone	no aromatic nitrogen (cannot coordinate the heme iron)
digitoxigenin	no aromatic nitrogen (cannot coordinate the heme iron)
digitoxin	54 heavy atoms > 45 (outside applicability domain)
digoxigenin	no aromatic nitrogen (cannot coordinate the heme iron)
digoxin	55 heavy atoms > 45 (outside applicability domain)
dihomo-gamma-linolenic-acid	no aromatic nitrogen (cannot coordinate the heme iron)
dihydrexidine	no aromatic nitrogen (cannot coordinate the heme iron)
dihydroartemisinin	no aromatic nitrogen (cannot coordinate the heme iron)
dihydromyricetin	no aromatic nitrogen (cannot coordinate the heme iron)
dihydrostreptomycin	80 heavy atoms > 45 (outside applicability domain)
dihydrotachysterol	unparseable SMILES
dihydroxyacetone	no aromatic nitrogen (cannot coordinate the heme iron)
dihydroxyphenylglycine	unparseable SMILES
diiodothyropropionic-acid	no aromatic nitrogen (cannot coordinate the heme iron)
dilazep	no aromatic nitrogen (cannot coordinate the heme iron)
diloxanide	no aromatic nitrogen (cannot coordinate the heme iron)
diltiazem	no aromatic nitrogen (cannot coordinate the heme iron)
dimaprit	no aromatic nitrogen (cannot coordinate the heme iron)
dimemorfan	no aromatic nitrogen (cannot coordinate the heme iron)
dimercaprol	unparseable SMILES
dimercaptosuccinic-acid	no aromatic nitrogen (cannot coordinate the heme iron)
dimesna	no aromatic nitrogen (cannot coordinate the heme iron)
dimethadione	no aromatic nitrogen (cannot coordinate the heme iron)
dimethicone	no aromatic nitrogen (cannot coordinate the heme iron)
dimethyl-fumarate	no aromatic nitrogen (cannot coordinate the heme iron)
dimethyl-isosorbide	unparseable SMILES
dimetindene	unparseable SMILES
diminazene-aceturate	no aromatic nitrogen (cannot coordinate the heme iron)
dinitolmide	no aromatic nitrogen (cannot coordinate the heme iron)
dinoprost	no aromatic nitrogen (cannot coordinate the heme iron)
dinoprostone	no aromatic nitrogen (cannot coordinate the heme iron)
dioscin	61 heavy atoms > 45 (outside applicability domain)
diosgenin	no aromatic nitrogen (cannot coordinate the heme iron)
diosmetin	no aromatic nitrogen (cannot coordinate the heme iron)
diosmin	no aromatic nitrogen (cannot coordinate the heme iron)
dioxybenzone	no aromatic nitrogen (cannot coordinate the heme iron)
dipeptamin	no aromatic nitrogen (cannot coordinate the heme iron)
diperodon	no aromatic nitrogen (cannot coordinate the heme iron)
diphemanil	no aromatic nitrogen (cannot coordinate the heme iron)
diphencyprone	no aromatic nitrogen (cannot coordinate the heme iron)
diphenhydramine	no aromatic nitrogen (cannot coordinate the heme iron)
diphenidol	no aromatic nitrogen (cannot coordinate the heme iron)
diphenyleneiodonium	no aromatic nitrogen (cannot coordinate the heme iron)
diphenylguanidine	no aromatic nitrogen (cannot coordinate the heme iron)
diphenylpyraline	no aromatic nitrogen (cannot coordinate the heme iron)
dipivefrine	no aromatic nitrogen (cannot coordinate the heme iron)
dipyrocetyl	no aromatic nitrogen (cannot coordinate the heme iron)
diquafosol	49 heavy atoms > 45 (outside applicability domain)
dirithromycin	58 heavy atoms > 45 (outside applicability domain)
diroximel-fumarate	no aromatic nitrogen (cannot coordinate the heme iron)
disodium-sebacate	no aromatic nitrogen (cannot coordinate the heme iron)
disulfiram	no aromatic nitrogen (cannot coordinate the heme iron)
dithranol	no aromatic nitrogen (cannot coordinate the heme iron)
ditiocarb-sodium-trihydrate	no aromatic nitrogen (cannot coordinate the heme iron)
ditolylguanidine	no aromatic nitrogen (cannot coordinate the heme iron)
dixanthogen	no aromatic nitrogen (cannot coordinate the heme iron)
dixyrazine	unparseable SMILES
dizocilpine-_-_	no aromatic nitrogen (cannot coordinate the heme iron)
dizocilpine-___	no aromatic nitrogen (cannot coordinate the heme iron)
DMeOB	no aromatic nitrogen (cannot coordinate the heme iron)
DMNB	no aromatic nitrogen (cannot coordinate the heme iron)
DMP-777	no aromatic nitrogen (cannot coordinate the heme iron)
DMPS	unparseable SMILES
DMSO	no aromatic nitrogen (cannot coordinate the heme iron)
dobutamine	no aromatic nitrogen (cannot coordinate the heme iron)
docebenone	unparseable SMILES
docetaxel	58 heavy atoms > 45 (outside applicability domain)
doconexent	no aromatic nitrogen (cannot coordinate the heme iron)
doconexent-ethyl-ester	no aromatic nitrogen (cannot coordinate the heme iron)
docosanol	no aromatic nitrogen (cannot coordinate the heme iron)
docusate	unparseable SMILES
dodecyl-sulfate	no aromatic nitrogen (cannot coordinate the heme iron)
dofetilide	no aromatic nitrogen (cannot coordinate the heme iron)
dolastatin-10	55 heavy atoms > 45 (outside applicability domain)
domiphen	no aromatic nitrogen (cannot coordinate the heme iron)
donepezil	no aromatic nitrogen (cannot coordinate the heme iron)
dopamine	no aromatic nitrogen (cannot coordinate the heme iron)
doramectin	unparseable SMILES
doripenem	no aromatic nitrogen (cannot coordinate the heme iron)
dorzolamide	no aromatic nitrogen (cannot coordinate the heme iron)
dosulepin	no aromatic nitrogen (cannot coordinate the heme iron)
DOTMP	no aromatic nitrogen (cannot coordinate the heme iron)
doxapram	no aromatic nitrogen (cannot coordinate the heme iron)
doxazosin	unparseable SMILES
doxepin	no aromatic nitrogen (cannot coordinate the heme iron)
doxercalciferol	no aromatic nitrogen (cannot coordinate the heme iron)
doxorubicin	no aromatic nitrogen (cannot coordinate the heme iron)
doxycycline	unparseable SMILES
DPC-681	47 heavy atoms > 45 (outside applicability domain)
DPI-201106	unparseable SMILES
DPO-1	no aromatic nitrogen (cannot coordinate the heme iron)
DPPE	no aromatic nitrogen (cannot coordinate the heme iron)
DQP-1105	unparseable SMILES
DR-4485	unparseable SMILES
drofenine	no aromatic nitrogen (cannot coordinate the heme iron)
droloxifene	no aromatic nitrogen (cannot coordinate the heme iron)
dromostanolone-propionate	unparseable SMILES
dronedarone	no aromatic nitrogen (cannot coordinate the heme iron)
dropropizine	unparseable SMILES
drospirenone	no aromatic nitrogen (cannot coordinate the heme iron)
drotaverine	no aromatic nitrogen (cannot coordinate the heme iron)
droxidopa	no aromatic nitrogen (cannot coordinate the heme iron)
droxinostat	no aromatic nitrogen (cannot coordinate the heme iron)
DSPC	unparseable SMILES
DU-728	no aromatic nitrogen (cannot coordinate the heme iron)
duloxetine	no aromatic nitrogen (cannot coordinate the heme iron)
DUP-697	no aromatic nitrogen (cannot coordinate the heme iron)
dutasteride	no aromatic nitrogen (cannot coordinate the heme iron)
DVD-111	no aromatic nitrogen (cannot coordinate the heme iron)
DWK-1339	no aromatic nitrogen (cannot coordinate the heme iron)
DY131	no aromatic nitrogen (cannot coordinate the heme iron)
dyclonine	no aromatic nitrogen (cannot coordinate the heme iron)
dydrogesterone	unparseable SMILES
dynasore	no aromatic nitrogen (cannot coordinate the heme iron)
dyphylline	unparseable SMILES
E-2001	no aromatic nitrogen (cannot coordinate the heme iron)
E-64	no aromatic nitrogen (cannot coordinate the heme iron)
E3330	unparseable SMILES
ebastine	no aromatic nitrogen (cannot coordinate the heme iron)
EBPC	unparseable SMILES
EC-23	no aromatic nitrogen (cannot coordinate the heme iron)
ecabapide	no aromatic nitrogen (cannot coordinate the heme iron)
ecabet	no aromatic nitrogen (cannot coordinate the heme iron)
ecamsule-triethanolamine	unparseable SMILES
echinomycin	unparseable SMILES
ectoine	no aromatic nitrogen (cannot coordinate the heme iron)
edaglitazone	unparseable SMILES
edasalonexent	no aromatic nitrogen (cannot coordinate the heme iron)
edelfosine	unparseable SMILES
editol	unparseable SMILES
edonerpic-maleate	no aromatic nitrogen (cannot coordinate the heme iron)
edrophonium	no aromatic nitrogen (cannot coordinate the heme iron)
EDTMP	no aromatic nitrogen (cannot coordinate the heme iron)
efaproxiral	no aromatic nitrogen (cannot coordinate the heme iron)
efaroxan	no aromatic nitrogen (cannot coordinate the heme iron)
efavirenz	no aromatic nitrogen (cannot coordinate the heme iron)
efinaconazole	unparseable SMILES
efletirizine	no aromatic nitrogen (cannot coordinate the heme iron)
eflornithine	no aromatic nitrogen (cannot coordinate the heme iron)
efloxate	no aromatic nitrogen (cannot coordinate the heme iron)
efonidipine	unparseable SMILES
eglumetad	no aromatic nitrogen (cannot coordinate the heme iron)
EIT-hydrobromide	no aromatic nitrogen (cannot coordinate the heme iron)
elacestrant	no aromatic nitrogen (cannot coordinate the heme iron)
elactocin	no aromatic nitrogen (cannot coordinate the heme iron)
elafibranor	no aromatic nitrogen (cannot coordinate the heme iron)
elbasvir	65 heavy atoms > 45 (outside applicability domain)
eldecalcitol	no aromatic nitrogen (cannot coordinate the heme iron)
elemene	no aromatic nitrogen (cannot coordinate the heme iron)
elesclomol	no aromatic nitrogen (cannot coordinate the heme iron)
eliglustat	no aromatic nitrogen (cannot coordinate the heme iron)
eliprodil	unparseable SMILES
ellagic-acid	no aromatic nitrogen (cannot coordinate the heme iron)
eltanolone	no aromatic nitrogen (cannot coordinate the heme iron)
eltoprazine	no aromatic nitrogen (cannot coordinate the heme iron)
eltrombopag	no aromatic nitrogen (cannot coordinate the heme iron)
emamectin	unparseable SMILES
embelin	no aromatic nitrogen (cannot coordinate the heme iron)
EMD-53998	unparseable SMILES
EMD534085	no aromatic nitrogen (cannot coordinate the heme iron)
emeramide	no aromatic nitrogen (cannot coordinate the heme iron)
emetine	no aromatic nitrogen (cannot coordinate the heme iron)
emiglitate	no aromatic nitrogen (cannot coordinate the heme iron)
emixustat	no aromatic nitrogen (cannot coordinate the heme iron)
emodepside	80 heavy atoms > 45 (outside applicability domain)
emodin	no aromatic nitrogen (cannot coordinate the heme iron)
empagliflozin	no aromatic nitrogen (cannot coordinate the heme iron)
emricasan	no aromatic nitrogen (cannot coordinate the heme iron)
EN460	no aromatic nitrogen (cannot coordinate the heme iron)
enalapril	no aromatic nitrogen (cannot coordinate the heme iron)
enalaprilat	no aromatic nitrogen (cannot coordinate the heme iron)
enbucrilate	no aromatic nitrogen (cannot coordinate the heme iron)
enciprazine	unparseable SMILES
endoxifen	no aromatic nitrogen (cannot coordinate the heme iron)
enflurane	unparseable SMILES
enoxolone	no aromatic nitrogen (cannot coordinate the heme iron)
entacapone	no aromatic nitrogen (cannot coordinate the heme iron)
enzalutamide	no aromatic nitrogen (cannot coordinate the heme iron)
EO-1428	no aromatic nitrogen (cannot coordinate the heme iron)
epalrestat	no aromatic nitrogen (cannot coordinate the heme iron)
eperezolid	no aromatic nitrogen (cannot coordinate the heme iron)
eperisone	no aromatic nitrogen (cannot coordinate the heme iron)
epetraborole	no aromatic nitrogen (cannot coordinate the heme iron)
ephedrine	no aromatic nitrogen (cannot coordinate the heme iron)
ephedrine-_racemic_	unparseable SMILES
epiandrosterone	no aromatic nitrogen (cannot coordinate the heme iron)
epicatechin-gallate-_-_	no aromatic nitrogen (cannot coordinate the heme iron)
epiestriol	no aromatic nitrogen (cannot coordinate the heme iron)
epigallocatechin-_-_	no aromatic nitrogen (cannot coordinate the heme iron)
epigallocatechin-gallate-_-_	no aromatic nitrogen (cannot coordinate the heme iron)
epinastine	unparseable SMILES
epinephrine	no aromatic nitrogen (cannot coordinate the heme iron)
epirubicin	no aromatic nitrogen (cannot coordinate the heme iron)
epitiostanol	no aromatic nitrogen (cannot coordinate the heme iron)
eplerenone	no aromatic nitrogen (cannot coordinate the heme iron)
epomediol	unparseable SMILES
epoprostenol	no aromatic nitrogen (cannot coordinate the heme iron)
EPPTB	no aromatic nitrogen (cannot coordinate the heme iron)
eprazinone	unparseable SMILES
eprinomectin	unparseable SMILES
epristeride	unparseable SMILES
eprobemide	no aromatic nitrogen (cannot coordinate the heme iron)
eprodisate	no aromatic nitrogen (cannot coordinate the heme iron)
eptifibatide	57 heavy atoms > 45 (outside applicability domain)
equilin	unparseable SMILES
equol	no aromatic nitrogen (cannot coordinate the heme iron)
erastin	unparseable SMILES
eravacycline	unparseable SMILES
erbstatin-analog	no aromatic nitrogen (cannot coordinate the heme iron)
ercalcitriol	no aromatic nitrogen (cannot coordinate the heme iron)
erdosteine	unparseable SMILES
ergocalciferol	no aromatic nitrogen (cannot coordinate the heme iron)
ergosterol	unparseable SMILES
eribulin	unparseable SMILES
ertapenem	unparseable SMILES
erteberel	no aromatic nitrogen (cannot coordinate the heme iron)
ertugliflozin	no aromatic nitrogen (cannot coordinate the heme iron)
erythritol	no aromatic nitrogen (cannot coordinate the heme iron)
erythromycin	51 heavy atoms > 45 (outside applicability domain)
erythromycin-estolate	55 heavy atoms > 45 (outside applicability domain)
erythromycin-ethylsuccinate	60 heavy atoms > 45 (outside applicability domain)
erythrosine	no aromatic nitrogen (cannot coordinate the heme iron)
esaprazole	no aromatic nitrogen (cannot coordinate the heme iron)
escin	79 heavy atoms > 45 (outside applicability domain)
escitalopram	no aromatic nitrogen (cannot coordinate the heme iron)
esculin	no aromatic nitrogen (cannot coordinate the heme iron)
eseroline-_-_	no aromatic nitrogen (cannot coordinate the heme iron)
eslicarbazepine-acetate	no aromatic nitrogen (cannot coordinate the heme iron)
esmolol	unparseable SMILES
esonarimod	unparseable SMILES
estetrol	no aromatic nitrogen (cannot coordinate the heme iron)
estradiol	no aromatic nitrogen (cannot coordinate the heme iron)
estradiol-3-O-sulfamate	no aromatic nitrogen (cannot coordinate the heme iron)
estradiol-acetate	no aromatic nitrogen (cannot coordinate the heme iron)
estradiol-benzoate	no aromatic nitrogen (cannot coordinate the heme iron)
estradiol-cypionate	no aromatic nitrogen (cannot coordinate the heme iron)
estradiol-valerate	no aromatic nitrogen (cannot coordinate the heme iron)
estramustine	unparseable SMILES
estramustine-phosphate	no aromatic nitrogen (cannot coordinate the heme iron)
estriol	no aromatic nitrogen (cannot coordinate the heme iron)
estrone	no aromatic nitrogen (cannot coordinate the heme iron)
estropipate	no aromatic nitrogen (cannot coordinate the heme iron)
etacrynic-acid	no aromatic nitrogen (cannot coordinate the heme iron)
etafenone	no aromatic nitrogen (cannot coordinate the heme iron)
etamsylate	no aromatic nitrogen (cannot coordinate the heme iron)
etebenecid	no aromatic nitrogen (cannot coordinate the heme iron)
eterobarb	no aromatic nitrogen (cannot coordinate the heme iron)
ethacizin	no aromatic nitrogen (cannot coordinate the heme iron)
ethambutol	no aromatic nitrogen (cannot coordinate the heme iron)
ethamivan	no aromatic nitrogen (cannot coordinate the heme iron)
ethanolamine-oleate	no aromatic nitrogen (cannot coordinate the heme iron)
ethenzamide	no aromatic nitrogen (cannot coordinate the heme iron)
ethinyl-estradiol	no aromatic nitrogen (cannot coordinate the heme iron)
ethisterone	no aromatic nitrogen (cannot coordinate the heme iron)
ethopabate	no aromatic nitrogen (cannot coordinate the heme iron)
ethosuximide	unparseable SMILES
ethotoin	no aromatic nitrogen (cannot coordinate the heme iron)
ethoxyquin	no aromatic nitrogen (cannot coordinate the heme iron)
ethyl-2-_carbamoyloxy_benzoate	no aromatic nitrogen (cannot coordinate the heme iron)
ethyl-paraben	no aromatic nitrogen (cannot coordinate the heme iron)
ethyl-pyruvate	no aromatic nitrogen (cannot coordinate the heme iron)
ethyl-vanillin	no aromatic nitrogen (cannot coordinate the heme iron)
ethylenediaminetetraacetic-acid	no aromatic nitrogen (cannot coordinate the heme iron)
ethylnorepinephrine	unparseable SMILES
ethynodiol-diacetate	no aromatic nitrogen (cannot coordinate the heme iron)
eticlopride	no aromatic nitrogen (cannot coordinate the heme iron)
etidronic-acid	no aromatic nitrogen (cannot coordinate the heme iron)
etifenin	no aromatic nitrogen (cannot coordinate the heme iron)
etifoxine	unparseable SMILES
etilefrine	no aromatic nitrogen (cannot coordinate the heme iron)
etilevodopa	no aromatic nitrogen (cannot coordinate the heme iron)
etodolac	unparseable SMILES
etofenamate	no aromatic nitrogen (cannot coordinate the heme iron)
etomoxir	no aromatic nitrogen (cannot coordinate the heme iron)
etonogestrel	no aromatic nitrogen (cannot coordinate the heme iron)
etoposide	no aromatic nitrogen (cannot coordinate the heme iron)
etoposide-phosphate	46 heavy atoms > 45 (outside applicability domain)
etosalamide	no aromatic nitrogen (cannot coordinate the heme iron)
etoxybamide	no aromatic nitrogen (cannot coordinate the heme iron)
etrabamine	unparseable SMILES
etretinate	no aromatic nitrogen (cannot coordinate the heme iron)
eucalyptol	no aromatic nitrogen (cannot coordinate the heme iron)
eucatropine	unparseable SMILES
eugenol	no aromatic nitrogen (cannot coordinate the heme iron)
EUK-134	unparseable SMILES
eupatilin	no aromatic nitrogen (cannot coordinate the heme iron)
evans-blue	unparseable SMILES
evenamide	no aromatic nitrogen (cannot coordinate the heme iron)
everolimus	unparseable SMILES
evocalcet	no aromatic nitrogen (cannot coordinate the heme iron)
evodiamine	unparseable SMILES
EVP-6124	no aromatic nitrogen (cannot coordinate the heme iron)
EX-527	unparseable SMILES
exalamide	no aromatic nitrogen (cannot coordinate the heme iron)
examorelin	65 heavy atoms > 45 (outside applicability domain)
exemestane	unparseable SMILES
exenatide	295 heavy atoms > 45 (outside applicability domain)
exifone	no aromatic nitrogen (cannot coordinate the heme iron)
exisulind	no aromatic nitrogen (cannot coordinate the heme iron)
EXO-1	no aromatic nitrogen (cannot coordinate the heme iron)
ezatiostat	no aromatic nitrogen (cannot coordinate the heme iron)
ezetimibe	no aromatic nitrogen (cannot coordinate the heme iron)
fagomine	no aromatic nitrogen (cannot coordinate the heme iron)
falecalcitriol	no aromatic nitrogen (cannot coordinate the heme iron)
famprofazone	unparseable SMILES
fananserin	no aromatic nitrogen (cannot coordinate the heme iron)
farnesyl-thiosalicylic-acid-amide	no aromatic nitrogen (cannot coordinate the heme iron)
faropenem	unparseable SMILES
faropenem-medoxomil	no aromatic nitrogen (cannot coordinate the heme iron)
fasoracetam	no aromatic nitrogen (cannot coordinate the heme iron)
FCE-22250	unparseable SMILES
febuprol	unparseable SMILES
felbamate	no aromatic nitrogen (cannot coordinate the heme iron)
felbinac	no aromatic nitrogen (cannot coordinate the heme iron)
felbinac-ethyl	no aromatic nitrogen (cannot coordinate the heme iron)
felodipine	unparseable SMILES
felypressin	72 heavy atoms > 45 (outside applicability domain)
fenaclon	no aromatic nitrogen (cannot coordinate the heme iron)
fenbufen	no aromatic nitrogen (cannot coordinate the heme iron)
fenclonine-___-_	no aromatic nitrogen (cannot coordinate the heme iron)
fendiline	no aromatic nitrogen (cannot coordinate the heme iron)
fenebrutinib	49 heavy atoms > 45 (outside applicability domain)
fenigam	unparseable SMILES
fenipentol	unparseable SMILES
fenobam	no aromatic nitrogen (cannot coordinate the heme iron)
fenofibrate	no aromatic nitrogen (cannot coordinate the heme iron)
fenofibric-acid	no aromatic nitrogen (cannot coordinate the heme iron)
fenoldopam	no aromatic nitrogen (cannot coordinate the heme iron)
fenoprofen	no aromatic nitrogen (cannot coordinate the heme iron)
fenoterol	unparseable SMILES
fenoverine	no aromatic nitrogen (cannot coordinate the heme iron)
fenretinide	no aromatic nitrogen (cannot coordinate the heme iron)
fenspiride	no aromatic nitrogen (cannot coordinate the heme iron)
fenthion	no aromatic nitrogen (cannot coordinate the heme iron)
FERb-033	no aromatic nitrogen (cannot coordinate the heme iron)
ferroquine	unparseable SMILES
ferrostatin-1	no aromatic nitrogen (cannot coordinate the heme iron)
ferulic-acid	no aromatic nitrogen (cannot coordinate the heme iron)
fesoterodine	no aromatic nitrogen (cannot coordinate the heme iron)
fexaramine	no aromatic nitrogen (cannot coordinate the heme iron)
fexofenadine	no aromatic nitrogen (cannot coordinate the heme iron)
FH-535	no aromatic nitrogen (cannot coordinate the heme iron)
FH1	no aromatic nitrogen (cannot coordinate the heme iron)
fidarestat	unparseable SMILES
fidaxomicin	unparseable SMILES
filanesib	no aromatic nitrogen (cannot coordinate the heme iron)
finasteride	no aromatic nitrogen (cannot coordinate the heme iron)
fingolimod	no aromatic nitrogen (cannot coordinate the heme iron)
fipexide	no aromatic nitrogen (cannot coordinate the heme iron)
fipronil	unparseable SMILES
firategrast	no aromatic nitrogen (cannot coordinate the heme iron)
firocoxib	no aromatic nitrogen (cannot coordinate the heme iron)
fisetin	no aromatic nitrogen (cannot coordinate the heme iron)
FIT	no aromatic nitrogen (cannot coordinate the heme iron)
FK-33-824	unparseable SMILES
FK-3311	no aromatic nitrogen (cannot coordinate the heme iron)
FK-409	unparseable SMILES
FK-962	no aromatic nitrogen (cannot coordinate the heme iron)
flavin-adenine-dinucleotide	unparseable SMILES
flavoxate	no aromatic nitrogen (cannot coordinate the heme iron)
flecainide	no aromatic nitrogen (cannot coordinate the heme iron)
FLI-06	unparseable SMILES
flindokalner	no aromatic nitrogen (cannot coordinate the heme iron)
floctafenine	unparseable SMILES
flopropione	no aromatic nitrogen (cannot coordinate the heme iron)
florfenicol	no aromatic nitrogen (cannot coordinate the heme iron)
fludrocortisone-acetate	no aromatic nitrogen (cannot coordinate the heme iron)
fludroxycortide	no aromatic nitrogen (cannot coordinate the heme iron)
flufenamic-acid	no aromatic nitrogen (cannot coordinate the heme iron)
flumecinol	unparseable SMILES
flumequine	unparseable SMILES
flumethasone	unparseable SMILES
flumethasone-pivalate	unparseable SMILES
flumexadol	unparseable SMILES
flunarizine	no aromatic nitrogen (cannot coordinate the heme iron)
flunisolide	unparseable SMILES
fluocinolone-acetonide	unparseable SMILES
fluocinonide	unparseable SMILES
fluorescein	no aromatic nitrogen (cannot coordinate the heme iron)
fluorometholone	unparseable SMILES
fluorometholone-acetate	unparseable SMILES
fluoromethylcholine	no aromatic nitrogen (cannot coordinate the heme iron)
fluoxetine	no aromatic nitrogen (cannot coordinate the heme iron)
flupentixol	no aromatic nitrogen (cannot coordinate the heme iron)
fluphenazine	no aromatic nitrogen (cannot coordinate the heme iron)
fluphenazine-decanoate	no aromatic nitrogen (cannot coordinate the heme iron)
fluprazine	no aromatic nitrogen (cannot coordinate the heme iron)
fluralaner	unparseable SMILES
flurbiprofen-___-_	unparseable SMILES
flurbiprofen-_S_-___	no aromatic nitrogen (cannot coordinate the heme iron)
flurbiprofen-axetil	unparseable SMILES
flurizan	no aromatic nitrogen (cannot coordinate the heme iron)
flurofamide	no aromatic nitrogen (cannot coordinate the heme iron)
flurothyl	no aromatic nitrogen (cannot coordinate the heme iron)
fluroxene	no aromatic nitrogen (cannot coordinate the heme iron)
fluspirilene	no aromatic nitrogen (cannot coordinate the heme iron)
flutamide	no aromatic nitrogen (cannot coordinate the heme iron)
fluticasone-propionate	unparseable SMILES
fluvoxamine	no aromatic nitrogen (cannot coordinate the heme iron)
fmoc-L-leucine	no aromatic nitrogen (cannot coordinate the heme iron)
fomocaine	no aromatic nitrogen (cannot coordinate the heme iron)
fondaparinux	91 heavy atoms > 45 (outside applicability domain)
foretinib	46 heavy atoms > 45 (outside applicability domain)
formestane	unparseable SMILES
formononetin	no aromatic nitrogen (cannot coordinate the heme iron)
formoterol	no aromatic nitrogen (cannot coordinate the heme iron)
forskolin	no aromatic nitrogen (cannot coordinate the heme iron)
fosamprenavir	no aromatic nitrogen (cannot coordinate the heme iron)
fosbretabulin	no aromatic nitrogen (cannot coordinate the heme iron)
foscarnet	no aromatic nitrogen (cannot coordinate the heme iron)
fosfestrol	no aromatic nitrogen (cannot coordinate the heme iron)
fosfomycin	no aromatic nitrogen (cannot coordinate the heme iron)
fosfosal	no aromatic nitrogen (cannot coordinate the heme iron)
fosfructose	no aromatic nitrogen (cannot coordinate the heme iron)
fosinopril	unparseable SMILES
fosinoprilat	unparseable SMILES
fosphenytoin	no aromatic nitrogen (cannot coordinate the heme iron)
fotemustine	unparseable SMILES
foxy-5	46 heavy atoms > 45 (outside applicability domain)
FPA-124	no aromatic nitrogen (cannot coordinate the heme iron)
FPH1-_BRD-6125_	no aromatic nitrogen (cannot coordinate the heme iron)
FPL-12495	no aromatic nitrogen (cannot coordinate the heme iron)
FPL-55712	unparseable SMILES
FPS-ZM1	no aromatic nitrogen (cannot coordinate the heme iron)
FT011	no aromatic nitrogen (cannot coordinate the heme iron)
ftaxilide	no aromatic nitrogen (cannot coordinate the heme iron)
fucoxanthin	48 heavy atoms > 45 (outside applicability domain)
fudosteine	no aromatic nitrogen (cannot coordinate the heme iron)
fulvestrant	unparseable SMILES
fumagillin	unparseable SMILES
fumonisin-B1	50 heavy atoms > 45 (outside applicability domain)
funapide	no aromatic nitrogen (cannot coordinate the heme iron)
furagin	no aromatic nitrogen (cannot coordinate the heme iron)
furaltadone	unparseable SMILES
furamidine	no aromatic nitrogen (cannot coordinate the heme iron)
furazolidone	no aromatic nitrogen (cannot coordinate the heme iron)
furosemide	no aromatic nitrogen (cannot coordinate the heme iron)
furvina	no aromatic nitrogen (cannot coordinate the heme iron)
fusidic-acid	no aromatic nitrogen (cannot coordinate the heme iron)
G-1	no aromatic nitrogen (cannot coordinate the heme iron)
G-15	unparseable SMILES
g-caryophyllene	no aromatic nitrogen (cannot coordinate the heme iron)
GABA-linoleamide	no aromatic nitrogen (cannot coordinate the heme iron)
gabapentin	no aromatic nitrogen (cannot coordinate the heme iron)
gabapentin-enacarbil	unparseable SMILES
gabexate	no aromatic nitrogen (cannot coordinate the heme iron)
gadobutrol	unparseable SMILES
gadodiamide	no aromatic nitrogen (cannot coordinate the heme iron)
gadopentetic-acid	no aromatic nitrogen (cannot coordinate the heme iron)
gadoterate-meglumine	no aromatic nitrogen (cannot coordinate the heme iron)
gadoteridol	unparseable SMILES
galantamine	no aromatic nitrogen (cannot coordinate the heme iron)
galeterone	unparseable SMILES
gallamine-triethiodide	no aromatic nitrogen (cannot coordinate the heme iron)
gallic-acid	no aromatic nitrogen (cannot coordinate the heme iron)
gallopamil	no aromatic nitrogen (cannot coordinate the heme iron)
gambogic-acid	unparseable SMILES
gamithromycin	54 heavy atoms > 45 (outside applicability domain)
gamma-aminobutyric-acid	no aromatic nitrogen (cannot coordinate the heme iron)
gamma-linolenic-acid	no aromatic nitrogen (cannot coordinate the heme iron)
ganaxolone	no aromatic nitrogen (cannot coordinate the heme iron)
ganoderic-acid-a	no aromatic nitrogen (cannot coordinate the heme iron)
gastrodin	no aromatic nitrogen (cannot coordinate the heme iron)
GBR-12783	no aromatic nitrogen (cannot coordinate the heme iron)
GBR-12935	no aromatic nitrogen (cannot coordinate the heme iron)
GBR-13069	no aromatic nitrogen (cannot coordinate the heme iron)
GDC-0834	unparseable SMILES
GDC-0927	no aromatic nitrogen (cannot coordinate the heme iron)
GDC-0994	unparseable SMILES
gedunin	no aromatic nitrogen (cannot coordinate the heme iron)
geldanamycin	unparseable SMILES
gemcadiol	no aromatic nitrogen (cannot coordinate the heme iron)
gemfibrozil	no aromatic nitrogen (cannot coordinate the heme iron)
genipin	unparseable SMILES
geniposide	unparseable SMILES
geniposidic-acid	unparseable SMILES
genistein	no aromatic nitrogen (cannot coordinate the heme iron)
gentamycin	no aromatic nitrogen (cannot coordinate the heme iron)
gentiopicrin	unparseable SMILES
genz-123346	no aromatic nitrogen (cannot coordinate the heme iron)
gepefrine	unparseable SMILES
gepon	unparseable SMILES
geranyl-farnesylacetate	no aromatic nitrogen (cannot coordinate the heme iron)
gestodene	unparseable SMILES
gestrinone	unparseable SMILES
GGsTop	unparseable SMILES
GGTI-298	no aromatic nitrogen (cannot coordinate the heme iron)
ginkgolide-A	no aromatic nitrogen (cannot coordinate the heme iron)
ginkgolide-B	no aromatic nitrogen (cannot coordinate the heme iron)
ginsenoside-C-K	no aromatic nitrogen (cannot coordinate the heme iron)
ginsenoside-RD	unparseable SMILES
ginsenoside-RE	66 heavy atoms > 45 (outside applicability domain)
ginsenoside-RE3	unparseable SMILES
givinostat	no aromatic nitrogen (cannot coordinate the heme iron)
glecaprevir	58 heavy atoms > 45 (outside applicability domain)
gliclazide	unparseable SMILES
glimepiride	unparseable SMILES
gliquidone	no aromatic nitrogen (cannot coordinate the heme iron)
Gln-1062	no aromatic nitrogen (cannot coordinate the heme iron)
GLPG0492	no aromatic nitrogen (cannot coordinate the heme iron)
GLPG0492-R-enantiomer	no aromatic nitrogen (cannot coordinate the heme iron)
glucaric-acid	no aromatic nitrogen (cannot coordinate the heme iron)
gluconolactone	no aromatic nitrogen (cannot coordinate the heme iron)
glucosamine	no aromatic nitrogen (cannot coordinate the heme iron)
glutathione	no aromatic nitrogen (cannot coordinate the heme iron)
glutathione-monoisopropyl-ester	no aromatic nitrogen (cannot coordinate the heme iron)
gly-gln	no aromatic nitrogen (cannot coordinate the heme iron)
glyburide	no aromatic nitrogen (cannot coordinate the heme iron)
glycerol-monolaurate	unparseable SMILES
glycerol-phenylbutyrate	no aromatic nitrogen (cannot coordinate the heme iron)
glycitein	no aromatic nitrogen (cannot coordinate the heme iron)
glycopyrrolate	unparseable SMILES
GM-1485	no aromatic nitrogen (cannot coordinate the heme iron)
golgicide-A	unparseable SMILES
golvatinib	46 heavy atoms > 45 (outside applicability domain)
gonadorelin	85 heavy atoms > 45 (outside applicability domain)
goserelin-acetate	91 heavy atoms > 45 (outside applicability domain)
gossypol	no aromatic nitrogen (cannot coordinate the heme iron)
GPi-688	unparseable SMILES
GR-103691	no aromatic nitrogen (cannot coordinate the heme iron)
GR-144053	no aromatic nitrogen (cannot coordinate the heme iron)
GR-235	no aromatic nitrogen (cannot coordinate the heme iron)
gramicidin	136 heavy atoms > 45 (outside applicability domain)
granisetron	unparseable SMILES
grazoprevir	54 heavy atoms > 45 (outside applicability domain)
griseofulvin	no aromatic nitrogen (cannot coordinate the heme iron)
GS-143	no aromatic nitrogen (cannot coordinate the heme iron)
GSK-3-inhibitor-IX	no aromatic nitrogen (cannot coordinate the heme iron)
GSK-LSD-1	no aromatic nitrogen (cannot coordinate the heme iron)
GSK0660	no aromatic nitrogen (cannot coordinate the heme iron)
GSK1562590	no aromatic nitrogen (cannot coordinate the heme iron)
GSK1904529A	61 heavy atoms > 45 (outside applicability domain)
GSK2190915	46 heavy atoms > 45 (outside applicability domain)
GSK2193874	46 heavy atoms > 45 (outside applicability domain)
GSK2330672	no aromatic nitrogen (cannot coordinate the heme iron)
GSK2837808A	46 heavy atoms > 45 (outside applicability domain)
GSK2838232	57 heavy atoms > 45 (outside applicability domain)
GSK2879552	no aromatic nitrogen (cannot coordinate the heme iron)
GSK2981278	no aromatic nitrogen (cannot coordinate the heme iron)
GSK37647	no aromatic nitrogen (cannot coordinate the heme iron)
GSK429286A	unparseable SMILES
GSK656	no aromatic nitrogen (cannot coordinate the heme iron)
guacetisal	no aromatic nitrogen (cannot coordinate the heme iron)
guaiacol	no aromatic nitrogen (cannot coordinate the heme iron)
guaifenesin	unparseable SMILES
guanaben-acetate	no aromatic nitrogen (cannot coordinate the heme iron)
guanadrel	no aromatic nitrogen (cannot coordinate the heme iron)
guancydine	no aromatic nitrogen (cannot coordinate the heme iron)
guanethidine	no aromatic nitrogen (cannot coordinate the heme iron)
guanfacine	no aromatic nitrogen (cannot coordinate the heme iron)
guanidine	no aromatic nitrogen (cannot coordinate the heme iron)
guanidinoethyldisulfide-bicarbonate	no aromatic nitrogen (cannot coordinate the heme iron)
guanidinopropionic-acid	no aromatic nitrogen (cannot coordinate the heme iron)
guvacine	no aromatic nitrogen (cannot coordinate the heme iron)
GW-311616	no aromatic nitrogen (cannot coordinate the heme iron)
GW-3965	no aromatic nitrogen (cannot coordinate the heme iron)
GW-5074	no aromatic nitrogen (cannot coordinate the heme iron)
GW-542573X	no aromatic nitrogen (cannot coordinate the heme iron)
GW-627368	no aromatic nitrogen (cannot coordinate the heme iron)
GW-7647	no aromatic nitrogen (cannot coordinate the heme iron)
GW-9508	no aromatic nitrogen (cannot coordinate the heme iron)
GW-9662	no aromatic nitrogen (cannot coordinate the heme iron)
GW274150	no aromatic nitrogen (cannot coordinate the heme iron)
GYKI-52466	unparseable SMILES
gynostemma-extract	64 heavy atoms > 45 (outside applicability domain)
H2L-5765834	no aromatic nitrogen (cannot coordinate the heme iron)
HA-130	no aromatic nitrogen (cannot coordinate the heme iron)
HA-966-_R_-___	no aromatic nitrogen (cannot coordinate the heme iron)
HA-966-_S_-_-_	no aromatic nitrogen (cannot coordinate the heme iron)
HA14-1	unparseable SMILES
halazone	no aromatic nitrogen (cannot coordinate the heme iron)
halcinonide	no aromatic nitrogen (cannot coordinate the heme iron)
halobetasol-propionate	unparseable SMILES
halofantrine	no aromatic nitrogen (cannot coordinate the heme iron)
haloperidol	no aromatic nitrogen (cannot coordinate the heme iron)
haloperidol-decanoate	no aromatic nitrogen (cannot coordinate the heme iron)
haloprogin	no aromatic nitrogen (cannot coordinate the heme iron)
halothane	unparseable SMILES
harringtonine	no aromatic nitrogen (cannot coordinate the heme iron)
HBED	no aromatic nitrogen (cannot coordinate the heme iron)
heclin	no aromatic nitrogen (cannot coordinate the heme iron)
hematoporphyrin	unparseable SMILES
hematoxylin	no aromatic nitrogen (cannot coordinate the heme iron)
hemin	unparseable SMILES
hemomex-s	no aromatic nitrogen (cannot coordinate the heme iron)
hepsulfam	no aromatic nitrogen (cannot coordinate the heme iron)
heptaminol	no aromatic nitrogen (cannot coordinate the heme iron)
hesperadin	no aromatic nitrogen (cannot coordinate the heme iron)
hesperetin	no aromatic nitrogen (cannot coordinate the heme iron)
hesperidin	no aromatic nitrogen (cannot coordinate the heme iron)
hetacillin	no aromatic nitrogen (cannot coordinate the heme iron)
hexachlorophene	no aromatic nitrogen (cannot coordinate the heme iron)
hexamethonium	no aromatic nitrogen (cannot coordinate the heme iron)
hexamethylenebisacetamide	no aromatic nitrogen (cannot coordinate the heme iron)
hexaminolevulinate	no aromatic nitrogen (cannot coordinate the heme iron)
hexasodium-phytate	no aromatic nitrogen (cannot coordinate the heme iron)
hexestrol	no aromatic nitrogen (cannot coordinate the heme iron)
hexetidine	unparseable SMILES
hexonic-acid	unparseable SMILES
hexoprenaline	unparseable SMILES
hexylcaine	no aromatic nitrogen (cannot coordinate the heme iron)
hexylene-glycol	unparseable SMILES
hexylresorcinol	no aromatic nitrogen (cannot coordinate the heme iron)
higenamine	no aromatic nitrogen (cannot coordinate the heme iron)
hippuric-acid	no aromatic nitrogen (cannot coordinate the heme iron)
HM-30181	51 heavy atoms > 45 (outside applicability domain)
HOKU-81	no aromatic nitrogen (cannot coordinate the heme iron)
homatropine	unparseable SMILES
homatropine-methylbromide	unparseable SMILES
homochlorcyclizine	no aromatic nitrogen (cannot coordinate the heme iron)
homoharringtonine	no aromatic nitrogen (cannot coordinate the heme iron)
homosalate	unparseable SMILES
homoveratrylamine	no aromatic nitrogen (cannot coordinate the heme iron)
honokiol	no aromatic nitrogen (cannot coordinate the heme iron)
hordenine	no aromatic nitrogen (cannot coordinate the heme iron)
HP-228	71 heavy atoms > 45 (outside applicability domain)
HPPH	47 heavy atoms > 45 (outside applicability domain)
HQK-1001	no aromatic nitrogen (cannot coordinate the heme iron)
HT-2157	no aromatic nitrogen (cannot coordinate the heme iron)
HTHQ	no aromatic nitrogen (cannot coordinate the heme iron)
hyaluronic-acid	no aromatic nitrogen (cannot coordinate the heme iron)
hycanthone	no aromatic nitrogen (cannot coordinate the heme iron)
_hydrastine-_1R_9S__	no aromatic nitrogen (cannot coordinate the heme iron)
hydrastinine	no aromatic nitrogen (cannot coordinate the heme iron)
hydrochlorothiazide	no aromatic nitrogen (cannot coordinate the heme iron)
hydrocortisone	no aromatic nitrogen (cannot coordinate the heme iron)
hydrocortisone-acetate	no aromatic nitrogen (cannot coordinate the heme iron)
hydrocortisone-butyrate	no aromatic nitrogen (cannot coordinate the heme iron)
hydrocortisone-hemisuccinate	no aromatic nitrogen (cannot coordinate the heme iron)
hydrocortisone-phosphate	unparseable SMILES
hydrocortisone-valerate	no aromatic nitrogen (cannot coordinate the heme iron)
hydroflumethiazide	no aromatic nitrogen (cannot coordinate the heme iron)
hydroquinone	no aromatic nitrogen (cannot coordinate the heme iron)
hydroxocobalamin	unparseable SMILES
hydroxyamphetamine	no aromatic nitrogen (cannot coordinate the heme iron)
hydroxyprogesterone	no aromatic nitrogen (cannot coordinate the heme iron)
hydroxyprogesterone-acetate	no aromatic nitrogen (cannot coordinate the heme iron)
hydroxypropyl-beta-cyclodextrin	unparseable SMILES
hydroxysafflor-yellow-A	unparseable SMILES
hydroxystilbamidine	no aromatic nitrogen (cannot coordinate the heme iron)
hydroxytoluic-acid	no aromatic nitrogen (cannot coordinate the heme iron)
hydroxyurea	no aromatic nitrogen (cannot coordinate the heme iron)
hydroxyzine	no aromatic nitrogen (cannot coordinate the heme iron)
hygromycin-B	unparseable SMILES
hymecromone	no aromatic nitrogen (cannot coordinate the heme iron)
hyodeoxycholic-acid	no aromatic nitrogen (cannot coordinate the heme iron)
hyoscyamine	no aromatic nitrogen (cannot coordinate the heme iron)
hypericin	no aromatic nitrogen (cannot coordinate the heme iron)
hyperin	unparseable SMILES
hypoestoxide	no aromatic nitrogen (cannot coordinate the heme iron)
I-BZA	no aromatic nitrogen (cannot coordinate the heme iron)
I-BZA2	no aromatic nitrogen (cannot coordinate the heme iron)
I-CBP-112	no aromatic nitrogen (cannot coordinate the heme iron)
ibandronate	no aromatic nitrogen (cannot coordinate the heme iron)
iberdomide	no aromatic nitrogen (cannot coordinate the heme iron)
ibotenic-acid	unparseable SMILES
ibrolipim	no aromatic nitrogen (cannot coordinate the heme iron)
ibuprofen	unparseable SMILES
ibuprofen-_S_	no aromatic nitrogen (cannot coordinate the heme iron)
ibuprofen-lysine	unparseable SMILES
ibuprofen-piconol	unparseable SMILES
ibuproxam	no aromatic nitrogen (cannot coordinate the heme iron)
ibutamoren	no aromatic nitrogen (cannot coordinate the heme iron)
ibutilide	no aromatic nitrogen (cannot coordinate the heme iron)
IC261	no aromatic nitrogen (cannot coordinate the heme iron)
icariin	48 heavy atoms > 45 (outside applicability domain)
icaritin	no aromatic nitrogen (cannot coordinate the heme iron)
icatibant-acetate	92 heavy atoms > 45 (outside applicability domain)
ICG-001	no aromatic nitrogen (cannot coordinate the heme iron)
_ICI-118_551_	no aromatic nitrogen (cannot coordinate the heme iron)
_ICI-185_282_	no aromatic nitrogen (cannot coordinate the heme iron)
ICI-192605	no aromatic nitrogen (cannot coordinate the heme iron)
ICI-199441	no aromatic nitrogen (cannot coordinate the heme iron)
_ICI-215_001_	no aromatic nitrogen (cannot coordinate the heme iron)
ICI-89406	unparseable SMILES
icilin	no aromatic nitrogen (cannot coordinate the heme iron)
iclaprim	unparseable SMILES
icomucret	no aromatic nitrogen (cannot coordinate the heme iron)
icosapent	no aromatic nitrogen (cannot coordinate the heme iron)
ID-1101	no aromatic nitrogen (cannot coordinate the heme iron)
idarubicin	no aromatic nitrogen (cannot coordinate the heme iron)
idasanutlin	no aromatic nitrogen (cannot coordinate the heme iron)
idazoxan	unparseable SMILES
idebenone	unparseable SMILES
IDF-11774	no aromatic nitrogen (cannot coordinate the heme iron)
IDRA-21	unparseable SMILES
idramantone	unparseable SMILES
idronoxil	no aromatic nitrogen (cannot coordinate the heme iron)
IEM1460	no aromatic nitrogen (cannot coordinate the heme iron)
IEM1754	no aromatic nitrogen (cannot coordinate the heme iron)
ifenprodil	unparseable SMILES
ifosfamide	no aromatic nitrogen (cannot coordinate the heme iron)
igmesine	no aromatic nitrogen (cannot coordinate the heme iron)
iguratimod	no aromatic nitrogen (cannot coordinate the heme iron)
IKK-2-inhibitor	no aromatic nitrogen (cannot coordinate the heme iron)
IKK-2-inhibitor-V	no aromatic nitrogen (cannot coordinate the heme iron)
ilaprazole	unparseable SMILES
ilepcimide	no aromatic nitrogen (cannot coordinate the heme iron)
iloprost	unparseable SMILES
imeglimin	unparseable SMILES
imexon	unparseable SMILES
imidapril	no aromatic nitrogen (cannot coordinate the heme iron)
imidurea	unparseable SMILES
imipenem	no aromatic nitrogen (cannot coordinate the heme iron)
imipramine	no aromatic nitrogen (cannot coordinate the heme iron)
imirestat	no aromatic nitrogen (cannot coordinate the heme iron)
IMREG-1	no aromatic nitrogen (cannot coordinate the heme iron)
inarigivir	unparseable SMILES
inarigivir-soproxil	unparseable SMILES
INCA-6	unparseable SMILES
incyclinide	unparseable SMILES
indapamide	unparseable SMILES
indatraline	no aromatic nitrogen (cannot coordinate the heme iron)
indeloxazine	unparseable SMILES
indirubin	no aromatic nitrogen (cannot coordinate the heme iron)
indirubin-3-monoxime	no aromatic nitrogen (cannot coordinate the heme iron)
indium-tri_2-propanolate_	no aromatic nitrogen (cannot coordinate the heme iron)
indium_III_-isopropoxide	no aromatic nitrogen (cannot coordinate the heme iron)
indobufen	unparseable SMILES
indocyanine-green	53 heavy atoms > 45 (outside applicability domain)
indoprofen	unparseable SMILES
ingenol	unparseable SMILES
ingenol-mebutate	unparseable SMILES
inimur	unparseable SMILES
iniparib	no aromatic nitrogen (cannot coordinate the heme iron)
inositol	no aromatic nitrogen (cannot coordinate the heme iron)
inositol-hexanicotinate	60 heavy atoms > 45 (outside applicability domain)
INS316	unparseable SMILES
INT-747	no aromatic nitrogen (cannot coordinate the heme iron)
INT-767	no aromatic nitrogen (cannot coordinate the heme iron)
INX-08189	46 heavy atoms > 45 (outside applicability domain)
iobenguane	no aromatic nitrogen (cannot coordinate the heme iron)
iocetamic-acid	unparseable SMILES
iodipamide	no aromatic nitrogen (cannot coordinate the heme iron)
iodixanol	unparseable SMILES
iododexetimide	unparseable SMILES
iohexol	unparseable SMILES
iopamidol	no aromatic nitrogen (cannot coordinate the heme iron)
iopanic-acid	unparseable SMILES
iopodic-acid	no aromatic nitrogen (cannot coordinate the heme iron)
iopromide	unparseable SMILES
iothalamic-acid-d3	no aromatic nitrogen (cannot coordinate the heme iron)
ioversol	unparseable SMILES
ioxaglic-acid	no aromatic nitrogen (cannot coordinate the heme iron)
ioxilan	unparseable SMILES
IPA-3	no aromatic nitrogen (cannot coordinate the heme iron)
IPAG	no aromatic nitrogen (cannot coordinate the heme iron)
ipragliflozin-L-proline	no aromatic nitrogen (cannot coordinate the heme iron)
ipratropium	unparseable SMILES
ipriflavone	no aromatic nitrogen (cannot coordinate the heme iron)
irganox-1010	85 heavy atoms > 45 (outside applicability domain)
iRGD-peptide	64 heavy atoms > 45 (outside applicability domain)
irosustat	no aromatic nitrogen (cannot coordinate the heme iron)
isavuconazole	unparseable SMILES
isepamicin	no aromatic nitrogen (cannot coordinate the heme iron)
ISO-1	unparseable SMILES
isobutamben	no aromatic nitrogen (cannot coordinate the heme iron)
isobutyramide	no aromatic nitrogen (cannot coordinate the heme iron)
isodibut	no aromatic nitrogen (cannot coordinate the heme iron)
isoetharine	unparseable SMILES
isofloxythepin	unparseable SMILES
isoflupredone-acetate	unparseable SMILES
isoflurane	unparseable SMILES
isoflurophate	no aromatic nitrogen (cannot coordinate the heme iron)
isoguvacine	no aromatic nitrogen (cannot coordinate the heme iron)
isoleucine	unparseable SMILES
isoliquiritigenin	no aromatic nitrogen (cannot coordinate the heme iron)
isometheptene-mucate	unparseable SMILES
isopentyl-4-methoxycinnamate	no aromatic nitrogen (cannot coordinate the heme iron)
isoprenaline	no aromatic nitrogen (cannot coordinate the heme iron)
isopropamide-iodide	no aromatic nitrogen (cannot coordinate the heme iron)
isopropyl-myristate	no aromatic nitrogen (cannot coordinate the heme iron)
isopropyl-palmitate	no aromatic nitrogen (cannot coordinate the heme iron)
isoquercitrin	no aromatic nitrogen (cannot coordinate the heme iron)
_Isoquinoline_-6_7-dimethoxy-1-methyl-1_2_3_4-tetrahydro__	no aromatic nitrogen (cannot coordinate the heme iron)
isosorbide	no aromatic nitrogen (cannot coordinate the heme iron)
isosorbide-dinitrate	no aromatic nitrogen (cannot coordinate the heme iron)
isosorbide-mononitrate	no aromatic nitrogen (cannot coordinate the heme iron)
isosteviol	unparseable SMILES
isotiquimide	unparseable SMILES
isotretinoin	no aromatic nitrogen (cannot coordinate the heme iron)
isovaleramide	no aromatic nitrogen (cannot coordinate the heme iron)
isoxepac	no aromatic nitrogen (cannot coordinate the heme iron)
isoxsuprine	unparseable SMILES
isradipine	unparseable SMILES
ISRIB	no aromatic nitrogen (cannot coordinate the heme iron)
istaroxime	no aromatic nitrogen (cannot coordinate the heme iron)
IT1t	unparseable SMILES
ITD-1	unparseable SMILES
itopride	no aromatic nitrogen (cannot coordinate the heme iron)
itraconazole	unparseable SMILES
ITX5061	no aromatic nitrogen (cannot coordinate the heme iron)
ivabradine	no aromatic nitrogen (cannot coordinate the heme iron)
ivermectin	unparseable SMILES
ixazomib	no aromatic nitrogen (cannot coordinate the heme iron)
ixazomib-citrate	unparseable SMILES
J147	no aromatic nitrogen (cannot coordinate the heme iron)
JAK3-inhibitor-V	no aromatic nitrogen (cannot coordinate the heme iron)
JD-5037	no aromatic nitrogen (cannot coordinate the heme iron)
JDTic	no aromatic nitrogen (cannot coordinate the heme iron)
JHW-007	no aromatic nitrogen (cannot coordinate the heme iron)
JLK-6	no aromatic nitrogen (cannot coordinate the heme iron)
JNJ-10397049	no aromatic nitrogen (cannot coordinate the heme iron)
JNJ-26990990	no aromatic nitrogen (cannot coordinate the heme iron)
JNJ-63533054	no aromatic nitrogen (cannot coordinate the heme iron)
josamycin	unparseable SMILES
JTE-607	no aromatic nitrogen (cannot coordinate the heme iron)
JW-55	no aromatic nitrogen (cannot coordinate the heme iron)
JW-642	no aromatic nitrogen (cannot coordinate the heme iron)
JW-67	no aromatic nitrogen (cannot coordinate the heme iron)
JX-401	no aromatic nitrogen (cannot coordinate the heme iron)
JZL-184	no aromatic nitrogen (cannot coordinate the heme iron)
JZL-195	no aromatic nitrogen (cannot coordinate the heme iron)
K-247	unparseable SMILES
K-858	unparseable SMILES
K-MAP	unparseable SMILES
K-Ras_G12C_-inhibitor-12	no aromatic nitrogen (cannot coordinate the heme iron)
K-Ras_G12C_-inhibitor-6	no aromatic nitrogen (cannot coordinate the heme iron)
K-strophanthidin	no aromatic nitrogen (cannot coordinate the heme iron)
K145	no aromatic nitrogen (cannot coordinate the heme iron)
kaempferol	no aromatic nitrogen (cannot coordinate the heme iron)
kainic-acid	no aromatic nitrogen (cannot coordinate the heme iron)
kakonein	unparseable SMILES
kanamycin	no aromatic nitrogen (cannot coordinate the heme iron)
kartogenin	no aromatic nitrogen (cannot coordinate the heme iron)
kasugamycin	no aromatic nitrogen (cannot coordinate the heme iron)
KB-R7943	no aromatic nitrogen (cannot coordinate the heme iron)
KBG	unparseable SMILES
KD-023	no aromatic nitrogen (cannot coordinate the heme iron)
ketoconazole	unparseable SMILES
ketoprofen	unparseable SMILES
ketorolac	unparseable SMILES
ketotifen	no aromatic nitrogen (cannot coordinate the heme iron)
kevetrin	no aromatic nitrogen (cannot coordinate the heme iron)
KF-38789	unparseable SMILES
khellin	no aromatic nitrogen (cannot coordinate the heme iron)
KI-16425	unparseable SMILES
KI-20227	unparseable SMILES
ki16198	unparseable SMILES
kifunensine	no aromatic nitrogen (cannot coordinate the heme iron)
KL-001	unparseable SMILES
KM-0118	68 heavy atoms > 45 (outside applicability domain)
KME-4	no aromatic nitrogen (cannot coordinate the heme iron)
KML29	no aromatic nitrogen (cannot coordinate the heme iron)
KN-62	unparseable SMILES
KN-93	no aromatic nitrogen (cannot coordinate the heme iron)
KP-1212	no aromatic nitrogen (cannot coordinate the heme iron)
KS-176	no aromatic nitrogen (cannot coordinate the heme iron)
KT-433	no aromatic nitrogen (cannot coordinate the heme iron)
KU-55933	no aromatic nitrogen (cannot coordinate the heme iron)
KU-60019	no aromatic nitrogen (cannot coordinate the heme iron)
KU14R	unparseable SMILES
kuromanin	no aromatic nitrogen (cannot coordinate the heme iron)
KW-2478	no aromatic nitrogen (cannot coordinate the heme iron)
KW-3902	unparseable SMILES
L-___-rhamnose-monohydrate	no aromatic nitrogen (cannot coordinate the heme iron)
L-152804	unparseable SMILES
L-165041	no aromatic nitrogen (cannot coordinate the heme iron)
L-365260	no aromatic nitrogen (cannot coordinate the heme iron)
L-368899	no aromatic nitrogen (cannot coordinate the heme iron)
L-670596	unparseable SMILES
L-689560	no aromatic nitrogen (cannot coordinate the heme iron)
L-690330	no aromatic nitrogen (cannot coordinate the heme iron)
L-693403	no aromatic nitrogen (cannot coordinate the heme iron)
L-733060	no aromatic nitrogen (cannot coordinate the heme iron)
L-755507	no aromatic nitrogen (cannot coordinate the heme iron)
L-798106	no aromatic nitrogen (cannot coordinate the heme iron)
L-alanine	no aromatic nitrogen (cannot coordinate the heme iron)
L-arginine	no aromatic nitrogen (cannot coordinate the heme iron)
L-ascorbyl-6-palmitate	unparseable SMILES
L-asparagine	no aromatic nitrogen (cannot coordinate the heme iron)
L-asparagine-N-hydroxy	no aromatic nitrogen (cannot coordinate the heme iron)
L-aspartic-acid	no aromatic nitrogen (cannot coordinate the heme iron)
L-citrulline	unparseable SMILES
L-cysteine	no aromatic nitrogen (cannot coordinate the heme iron)
L-cysteinesulfinic-acid	unparseable SMILES
L-cystine	no aromatic nitrogen (cannot coordinate the heme iron)
L-glutamic-acid	no aromatic nitrogen (cannot coordinate the heme iron)
L-glutamine	no aromatic nitrogen (cannot coordinate the heme iron)
L-hydroxyproline	unparseable SMILES
L-kynurenine	no aromatic nitrogen (cannot coordinate the heme iron)
L-leucine	no aromatic nitrogen (cannot coordinate the heme iron)
L-lysine	no aromatic nitrogen (cannot coordinate the heme iron)
L-methionine	no aromatic nitrogen (cannot coordinate the heme iron)
L-mimosine	no aromatic nitrogen (cannot coordinate the heme iron)
L-monomethylarginine	no aromatic nitrogen (cannot coordinate the heme iron)
L-NAME	no aromatic nitrogen (cannot coordinate the heme iron)
L-NIL	no aromatic nitrogen (cannot coordinate the heme iron)
L-proline	no aromatic nitrogen (cannot coordinate the heme iron)
L-theanine	no aromatic nitrogen (cannot coordinate the heme iron)
L-threonine	no aromatic nitrogen (cannot coordinate the heme iron)
L-valine	no aromatic nitrogen (cannot coordinate the heme iron)
labetalol	unparseable SMILES
lacidipine	unparseable SMILES
lacitol	no aromatic nitrogen (cannot coordinate the heme iron)
lactulose	no aromatic nitrogen (cannot coordinate the heme iron)
lanabecestat	unparseable SMILES
lanatoside-C	unparseable SMILES
landiolol	no aromatic nitrogen (cannot coordinate the heme iron)
lanoconazole	unparseable SMILES
lansoprazole	unparseable SMILES
lappaconite	no aromatic nitrogen (cannot coordinate the heme iron)
larazotide-acetate	51 heavy atoms > 45 (outside applicability domain)
lasalocid	no aromatic nitrogen (cannot coordinate the heme iron)
lasofoxifene	no aromatic nitrogen (cannot coordinate the heme iron)
latanoprost	no aromatic nitrogen (cannot coordinate the heme iron)
latrunculin-B	unparseable SMILES
lauric-acid	no aromatic nitrogen (cannot coordinate the heme iron)
lauric-diethanolamide	no aromatic nitrogen (cannot coordinate the heme iron)
laurocapram	no aromatic nitrogen (cannot coordinate the heme iron)
LB-100	unparseable SMILES
LCZ696	62 heavy atoms > 45 (outside applicability domain)
LDN-57444	no aromatic nitrogen (cannot coordinate the heme iron)
LE-135	no aromatic nitrogen (cannot coordinate the heme iron)
ledipasvir	65 heavy atoms > 45 (outside applicability domain)
lenalidomide	unparseable SMILES
leonurine	no aromatic nitrogen (cannot coordinate the heme iron)
lercanidipine	unparseable SMILES
lestaurtinib	unparseable SMILES
letermovir	no aromatic nitrogen (cannot coordinate the heme iron)
letosteine	unparseable SMILES
letrazuril	unparseable SMILES
leucomethylene-blue	no aromatic nitrogen (cannot coordinate the heme iron)
leucovorin	unparseable SMILES
leucylleucine-methyl-ester	no aromatic nitrogen (cannot coordinate the heme iron)
leuprolide	87 heavy atoms > 45 (outside applicability domain)
levalbuterol	no aromatic nitrogen (cannot coordinate the heme iron)
levallorphan	no aromatic nitrogen (cannot coordinate the heme iron)
levamisole	no aromatic nitrogen (cannot coordinate the heme iron)
levamlodipine	unparseable SMILES
levcromakalim	no aromatic nitrogen (cannot coordinate the heme iron)
levetiracetam	no aromatic nitrogen (cannot coordinate the heme iron)
levo-phencynonate	unparseable SMILES
levobetaxolol	no aromatic nitrogen (cannot coordinate the heme iron)
levobunolol	no aromatic nitrogen (cannot coordinate the heme iron)
levobunolol-___	no aromatic nitrogen (cannot coordinate the heme iron)
levobunolol-___-_	no aromatic nitrogen (cannot coordinate the heme iron)
levocabastine	no aromatic nitrogen (cannot coordinate the heme iron)
levocarnitine	no aromatic nitrogen (cannot coordinate the heme iron)
levocarnitine-propionate	no aromatic nitrogen (cannot coordinate the heme iron)
levocetirizine	no aromatic nitrogen (cannot coordinate the heme iron)
levodopa	no aromatic nitrogen (cannot coordinate the heme iron)
levodropropizine	no aromatic nitrogen (cannot coordinate the heme iron)
levomenol	no aromatic nitrogen (cannot coordinate the heme iron)
levomenthol	no aromatic nitrogen (cannot coordinate the heme iron)
levomepromazine	no aromatic nitrogen (cannot coordinate the heme iron)
levomequitazine	unparseable SMILES
levonordefrin	no aromatic nitrogen (cannot coordinate the heme iron)
levonorgestrel	no aromatic nitrogen (cannot coordinate the heme iron)
levopropoxyphene	unparseable SMILES
levosimendan	no aromatic nitrogen (cannot coordinate the heme iron)
levosulpiride	no aromatic nitrogen (cannot coordinate the heme iron)
levothyroxine	no aromatic nitrogen (cannot coordinate the heme iron)
LFM-A13	unparseable SMILES
LGD-6972	51 heavy atoms > 45 (outside applicability domain)
liarozole	unparseable SMILES
licarbazepine	unparseable SMILES
licochalcone-A	no aromatic nitrogen (cannot coordinate the heme iron)
licogliflozin	no aromatic nitrogen (cannot coordinate the heme iron)
lidamidine	no aromatic nitrogen (cannot coordinate the heme iron)
lidocaine	no aromatic nitrogen (cannot coordinate the heme iron)
lidoflazine	no aromatic nitrogen (cannot coordinate the heme iron)
lifitegrast	no aromatic nitrogen (cannot coordinate the heme iron)
ligustilide	unparseable SMILES
limaprost-alfadex	no aromatic nitrogen (cannot coordinate the heme iron)
limonin	no aromatic nitrogen (cannot coordinate the heme iron)
linaclotide	101 heavy atoms > 45 (outside applicability domain)
linalool	unparseable SMILES
lincomycin	no aromatic nitrogen (cannot coordinate the heme iron)
lindane	no aromatic nitrogen (cannot coordinate the heme iron)
linezolid	no aromatic nitrogen (cannot coordinate the heme iron)
linoleic-acid	no aromatic nitrogen (cannot coordinate the heme iron)
lintopride	no aromatic nitrogen (cannot coordinate the heme iron)
liothyronine	no aromatic nitrogen (cannot coordinate the heme iron)
liothyronine-_isomer_	no aromatic nitrogen (cannot coordinate the heme iron)
lipoamide	unparseable SMILES
liquiritin	no aromatic nitrogen (cannot coordinate the heme iron)
liraglutide	266 heavy atoms > 45 (outside applicability domain)
lirimilast	no aromatic nitrogen (cannot coordinate the heme iron)
lisadimate	unparseable SMILES
lisinopril	no aromatic nitrogen (cannot coordinate the heme iron)
lisofylline	unparseable SMILES
lithium-acetoacetate	no aromatic nitrogen (cannot coordinate the heme iron)
lithium-citrate	no aromatic nitrogen (cannot coordinate the heme iron)
lithocholic-acid	no aromatic nitrogen (cannot coordinate the heme iron)
litronesib	no aromatic nitrogen (cannot coordinate the heme iron)
LM-22A4	no aromatic nitrogen (cannot coordinate the heme iron)
LM11A-31	unparseable SMILES
LMK-235	no aromatic nitrogen (cannot coordinate the heme iron)
lobeline	no aromatic nitrogen (cannot coordinate the heme iron)
lobenzarit	no aromatic nitrogen (cannot coordinate the heme iron)
lodoxamide	no aromatic nitrogen (cannot coordinate the heme iron)
lofepramine	no aromatic nitrogen (cannot coordinate the heme iron)
lofexidine	unparseable SMILES
lomerizine	no aromatic nitrogen (cannot coordinate the heme iron)
lomitapide	50 heavy atoms > 45 (outside applicability domain)
lomustine	no aromatic nitrogen (cannot coordinate the heme iron)
loperamide	no aromatic nitrogen (cannot coordinate the heme iron)
lopinavir	46 heavy atoms > 45 (outside applicability domain)
loracarbef	no aromatic nitrogen (cannot coordinate the heme iron)
lorglumide	unparseable SMILES
loteprednol	unparseable SMILES
lovastatin	unparseable SMILES
loxapine	no aromatic nitrogen (cannot coordinate the heme iron)
loxistatin-acid	no aromatic nitrogen (cannot coordinate the heme iron)
loxoprofen	unparseable SMILES
LSZ-102	no aromatic nitrogen (cannot coordinate the heme iron)
LTA	no aromatic nitrogen (cannot coordinate the heme iron)
LTB4	no aromatic nitrogen (cannot coordinate the heme iron)
LTX-315	105 heavy atoms > 45 (outside applicability domain)
lubiprostone	no aromatic nitrogen (cannot coordinate the heme iron)
lucanthone	no aromatic nitrogen (cannot coordinate the heme iron)
lufenuron	unparseable SMILES
lumateperone	no aromatic nitrogen (cannot coordinate the heme iron)
lumefantrine	unparseable SMILES
lumiracoxib	no aromatic nitrogen (cannot coordinate the heme iron)
lupanine	no aromatic nitrogen (cannot coordinate the heme iron)
lurbinectedin	unparseable SMILES
lutein	unparseable SMILES
luteolin	no aromatic nitrogen (cannot coordinate the heme iron)
LY2140023	no aromatic nitrogen (cannot coordinate the heme iron)
LY223982	no aromatic nitrogen (cannot coordinate the heme iron)
LY231617	no aromatic nitrogen (cannot coordinate the heme iron)
LY2365109	no aromatic nitrogen (cannot coordinate the heme iron)
LY2510924	86 heavy atoms > 45 (outside applicability domain)
LY288513	no aromatic nitrogen (cannot coordinate the heme iron)
LY294002	no aromatic nitrogen (cannot coordinate the heme iron)
LY3000328	no aromatic nitrogen (cannot coordinate the heme iron)
LY303511	no aromatic nitrogen (cannot coordinate the heme iron)
LY310762	no aromatic nitrogen (cannot coordinate the heme iron)
LY320135	no aromatic nitrogen (cannot coordinate the heme iron)
LY404187	unparseable SMILES
LY411575	no aromatic nitrogen (cannot coordinate the heme iron)
LY450108	no aromatic nitrogen (cannot coordinate the heme iron)
lycopene	no aromatic nitrogen (cannot coordinate the heme iron)
lylamine	no aromatic nitrogen (cannot coordinate the heme iron)
lymecycline	unparseable SMILES
lynestrenol	no aromatic nitrogen (cannot coordinate the heme iron)
lypressin	73 heavy atoms > 45 (outside applicability domain)
M-14157	no aromatic nitrogen (cannot coordinate the heme iron)
M-344	no aromatic nitrogen (cannot coordinate the heme iron)
m-3M3FBS	no aromatic nitrogen (cannot coordinate the heme iron)
m-chlorophenylbiguanide	no aromatic nitrogen (cannot coordinate the heme iron)
m-THP	52 heavy atoms > 45 (outside applicability domain)
M8-B	no aromatic nitrogen (cannot coordinate the heme iron)
mabuprofen	unparseable SMILES
mabuterol	no aromatic nitrogen (cannot coordinate the heme iron)
macelignan	no aromatic nitrogen (cannot coordinate the heme iron)
madecassoside	68 heavy atoms > 45 (outside applicability domain)
mafenide	no aromatic nitrogen (cannot coordinate the heme iron)
magnolol	no aromatic nitrogen (cannot coordinate the heme iron)
malathion	unparseable SMILES
malic-acid	unparseable SMILES
malotilate	no aromatic nitrogen (cannot coordinate the heme iron)
maltobionic-acid	no aromatic nitrogen (cannot coordinate the heme iron)
mandelic-acid	unparseable SMILES
manidipine	unparseable SMILES
manitimus	unparseable SMILES
mannitol-D	no aromatic nitrogen (cannot coordinate the heme iron)
maprotiline	no aromatic nitrogen (cannot coordinate the heme iron)
marimastat	no aromatic nitrogen (cannot coordinate the heme iron)
maropitant	no aromatic nitrogen (cannot coordinate the heme iron)
masoprocol	unparseable SMILES
matrine	no aromatic nitrogen (cannot coordinate the heme iron)
mavoglurant	no aromatic nitrogen (cannot coordinate the heme iron)
maxacalcitol	no aromatic nitrogen (cannot coordinate the heme iron)
maytansinol-isobutyrate	unparseable SMILES
MCC950	no aromatic nitrogen (cannot coordinate the heme iron)
McN-5652-___-_	no aromatic nitrogen (cannot coordinate the heme iron)
mCPP	no aromatic nitrogen (cannot coordinate the heme iron)
MD-920	no aromatic nitrogen (cannot coordinate the heme iron)
MDL-11939	unparseable SMILES
MDL-72832	no aromatic nitrogen (cannot coordinate the heme iron)
MDL-73005EF	no aromatic nitrogen (cannot coordinate the heme iron)
MDMS	no aromatic nitrogen (cannot coordinate the heme iron)
ME0328	unparseable SMILES
mebeverine	no aromatic nitrogen (cannot coordinate the heme iron)
mebicar	no aromatic nitrogen (cannot coordinate the heme iron)
mebrofenin	no aromatic nitrogen (cannot coordinate the heme iron)
mecamylamine	no aromatic nitrogen (cannot coordinate the heme iron)
meclizine	no aromatic nitrogen (cannot coordinate the heme iron)
meclocycline-sulfosalicylate	unparseable SMILES
meclofenamic-acid	no aromatic nitrogen (cannot coordinate the heme iron)
meclofenoxate	no aromatic nitrogen (cannot coordinate the heme iron)
mecysteine	no aromatic nitrogen (cannot coordinate the heme iron)
medica-16	no aromatic nitrogen (cannot coordinate the heme iron)
medronic-acid	no aromatic nitrogen (cannot coordinate the heme iron)
medroxyprogesterone	no aromatic nitrogen (cannot coordinate the heme iron)
medroxyprogesterone-acetate	no aromatic nitrogen (cannot coordinate the heme iron)
medrysone	no aromatic nitrogen (cannot coordinate the heme iron)
mefenamic-acid	no aromatic nitrogen (cannot coordinate the heme iron)
mefexamide	no aromatic nitrogen (cannot coordinate the heme iron)
megestrol	unparseable SMILES
megestrol-acetate	unparseable SMILES
meglitinide	no aromatic nitrogen (cannot coordinate the heme iron)
meglumine	no aromatic nitrogen (cannot coordinate the heme iron)
meglutol	no aromatic nitrogen (cannot coordinate the heme iron)
meisoindigo	no aromatic nitrogen (cannot coordinate the heme iron)
MEK1-2-inhibitor	no aromatic nitrogen (cannot coordinate the heme iron)
melanotan-ii	74 heavy atoms > 45 (outside applicability domain)
meldonium	no aromatic nitrogen (cannot coordinate the heme iron)
melengestrol-acetate	unparseable SMILES
melevodopa	no aromatic nitrogen (cannot coordinate the heme iron)
melperone	no aromatic nitrogen (cannot coordinate the heme iron)
melphalan	no aromatic nitrogen (cannot coordinate the heme iron)
melphalan-n-oxide	no aromatic nitrogen (cannot coordinate the heme iron)
meluadrine	unparseable SMILES
memantine	no aromatic nitrogen (cannot coordinate the heme iron)
menadione	no aromatic nitrogen (cannot coordinate the heme iron)
menadione-bisulfite	no aromatic nitrogen (cannot coordinate the heme iron)
menatetrenone	no aromatic nitrogen (cannot coordinate the heme iron)
menbutone	no aromatic nitrogen (cannot coordinate the heme iron)
meparfylon	no aromatic nitrogen (cannot coordinate the heme iron)
mepazine	unparseable SMILES
mepenzolate	no aromatic nitrogen (cannot coordinate the heme iron)
mephenesin	unparseable SMILES
mephentermine	no aromatic nitrogen (cannot coordinate the heme iron)
mephenytoin	unparseable SMILES
mepivacaine	no aromatic nitrogen (cannot coordinate the heme iron)
meprednisone	unparseable SMILES
meprylcaine	no aromatic nitrogen (cannot coordinate the heme iron)
meptazinol	no aromatic nitrogen (cannot coordinate the heme iron)
mequinol	no aromatic nitrogen (cannot coordinate the heme iron)
merbromin	no aromatic nitrogen (cannot coordinate the heme iron)
mercaptosuccinic-acid	unparseable SMILES
Merck60	no aromatic nitrogen (cannot coordinate the heme iron)
meropenem	no aromatic nitrogen (cannot coordinate the heme iron)
mertansine	unparseable SMILES
mesalazine	no aromatic nitrogen (cannot coordinate the heme iron)
mesna	no aromatic nitrogen (cannot coordinate the heme iron)
mesoridazine	unparseable SMILES
mestranol	no aromatic nitrogen (cannot coordinate the heme iron)
meta-cresyl-acetate	no aromatic nitrogen (cannot coordinate the heme iron)
metacetamol	no aromatic nitrogen (cannot coordinate the heme iron)
metacresol	no aromatic nitrogen (cannot coordinate the heme iron)
metaphit	no aromatic nitrogen (cannot coordinate the heme iron)
metaproterenol	no aromatic nitrogen (cannot coordinate the heme iron)
metaraminol	no aromatic nitrogen (cannot coordinate the heme iron)
metaxalone	unparseable SMILES
metazosin	unparseable SMILES
metenkephalin	unparseable SMILES
metformin	no aromatic nitrogen (cannot coordinate the heme iron)
methacholine	no aromatic nitrogen (cannot coordinate the heme iron)
methacycline	unparseable SMILES
methanesulfonyl-fluoride	no aromatic nitrogen (cannot coordinate the heme iron)
methantheline	no aromatic nitrogen (cannot coordinate the heme iron)
metharbital	no aromatic nitrogen (cannot coordinate the heme iron)
methenamine	no aromatic nitrogen (cannot coordinate the heme iron)
methicillin	no aromatic nitrogen (cannot coordinate the heme iron)
methionine	unparseable SMILES
methiopril	unparseable SMILES
methocarbamol	unparseable SMILES
methoprene-_s_	no aromatic nitrogen (cannot coordinate the heme iron)
methoxamine	no aromatic nitrogen (cannot coordinate the heme iron)
methoxsalen	no aromatic nitrogen (cannot coordinate the heme iron)
methoxyamine	no aromatic nitrogen (cannot coordinate the heme iron)
methoxyflurane	no aromatic nitrogen (cannot coordinate the heme iron)
methoxyphenamine	unparseable SMILES
methscopolamine	no aromatic nitrogen (cannot coordinate the heme iron)
methsuximide	unparseable SMILES
methyclothiazide	unparseable SMILES
methyl-aminolevulinate	no aromatic nitrogen (cannot coordinate the heme iron)
methyl-salicylate	no aromatic nitrogen (cannot coordinate the heme iron)
methylatropine-nitrate	unparseable SMILES
methylbenactyzium-bromide	no aromatic nitrogen (cannot coordinate the heme iron)
methylbenzethonium-chloride	no aromatic nitrogen (cannot coordinate the heme iron)
methylcobalamin	unparseable SMILES
methyldopa	no aromatic nitrogen (cannot coordinate the heme iron)
methyldopate	no aromatic nitrogen (cannot coordinate the heme iron)
methyllycaconitine	49 heavy atoms > 45 (outside applicability domain)
methylnaltrexone	no aromatic nitrogen (cannot coordinate the heme iron)
methylparaben	no aromatic nitrogen (cannot coordinate the heme iron)
methylprednisolone	unparseable SMILES
methylprednisolone-aceponate	unparseable SMILES
methylprednisolone-sodium-succinate	unparseable SMILES
meticrane	no aromatic nitrogen (cannot coordinate the heme iron)
metipranolol	unparseable SMILES
metirosine	no aromatic nitrogen (cannot coordinate the heme iron)
metitepine	unparseable SMILES
metixene	no aromatic nitrogen (cannot coordinate the heme iron)
metoclopramide	no aromatic nitrogen (cannot coordinate the heme iron)
metocurine	48 heavy atoms > 45 (outside applicability domain)
metolazone	unparseable SMILES
metoprolol	no aromatic nitrogen (cannot coordinate the heme iron)
metoxibutropate	unparseable SMILES
metrifonate	unparseable SMILES
metrizamide	unparseable SMILES
metrizoic-acid	no aromatic nitrogen (cannot coordinate the heme iron)
mevastatin	unparseable SMILES
mexeneone	no aromatic nitrogen (cannot coordinate the heme iron)
mexiletine	no aromatic nitrogen (cannot coordinate the heme iron)
mezlocillin	no aromatic nitrogen (cannot coordinate the heme iron)
MF-101	no aromatic nitrogen (cannot coordinate the heme iron)
MG-132	no aromatic nitrogen (cannot coordinate the heme iron)
MG-624	no aromatic nitrogen (cannot coordinate the heme iron)
mianserin	no aromatic nitrogen (cannot coordinate the heme iron)
mibampator	no aromatic nitrogen (cannot coordinate the heme iron)
micafungin	89 heavy atoms > 45 (outside applicability domain)
miconazole	unparseable SMILES
micronomicin	no aromatic nitrogen (cannot coordinate the heme iron)
midafotel	no aromatic nitrogen (cannot coordinate the heme iron)
midecamycin	unparseable SMILES
midodrine	no aromatic nitrogen (cannot coordinate the heme iron)
mifepristone	unparseable SMILES
mifobate	unparseable SMILES
miglitol	no aromatic nitrogen (cannot coordinate the heme iron)
miglustat	no aromatic nitrogen (cannot coordinate the heme iron)
milacemide	no aromatic nitrogen (cannot coordinate the heme iron)
milnacipran	no aromatic nitrogen (cannot coordinate the heme iron)
miltefosine	no aromatic nitrogen (cannot coordinate the heme iron)
minerval	unparseable SMILES
minocycline	unparseable SMILES
miocamycin	unparseable SMILES
MIRA-1	no aromatic nitrogen (cannot coordinate the heme iron)
miridesap	no aromatic nitrogen (cannot coordinate the heme iron)
mirin	no aromatic nitrogen (cannot coordinate the heme iron)
miriplatin	unparseable SMILES
mirogabalin-besylate	no aromatic nitrogen (cannot coordinate the heme iron)
mirtazapine	unparseable SMILES
misonidazole	unparseable SMILES
misoprostol	unparseable SMILES
mitiglinide	no aromatic nitrogen (cannot coordinate the heme iron)
mitoflaxone	no aromatic nitrogen (cannot coordinate the heme iron)
mitomycin-C	unparseable SMILES
mitoquinone	unparseable SMILES
mitotane	unparseable SMILES
mitoxantrone	no aromatic nitrogen (cannot coordinate the heme iron)
mivacurium	unparseable SMILES
mizoribine	no aromatic nitrogen (cannot coordinate the heme iron)
MK-0752	no aromatic nitrogen (cannot coordinate the heme iron)
MK-2894	no aromatic nitrogen (cannot coordinate the heme iron)
ML10302	no aromatic nitrogen (cannot coordinate the heme iron)
ML133	no aromatic nitrogen (cannot coordinate the heme iron)
ML141	unparseable SMILES
ML161	no aromatic nitrogen (cannot coordinate the heme iron)
ML213	unparseable SMILES
ML218	no aromatic nitrogen (cannot coordinate the heme iron)
ML298	no aromatic nitrogen (cannot coordinate the heme iron)
ML3403	unparseable SMILES
ML348	no aromatic nitrogen (cannot coordinate the heme iron)
ML365	no aromatic nitrogen (cannot coordinate the heme iron)
ML9	no aromatic nitrogen (cannot coordinate the heme iron)
MLN9708	no aromatic nitrogen (cannot coordinate the heme iron)
MM-102	48 heavy atoms > 45 (outside applicability domain)
MM-11253	no aromatic nitrogen (cannot coordinate the heme iron)
MM-206	no aromatic nitrogen (cannot coordinate the heme iron)
MM77	no aromatic nitrogen (cannot coordinate the heme iron)
MN-64	no aromatic nitrogen (cannot coordinate the heme iron)
moclobemide	no aromatic nitrogen (cannot coordinate the heme iron)
moexipril	no aromatic nitrogen (cannot coordinate the heme iron)
mofegiline	no aromatic nitrogen (cannot coordinate the heme iron)
moguisteine	unparseable SMILES
mometasone	unparseable SMILES
mometasone-furoate	unparseable SMILES
monastrol	unparseable SMILES
monensin	47 heavy atoms > 45 (outside applicability domain)
monepantel	no aromatic nitrogen (cannot coordinate the heme iron)
monobenzone	no aromatic nitrogen (cannot coordinate the heme iron)
monocrotaline	no aromatic nitrogen (cannot coordinate the heme iron)
monoctanoin	unparseable SMILES
monomethyl-fumarate	no aromatic nitrogen (cannot coordinate the heme iron)
monostearin	unparseable SMILES
moprolol	no aromatic nitrogen (cannot coordinate the heme iron)
moracizine	no aromatic nitrogen (cannot coordinate the heme iron)
morantel	no aromatic nitrogen (cannot coordinate the heme iron)
morin	no aromatic nitrogen (cannot coordinate the heme iron)
morinidazole	unparseable SMILES
moroxydine	no aromatic nitrogen (cannot coordinate the heme iron)
morphothiadin	unparseable SMILES
mosapride	no aromatic nitrogen (cannot coordinate the heme iron)
motolimod	unparseable SMILES
moxalactam	unparseable SMILES
moxidectin	unparseable SMILES
moxisylyte	no aromatic nitrogen (cannot coordinate the heme iron)
mozavaptan	unparseable SMILES
MR-16728	no aromatic nitrogen (cannot coordinate the heme iron)
MRK-560	no aromatic nitrogen (cannot coordinate the heme iron)
MRS-1334	unparseable SMILES
MRS-1845	unparseable SMILES
MRS-2578	no aromatic nitrogen (cannot coordinate the heme iron)
MRS-3777	46 heavy atoms > 45 (outside applicability domain)
MSDC-0160	unparseable SMILES
mupirocin	no aromatic nitrogen (cannot coordinate the heme iron)
MUT056399	no aromatic nitrogen (cannot coordinate the heme iron)
mycophenolate-mofetil	no aromatic nitrogen (cannot coordinate the heme iron)
mycophenolic-acid	no aromatic nitrogen (cannot coordinate the heme iron)
myricetin	no aromatic nitrogen (cannot coordinate the heme iron)
myricitrin	no aromatic nitrogen (cannot coordinate the heme iron)
N-_p-amylcinnamoyl_-anthranilic-acid	no aromatic nitrogen (cannot coordinate the heme iron)
N-_2-_piperidinylamino_ethyl_-4-iodobenzamide	no aromatic nitrogen (cannot coordinate the heme iron)
N-acetyl-D-glucosamine	no aromatic nitrogen (cannot coordinate the heme iron)
N-acetyl-tyrosine	unparseable SMILES
N-acetylglycyl-D-glutamic-acid	no aromatic nitrogen (cannot coordinate the heme iron)
N-acetylmannosamine	unparseable SMILES
N-benzylnaltrindole	unparseable SMILES
_N-methyl-_-_ephedrine-_1R_2S__	no aromatic nitrogen (cannot coordinate the heme iron)
N-methylformamide	no aromatic nitrogen (cannot coordinate the heme iron)
N-methyllidocaine-iodide	no aromatic nitrogen (cannot coordinate the heme iron)
N-methylpyrrolidone	no aromatic nitrogen (cannot coordinate the heme iron)
N-MPPP	no aromatic nitrogen (cannot coordinate the heme iron)
N-salicoylaminophenol	no aromatic nitrogen (cannot coordinate the heme iron)
N20C	no aromatic nitrogen (cannot coordinate the heme iron)
nabumetone	no aromatic nitrogen (cannot coordinate the heme iron)
nadide	unparseable SMILES
nadifloxacin	unparseable SMILES
nadolol	unparseable SMILES
NADPH	unparseable SMILES
nafadotride	unparseable SMILES
nafamostat	no aromatic nitrogen (cannot coordinate the heme iron)
nafcillin	no aromatic nitrogen (cannot coordinate the heme iron)
naftidrofuryl	unparseable SMILES
naftifine	no aromatic nitrogen (cannot coordinate the heme iron)
naftopidil	no aromatic nitrogen (cannot coordinate the heme iron)
nalbuphine	no aromatic nitrogen (cannot coordinate the heme iron)
nalfurafine	no aromatic nitrogen (cannot coordinate the heme iron)
nalmefene	no aromatic nitrogen (cannot coordinate the heme iron)
naloxegol	46 heavy atoms > 45 (outside applicability domain)
naloxone	no aromatic nitrogen (cannot coordinate the heme iron)
naloxone-benzoylhydrazone	no aromatic nitrogen (cannot coordinate the heme iron)
naltrexone	no aromatic nitrogen (cannot coordinate the heme iron)
naltriben	no aromatic nitrogen (cannot coordinate the heme iron)
NAN-190	no aromatic nitrogen (cannot coordinate the heme iron)
nanchangmycin	unparseable SMILES
napabucasin	no aromatic nitrogen (cannot coordinate the heme iron)
napamezole	unparseable SMILES
naphazoline	no aromatic nitrogen (cannot coordinate the heme iron)
naproxen	no aromatic nitrogen (cannot coordinate the heme iron)
narasin	unparseable SMILES
naringenin	no aromatic nitrogen (cannot coordinate the heme iron)
naringeninic-acid	no aromatic nitrogen (cannot coordinate the heme iron)
naringin	no aromatic nitrogen (cannot coordinate the heme iron)
naringin-dihydrochalcone	no aromatic nitrogen (cannot coordinate the heme iron)
narlaprevir	49 heavy atoms > 45 (outside applicability domain)
NAS-181	no aromatic nitrogen (cannot coordinate the heme iron)
nastorazepide	no aromatic nitrogen (cannot coordinate the heme iron)
natamycin	unparseable SMILES
nateglinide	no aromatic nitrogen (cannot coordinate the heme iron)
NAV-26	unparseable SMILES
navarixin	no aromatic nitrogen (cannot coordinate the heme iron)
navitoclax	65 heavy atoms > 45 (outside applicability domain)
naxagolide	no aromatic nitrogen (cannot coordinate the heme iron)
NBI-74330-___-_	unparseable SMILES
NBI-98782	no aromatic nitrogen (cannot coordinate the heme iron)
NCS-382	no aromatic nitrogen (cannot coordinate the heme iron)
NCX-1015	unparseable SMILES
NE-100	no aromatic nitrogen (cannot coordinate the heme iron)
nebivolol	unparseable SMILES
nebracetam	no aromatic nitrogen (cannot coordinate the heme iron)
nedaplatin	no aromatic nitrogen (cannot coordinate the heme iron)
nefiracetam	no aromatic nitrogen (cannot coordinate the heme iron)
nefopam	no aromatic nitrogen (cannot coordinate the heme iron)
nelfinavir	no aromatic nitrogen (cannot coordinate the heme iron)
nemazoline	no aromatic nitrogen (cannot coordinate the heme iron)
nemonapride	unparseable SMILES
nemorubicin	46 heavy atoms > 45 (outside applicability domain)
neo-gilurytmal	unparseable SMILES
neohesperidin	no aromatic nitrogen (cannot coordinate the heme iron)
neohesperidin-dihydrochalcone	no aromatic nitrogen (cannot coordinate the heme iron)
neomycin	no aromatic nitrogen (cannot coordinate the heme iron)
neostigmine	no aromatic nitrogen (cannot coordinate the heme iron)
nepafenac	no aromatic nitrogen (cannot coordinate the heme iron)
neridronic-acid	no aromatic nitrogen (cannot coordinate the heme iron)
nesbuvir	no aromatic nitrogen (cannot coordinate the heme iron)
netilmicin	no aromatic nitrogen (cannot coordinate the heme iron)
Neu2000	no aromatic nitrogen (cannot coordinate the heme iron)
nexturastat-A	no aromatic nitrogen (cannot coordinate the heme iron)
NFKB-activation-inhibitor-II	no aromatic nitrogen (cannot coordinate the heme iron)
NG-nitro-arginine	no aromatic nitrogen (cannot coordinate the heme iron)
NGB-2904	no aromatic nitrogen (cannot coordinate the heme iron)
nibentan	unparseable SMILES
nicainoprol	unparseable SMILES
nicaraven	unparseable SMILES
nicardipine	unparseable SMILES
niclosamide	no aromatic nitrogen (cannot coordinate the heme iron)
nifedipine	unparseable SMILES
nifenalol	unparseable SMILES
nifuroxazide	no aromatic nitrogen (cannot coordinate the heme iron)
nifursol	no aromatic nitrogen (cannot coordinate the heme iron)
nifurtimox	unparseable SMILES
niguldipine-_R_-_-_	unparseable SMILES
niguldipine-_S_-___	unparseable SMILES
nilutamide	no aromatic nitrogen (cannot coordinate the heme iron)
nilvadipine	unparseable SMILES
NIM811	85 heavy atoms > 45 (outside applicability domain)
nimesulide	no aromatic nitrogen (cannot coordinate the heme iron)
nimodipine	unparseable SMILES
nintedanib	no aromatic nitrogen (cannot coordinate the heme iron)
nisin	unparseable SMILES
nisoldipine	unparseable SMILES
nisoxetine	unparseable SMILES
nitarsone	no aromatic nitrogen (cannot coordinate the heme iron)
nitecapone	no aromatic nitrogen (cannot coordinate the heme iron)
nitisinone	no aromatic nitrogen (cannot coordinate the heme iron)
nitrendipine	unparseable SMILES
nitrocaramiphen	no aromatic nitrogen (cannot coordinate the heme iron)
nitroflurbiprofen	unparseable SMILES
nitrofurantoin	no aromatic nitrogen (cannot coordinate the heme iron)
nitrofurazone	no aromatic nitrogen (cannot coordinate the heme iron)
nitromide	no aromatic nitrogen (cannot coordinate the heme iron)
nitrosodimethylurea	no aromatic nitrogen (cannot coordinate the heme iron)
NKY-80	unparseable SMILES
NLG919	unparseable SMILES
NMDA	no aromatic nitrogen (cannot coordinate the heme iron)
NMS-P715	49 heavy atoms > 45 (outside applicability domain)
NN-DNJ	no aromatic nitrogen (cannot coordinate the heme iron)
NNC-63-0532	no aromatic nitrogen (cannot coordinate the heme iron)
NNC-711	no aromatic nitrogen (cannot coordinate the heme iron)
NO-ASA	no aromatic nitrogen (cannot coordinate the heme iron)
nobiletin	no aromatic nitrogen (cannot coordinate the heme iron)
nomegestrol-acetate	unparseable SMILES
nomifensine	no aromatic nitrogen (cannot coordinate the heme iron)
nonivamide	no aromatic nitrogen (cannot coordinate the heme iron)
nonoxynol-9	no aromatic nitrogen (cannot coordinate the heme iron)
nor-binaltorphimine	49 heavy atoms > 45 (outside applicability domain)
norcyclobenzaprine	no aromatic nitrogen (cannot coordinate the heme iron)
norelgestromin	no aromatic nitrogen (cannot coordinate the heme iron)
norepinephrine	no aromatic nitrogen (cannot coordinate the heme iron)
norethindrone	no aromatic nitrogen (cannot coordinate the heme iron)
norethindrone-acetate	no aromatic nitrogen (cannot coordinate the heme iron)
norethisterone-enanthate	no aromatic nitrogen (cannot coordinate the heme iron)
noretynodrel	unparseable SMILES
norfluoxetine	unparseable SMILES
norgestimate	no aromatic nitrogen (cannot coordinate the heme iron)
norgestrel	unparseable SMILES
nortriptyline	no aromatic nitrogen (cannot coordinate the heme iron)
norvancomycin	100 heavy atoms > 45 (outside applicability domain)
noscapine	no aromatic nitrogen (cannot coordinate the heme iron)
NOV-002	no aromatic nitrogen (cannot coordinate the heme iron)
novobiocin	no aromatic nitrogen (cannot coordinate the heme iron)
NPC-01	no aromatic nitrogen (cannot coordinate the heme iron)
NPC-15199	no aromatic nitrogen (cannot coordinate the heme iron)
NPPB	no aromatic nitrogen (cannot coordinate the heme iron)
NPS-2143	no aromatic nitrogen (cannot coordinate the heme iron)
NS-1643	no aromatic nitrogen (cannot coordinate the heme iron)
NS-309	no aromatic nitrogen (cannot coordinate the heme iron)
NS-3861	unparseable SMILES
NSC-405020	unparseable SMILES
NSC-4644	no aromatic nitrogen (cannot coordinate the heme iron)
NSC-632839	no aromatic nitrogen (cannot coordinate the heme iron)
NSC-636819	no aromatic nitrogen (cannot coordinate the heme iron)
NSC-697923	no aromatic nitrogen (cannot coordinate the heme iron)
NSC-95397	no aromatic nitrogen (cannot coordinate the heme iron)
NSC-9965	unparseable SMILES
NSP-805	unparseable SMILES
NT157	no aromatic nitrogen (cannot coordinate the heme iron)
NTNCB	unparseable SMILES
NU-7026	no aromatic nitrogen (cannot coordinate the heme iron)
NU-7441	no aromatic nitrogen (cannot coordinate the heme iron)
nuclomedone	unparseable SMILES
nutlin-3	unparseable SMILES
NVS-PAK1-1	no aromatic nitrogen (cannot coordinate the heme iron)
NXY-059	no aromatic nitrogen (cannot coordinate the heme iron)
nystatin	unparseable SMILES
O-1918	no aromatic nitrogen (cannot coordinate the heme iron)
o-3M3FBS	no aromatic nitrogen (cannot coordinate the heme iron)
O-acetyl-L-serine	no aromatic nitrogen (cannot coordinate the heme iron)
o-mercapto-benzoic-acid	no aromatic nitrogen (cannot coordinate the heme iron)
O4I1	no aromatic nitrogen (cannot coordinate the heme iron)
obatoclax	unparseable SMILES
obeticholic-acid	unparseable SMILES
ochromycinone	no aromatic nitrogen (cannot coordinate the heme iron)
OCO-1112	no aromatic nitrogen (cannot coordinate the heme iron)
octadecan-1-ol	no aromatic nitrogen (cannot coordinate the heme iron)
octamethyltrisiloxane	no aromatic nitrogen (cannot coordinate the heme iron)
octinoxate	no aromatic nitrogen (cannot coordinate the heme iron)
octisalate	no aromatic nitrogen (cannot coordinate the heme iron)
octocrylene	no aromatic nitrogen (cannot coordinate the heme iron)
octodrine	unparseable SMILES
octopamine	no aromatic nitrogen (cannot coordinate the heme iron)
octreotide	unparseable SMILES
odanacatib	no aromatic nitrogen (cannot coordinate the heme iron)
OG-L002	no aromatic nitrogen (cannot coordinate the heme iron)
olanzapine	no aromatic nitrogen (cannot coordinate the heme iron)
OLDA	no aromatic nitrogen (cannot coordinate the heme iron)
oleamide	no aromatic nitrogen (cannot coordinate the heme iron)
oleandrin	no aromatic nitrogen (cannot coordinate the heme iron)
oleanolic-acid	no aromatic nitrogen (cannot coordinate the heme iron)
oleoylethanolamide	no aromatic nitrogen (cannot coordinate the heme iron)
olesoxime	no aromatic nitrogen (cannot coordinate the heme iron)
oleuropein	unparseable SMILES
oligomycin-A	unparseable SMILES
olodanrigan	no aromatic nitrogen (cannot coordinate the heme iron)
olopatadine	no aromatic nitrogen (cannot coordinate the heme iron)
olsalazine	no aromatic nitrogen (cannot coordinate the heme iron)
olumacostat-glasaretil	no aromatic nitrogen (cannot coordinate the heme iron)
olvanil	no aromatic nitrogen (cannot coordinate the heme iron)
omadacycline	unparseable SMILES
omapatrilat	no aromatic nitrogen (cannot coordinate the heme iron)
ombitasvir	65 heavy atoms > 45 (outside applicability domain)
ombrabulin	no aromatic nitrogen (cannot coordinate the heme iron)
OMDM-2	no aromatic nitrogen (cannot coordinate the heme iron)
omega-_4-iodophenyl_pentadecanoic-acid	no aromatic nitrogen (cannot coordinate the heme iron)
omega-3-acid-esters	no aromatic nitrogen (cannot coordinate the heme iron)
omeprazole-magnesium	49 heavy atoms > 45 (outside applicability domain)
omtriptolide	no aromatic nitrogen (cannot coordinate the heme iron)
ON-01500	no aromatic nitrogen (cannot coordinate the heme iron)
ONC201	unparseable SMILES
ONO-4817	no aromatic nitrogen (cannot coordinate the heme iron)
ONO-AE3-208	unparseable SMILES
ONX-0914	no aromatic nitrogen (cannot coordinate the heme iron)
OP-0595	no aromatic nitrogen (cannot coordinate the heme iron)
OPC-21268	no aromatic nitrogen (cannot coordinate the heme iron)
opipramol	no aromatic nitrogen (cannot coordinate the heme iron)
OR-486	no aromatic nitrogen (cannot coordinate the heme iron)
ORG-25543	no aromatic nitrogen (cannot coordinate the heme iron)
ORG-9768	no aromatic nitrogen (cannot coordinate the heme iron)
oridonin	no aromatic nitrogen (cannot coordinate the heme iron)
oritavancin	125 heavy atoms > 45 (outside applicability domain)
orlistat	no aromatic nitrogen (cannot coordinate the heme iron)
ormeloxifene	no aromatic nitrogen (cannot coordinate the heme iron)
ornidazole	unparseable SMILES
ornipressin	72 heavy atoms > 45 (outside applicability domain)
ornithine	unparseable SMILES
orphanin-fq	128 heavy atoms > 45 (outside applicability domain)
orphenadrine	no aromatic nitrogen (cannot coordinate the heme iron)
ORY-1001	no aromatic nitrogen (cannot coordinate the heme iron)
oseltamivir-carboxylate	no aromatic nitrogen (cannot coordinate the heme iron)
oseltamivir-phosphate	no aromatic nitrogen (cannot coordinate the heme iron)
osemozotan	no aromatic nitrogen (cannot coordinate the heme iron)
ospemifene	no aromatic nitrogen (cannot coordinate the heme iron)
ostarine	no aromatic nitrogen (cannot coordinate the heme iron)
osthol	no aromatic nitrogen (cannot coordinate the heme iron)
OT-R-antagonist-1	no aromatic nitrogen (cannot coordinate the heme iron)
otenzepad	unparseable SMILES
otilonium	no aromatic nitrogen (cannot coordinate the heme iron)
ouabain	no aromatic nitrogen (cannot coordinate the heme iron)
oxaceprol	no aromatic nitrogen (cannot coordinate the heme iron)
oxacyclohexadecan-2-one	no aromatic nitrogen (cannot coordinate the heme iron)
oxaliplatin	no aromatic nitrogen (cannot coordinate the heme iron)
oxaloacetate	no aromatic nitrogen (cannot coordinate the heme iron)
oxantel	no aromatic nitrogen (cannot coordinate the heme iron)
oxcarbazepine	no aromatic nitrogen (cannot coordinate the heme iron)
oxelaidin	no aromatic nitrogen (cannot coordinate the heme iron)
oxethazaine	no aromatic nitrogen (cannot coordinate the heme iron)
OXF-BD-02	unparseable SMILES
oxfenicine	no aromatic nitrogen (cannot coordinate the heme iron)
oxidopamine	no aromatic nitrogen (cannot coordinate the heme iron)
oxiracetam	no aromatic nitrogen (cannot coordinate the heme iron)
oxotremorine-M	no aromatic nitrogen (cannot coordinate the heme iron)
oxotremorine-sesquifumarate	no aromatic nitrogen (cannot coordinate the heme iron)
oxprenolol	no aromatic nitrogen (cannot coordinate the heme iron)
oxybenzone	no aromatic nitrogen (cannot coordinate the heme iron)
oxybuprocaine	no aromatic nitrogen (cannot coordinate the heme iron)
oxybutynin	unparseable SMILES
oxyclozanide	no aromatic nitrogen (cannot coordinate the heme iron)
oxyfedrine	no aromatic nitrogen (cannot coordinate the heme iron)
oxymatrine	no aromatic nitrogen (cannot coordinate the heme iron)
oxymetazoline	no aromatic nitrogen (cannot coordinate the heme iron)
oxyphenbutazone	no aromatic nitrogen (cannot coordinate the heme iron)
oxyphencyclimine	unparseable SMILES
oxyphenonium	no aromatic nitrogen (cannot coordinate the heme iron)
oxytetracycline	unparseable SMILES
oxytocin	69 heavy atoms > 45 (outside applicability domain)
ozolinone	unparseable SMILES
p-dimethylinamyl-benzoate	no aromatic nitrogen (cannot coordinate the heme iron)
P22077	no aromatic nitrogen (cannot coordinate the heme iron)
P276-00	no aromatic nitrogen (cannot coordinate the heme iron)
P5091	no aromatic nitrogen (cannot coordinate the heme iron)
P7C3	unparseable SMILES
PAC-1	no aromatic nitrogen (cannot coordinate the heme iron)
paclitaxel	62 heavy atoms > 45 (outside applicability domain)
PACOCF3	no aromatic nitrogen (cannot coordinate the heme iron)
paeoniflorin	no aromatic nitrogen (cannot coordinate the heme iron)
paeonol	no aromatic nitrogen (cannot coordinate the heme iron)
pafuramidine	no aromatic nitrogen (cannot coordinate the heme iron)
pagoclone	unparseable SMILES
palifosfamide	no aromatic nitrogen (cannot coordinate the heme iron)
paliperidone	unparseable SMILES
palmitoleic-acid	no aromatic nitrogen (cannot coordinate the heme iron)
palmitoylcarnitine	no aromatic nitrogen (cannot coordinate the heme iron)
palmitoylethanolamide	no aromatic nitrogen (cannot coordinate the heme iron)
palomid-529	unparseable SMILES
palonosetron	no aromatic nitrogen (cannot coordinate the heme iron)
pamidronate	no aromatic nitrogen (cannot coordinate the heme iron)
pancuronium	no aromatic nitrogen (cannot coordinate the heme iron)
panipenem	no aromatic nitrogen (cannot coordinate the heme iron)
pantethine	no aromatic nitrogen (cannot coordinate the heme iron)
pantothenic-acid	no aromatic nitrogen (cannot coordinate the heme iron)
PAOPA	no aromatic nitrogen (cannot coordinate the heme iron)
para-toluenesulfonamide	no aromatic nitrogen (cannot coordinate the heme iron)
paracetamol	no aromatic nitrogen (cannot coordinate the heme iron)
parachlorophenol	no aromatic nitrogen (cannot coordinate the heme iron)
paramethadione	unparseable SMILES
parcetasal	unparseable SMILES
parethoxycaine	no aromatic nitrogen (cannot coordinate the heme iron)
pargyline	no aromatic nitrogen (cannot coordinate the heme iron)
paricalcitol	no aromatic nitrogen (cannot coordinate the heme iron)
paritaprevir	55 heavy atoms > 45 (outside applicability domain)
paromomycin	no aromatic nitrogen (cannot coordinate the heme iron)
paroxetine	no aromatic nitrogen (cannot coordinate the heme iron)
paroxypropione	no aromatic nitrogen (cannot coordinate the heme iron)
parthenolide	no aromatic nitrogen (cannot coordinate the heme iron)
parthenolide-_-_	no aromatic nitrogen (cannot coordinate the heme iron)
parthenolide-_alternate-stereo_	no aromatic nitrogen (cannot coordinate the heme iron)
pasireotide	77 heavy atoms > 45 (outside applicability domain)
PBI-4050	no aromatic nitrogen (cannot coordinate the heme iron)
PCA-4248	unparseable SMILES
PCI-24781	no aromatic nitrogen (cannot coordinate the heme iron)
PCO-400	no aromatic nitrogen (cannot coordinate the heme iron)
PD-0325901	no aromatic nitrogen (cannot coordinate the heme iron)
PD-102807	unparseable SMILES
PD-118057	no aromatic nitrogen (cannot coordinate the heme iron)
PD-128907	no aromatic nitrogen (cannot coordinate the heme iron)
PD-156707	no aromatic nitrogen (cannot coordinate the heme iron)
PD-166793	no aromatic nitrogen (cannot coordinate the heme iron)
PD-168077	no aromatic nitrogen (cannot coordinate the heme iron)
PD-168568	no aromatic nitrogen (cannot coordinate the heme iron)
PD-173212	no aromatic nitrogen (cannot coordinate the heme iron)
PD-184352	no aromatic nitrogen (cannot coordinate the heme iron)
PD-198306	no aromatic nitrogen (cannot coordinate the heme iron)
PD-318088	unparseable SMILES
PD-81723	no aromatic nitrogen (cannot coordinate the heme iron)
PD-98059	no aromatic nitrogen (cannot coordinate the heme iron)
PD1-PDL-inhibitor-1	no aromatic nitrogen (cannot coordinate the heme iron)
PDP-EA	no aromatic nitrogen (cannot coordinate the heme iron)
peficitinib	unparseable SMILES
pempidine	no aromatic nitrogen (cannot coordinate the heme iron)
penbutolol	no aromatic nitrogen (cannot coordinate the heme iron)
penfluridol	no aromatic nitrogen (cannot coordinate the heme iron)
penicillamine-_D_	no aromatic nitrogen (cannot coordinate the heme iron)
penicillamine-_racemic_	no aromatic nitrogen (cannot coordinate the heme iron)
penicillin-v-potassium	no aromatic nitrogen (cannot coordinate the heme iron)
pentacosanoic-acid	no aromatic nitrogen (cannot coordinate the heme iron)
pentagastrin	54 heavy atoms > 45 (outside applicability domain)
pentamidine	no aromatic nitrogen (cannot coordinate the heme iron)
pentetic-acid	no aromatic nitrogen (cannot coordinate the heme iron)
pentolinium	no aromatic nitrogen (cannot coordinate the heme iron)
pepstatin	48 heavy atoms > 45 (outside applicability domain)
peramivir	no aromatic nitrogen (cannot coordinate the heme iron)
peretinoin	no aromatic nitrogen (cannot coordinate the heme iron)
perfluamine	no aromatic nitrogen (cannot coordinate the heme iron)
perflubron	no aromatic nitrogen (cannot coordinate the heme iron)
perfluorodecalin	no aromatic nitrogen (cannot coordinate the heme iron)
perfluorohexyloctane	no aromatic nitrogen (cannot coordinate the heme iron)
perhexiline	no aromatic nitrogen (cannot coordinate the heme iron)
perifosine	no aromatic nitrogen (cannot coordinate the heme iron)
perillyl-alcohol	unparseable SMILES
perindopril	no aromatic nitrogen (cannot coordinate the heme iron)
perindoprilat	no aromatic nitrogen (cannot coordinate the heme iron)
permethrin	unparseable SMILES
perphenazine	no aromatic nitrogen (cannot coordinate the heme iron)
peruvoside	unparseable SMILES
perzinfotel	no aromatic nitrogen (cannot coordinate the heme iron)
PETCM	unparseable SMILES
PF-03882845	no aromatic nitrogen (cannot coordinate the heme iron)
PF-04418948	no aromatic nitrogen (cannot coordinate the heme iron)
PF-06463922	unparseable SMILES
PF-06840003	unparseable SMILES
PF-429242	no aromatic nitrogen (cannot coordinate the heme iron)
PFI-1	no aromatic nitrogen (cannot coordinate the heme iron)
PG-9	unparseable SMILES
PGL5001	unparseable SMILES
PHA-568487	no aromatic nitrogen (cannot coordinate the heme iron)
PHCCC	unparseable SMILES
phenacaine	no aromatic nitrogen (cannot coordinate the heme iron)
phenacemide	no aromatic nitrogen (cannot coordinate the heme iron)
phenacetin	no aromatic nitrogen (cannot coordinate the heme iron)
phenelzine	no aromatic nitrogen (cannot coordinate the heme iron)
phenethicillin	unparseable SMILES
phenethyl-isothiocyanate	no aromatic nitrogen (cannot coordinate the heme iron)
phenformin	no aromatic nitrogen (cannot coordinate the heme iron)
phenindamine	unparseable SMILES
phenindione	no aromatic nitrogen (cannot coordinate the heme iron)
phenol	no aromatic nitrogen (cannot coordinate the heme iron)
phenolphthalein	no aromatic nitrogen (cannot coordinate the heme iron)
phenolsulfonphthalein	no aromatic nitrogen (cannot coordinate the heme iron)
phenothiazine	no aromatic nitrogen (cannot coordinate the heme iron)
phenothrin	unparseable SMILES
phenoxybenzamine	no aromatic nitrogen (cannot coordinate the heme iron)
phenprobamate	no aromatic nitrogen (cannot coordinate the heme iron)
phenprocoumon	unparseable SMILES
phenserine	no aromatic nitrogen (cannot coordinate the heme iron)
phensuximide	unparseable SMILES
phentolamine	no aromatic nitrogen (cannot coordinate the heme iron)
phenyl-aminosalicylate	no aromatic nitrogen (cannot coordinate the heme iron)
phenyl-salicylate	no aromatic nitrogen (cannot coordinate the heme iron)
phenylacetylglutamine	no aromatic nitrogen (cannot coordinate the heme iron)
phenylbutazone	no aromatic nitrogen (cannot coordinate the heme iron)
phenylbutyrate	no aromatic nitrogen (cannot coordinate the heme iron)
phenylephrine	no aromatic nitrogen (cannot coordinate the heme iron)
phenylethyl-alcohol	no aromatic nitrogen (cannot coordinate the heme iron)
phenylmercuric-acetate	no aromatic nitrogen (cannot coordinate the heme iron)
phenylmethylsulfonyl-fluoride	no aromatic nitrogen (cannot coordinate the heme iron)
phenylpiracetam	unparseable SMILES
phenytoin	no aromatic nitrogen (cannot coordinate the heme iron)
phloretin	no aromatic nitrogen (cannot coordinate the heme iron)
phlorizin	no aromatic nitrogen (cannot coordinate the heme iron)
phloroglucin	no aromatic nitrogen (cannot coordinate the heme iron)
phosphatidylcholine	unparseable SMILES
phthalylsulfacetamide	no aromatic nitrogen (cannot coordinate the heme iron)
physostigmine	no aromatic nitrogen (cannot coordinate the heme iron)
phytonadione	no aromatic nitrogen (cannot coordinate the heme iron)
phytosphingosine	no aromatic nitrogen (cannot coordinate the heme iron)
PI-828	no aromatic nitrogen (cannot coordinate the heme iron)
picartamide	unparseable SMILES
piceatannol	no aromatic nitrogen (cannot coordinate the heme iron)
picrotin	unparseable SMILES
picrotoxinin	no aromatic nitrogen (cannot coordinate the heme iron)
pidolic-acid	no aromatic nitrogen (cannot coordinate the heme iron)
pidotimod	no aromatic nitrogen (cannot coordinate the heme iron)
pifithrin-mu	no aromatic nitrogen (cannot coordinate the heme iron)
piketoprofen	unparseable SMILES
pilsicainide	no aromatic nitrogen (cannot coordinate the heme iron)
pimavanserin	no aromatic nitrogen (cannot coordinate the heme iron)
pimecrolimus	56 heavy atoms > 45 (outside applicability domain)
pimethixene	no aromatic nitrogen (cannot coordinate the heme iron)
pimobendan	unparseable SMILES
pimonidazole	unparseable SMILES
pinacidil	unparseable SMILES
pinanediol	no aromatic nitrogen (cannot coordinate the heme iron)
pinaverium	unparseable SMILES
pincainide	no aromatic nitrogen (cannot coordinate the heme iron)
pindolol	unparseable SMILES
pinitol	no aromatic nitrogen (cannot coordinate the heme iron)
pinocembrin	no aromatic nitrogen (cannot coordinate the heme iron)
pipamperone	no aromatic nitrogen (cannot coordinate the heme iron)
pipecuronium	unparseable SMILES
pipenzolate	unparseable SMILES
piperacetazine	no aromatic nitrogen (cannot coordinate the heme iron)
piperacillin	no aromatic nitrogen (cannot coordinate the heme iron)
piperazine	no aromatic nitrogen (cannot coordinate the heme iron)
piperazinedione	no aromatic nitrogen (cannot coordinate the heme iron)
piperidolate	no aromatic nitrogen (cannot coordinate the heme iron)
piperine	no aromatic nitrogen (cannot coordinate the heme iron)
piperonyl-butoxide	no aromatic nitrogen (cannot coordinate the heme iron)
pipobroman	no aromatic nitrogen (cannot coordinate the heme iron)
pipotiazine	no aromatic nitrogen (cannot coordinate the heme iron)
pipotiazine-palmitate	49 heavy atoms > 45 (outside applicability domain)
piracetam	no aromatic nitrogen (cannot coordinate the heme iron)
pirarubicin	no aromatic nitrogen (cannot coordinate the heme iron)
piretanide	no aromatic nitrogen (cannot coordinate the heme iron)
piricapiron	unparseable SMILES
pirmenol	unparseable SMILES
pitolisant	no aromatic nitrogen (cannot coordinate the heme iron)
pivagabine	no aromatic nitrogen (cannot coordinate the heme iron)
pivampicillin	no aromatic nitrogen (cannot coordinate the heme iron)
pivanex	no aromatic nitrogen (cannot coordinate the heme iron)
pivmecillinam	no aromatic nitrogen (cannot coordinate the heme iron)
pizotifen	no aromatic nitrogen (cannot coordinate the heme iron)
PK-11195	unparseable SMILES
PKI-179	unparseable SMILES
plerixafor	no aromatic nitrogen (cannot coordinate the heme iron)
plicamycin	76 heavy atoms > 45 (outside applicability domain)
plovamer-acetate	unparseable SMILES
plumbagin	no aromatic nitrogen (cannot coordinate the heme iron)
PMPA	unparseable SMILES
PNU-142633	no aromatic nitrogen (cannot coordinate the heme iron)
PNU-177864	no aromatic nitrogen (cannot coordinate the heme iron)
PNU-282987	no aromatic nitrogen (cannot coordinate the heme iron)
PNU-37883	no aromatic nitrogen (cannot coordinate the heme iron)
PNU-74654	no aromatic nitrogen (cannot coordinate the heme iron)
pocapavir	no aromatic nitrogen (cannot coordinate the heme iron)
podophyllotoxin	no aromatic nitrogen (cannot coordinate the heme iron)
polidocanol	no aromatic nitrogen (cannot coordinate the heme iron)
polydatin	no aromatic nitrogen (cannot coordinate the heme iron)
polyinosine	unparseable SMILES
polymyxin-B-sulfate	unparseable SMILES
polythiazide	unparseable SMILES
pomalidomide	unparseable SMILES
ponesimod	no aromatic nitrogen (cannot coordinate the heme iron)
posaconazole	51 heavy atoms > 45 (outside applicability domain)
potassium-canrenoate	unparseable SMILES
potassium-iodide	no aromatic nitrogen (cannot coordinate the heme iron)
potassium-p-aminobenzoate	no aromatic nitrogen (cannot coordinate the heme iron)
practolol	unparseable SMILES
pralatrexate	unparseable SMILES
pralmorelin	60 heavy atoms > 45 (outside applicability domain)
pramiracetam	no aromatic nitrogen (cannot coordinate the heme iron)
pramoxine	no aromatic nitrogen (cannot coordinate the heme iron)
pranidipine	unparseable SMILES
pranoprofen	unparseable SMILES
prasterone-acetate	no aromatic nitrogen (cannot coordinate the heme iron)
prasugrel	unparseable SMILES
pravastatin	unparseable SMILES
praziquantel	unparseable SMILES
PRE-084	no aromatic nitrogen (cannot coordinate the heme iron)
preclamol	no aromatic nitrogen (cannot coordinate the heme iron)
prednicarbate	unparseable SMILES
prednisolone	unparseable SMILES
prednisolone-acetate	unparseable SMILES
prednisolone-hemisuccinate	unparseable SMILES
prednisolone-sodium-phosphate	unparseable SMILES
prednisolone-tebutate	unparseable SMILES
prednisone	unparseable SMILES
pregnenolone	no aromatic nitrogen (cannot coordinate the heme iron)
pregnenolone-succinate	unparseable SMILES
prenylamine	no aromatic nitrogen (cannot coordinate the heme iron)
pridinol	no aromatic nitrogen (cannot coordinate the heme iron)
pridopidine	no aromatic nitrogen (cannot coordinate the heme iron)
prilocaine	unparseable SMILES
PRIMA1	no aromatic nitrogen (cannot coordinate the heme iron)
primidone	no aromatic nitrogen (cannot coordinate the heme iron)
priralfinamide	no aromatic nitrogen (cannot coordinate the heme iron)
prisotinol	unparseable SMILES
PRN1008	49 heavy atoms > 45 (outside applicability domain)
proadifen	no aromatic nitrogen (cannot coordinate the heme iron)
probenecid	no aromatic nitrogen (cannot coordinate the heme iron)
probucol	no aromatic nitrogen (cannot coordinate the heme iron)
procainamide	no aromatic nitrogen (cannot coordinate the heme iron)
procaine	no aromatic nitrogen (cannot coordinate the heme iron)
procarbazine	no aromatic nitrogen (cannot coordinate the heme iron)
prochlorperazine	no aromatic nitrogen (cannot coordinate the heme iron)
procyanidin-B-2	no aromatic nitrogen (cannot coordinate the heme iron)
procysteine	no aromatic nitrogen (cannot coordinate the heme iron)
profenamine	no aromatic nitrogen (cannot coordinate the heme iron)
progesterone	no aromatic nitrogen (cannot coordinate the heme iron)
proglumetacin	unparseable SMILES
proglumide	no aromatic nitrogen (cannot coordinate the heme iron)
proguanil	no aromatic nitrogen (cannot coordinate the heme iron)
prolylleucylglycinamide	unparseable SMILES
promazine	no aromatic nitrogen (cannot coordinate the heme iron)
promestriene	no aromatic nitrogen (cannot coordinate the heme iron)
promethazine	no aromatic nitrogen (cannot coordinate the heme iron)
pronethalol	unparseable SMILES
propacetamol	no aromatic nitrogen (cannot coordinate the heme iron)
propafenone	unparseable SMILES
propagermanium	no aromatic nitrogen (cannot coordinate the heme iron)
propantheline	no aromatic nitrogen (cannot coordinate the heme iron)
propatylnitrate	no aromatic nitrogen (cannot coordinate the heme iron)
propiolactone	no aromatic nitrogen (cannot coordinate the heme iron)
propiverine	no aromatic nitrogen (cannot coordinate the heme iron)
propofol	no aromatic nitrogen (cannot coordinate the heme iron)
propoxur	no aromatic nitrogen (cannot coordinate the heme iron)
propoxycaine	no aromatic nitrogen (cannot coordinate the heme iron)
propranolol	no aromatic nitrogen (cannot coordinate the heme iron)
propranolol-_R_	no aromatic nitrogen (cannot coordinate the heme iron)
propranolol-_S_	no aromatic nitrogen (cannot coordinate the heme iron)
propyl-benzoate	no aromatic nitrogen (cannot coordinate the heme iron)
propylene-glycol	unparseable SMILES
propylhexedrine	unparseable SMILES
propylparaben	no aromatic nitrogen (cannot coordinate the heme iron)
proscillaridin-A	no aromatic nitrogen (cannot coordinate the heme iron)
protriptyline	no aromatic nitrogen (cannot coordinate the heme iron)
proxymetacaine	no aromatic nitrogen (cannot coordinate the heme iron)
Proxyphylline	unparseable SMILES
prucalopride	no aromatic nitrogen (cannot coordinate the heme iron)
prulifloxacin	unparseable SMILES
PRX-07034	unparseable SMILES
PS178990	no aromatic nitrogen (cannot coordinate the heme iron)
PSB-06126	no aromatic nitrogen (cannot coordinate the heme iron)
PSB-36	unparseable SMILES
psoralen	no aromatic nitrogen (cannot coordinate the heme iron)
PT-2385	no aromatic nitrogen (cannot coordinate the heme iron)
pterostilbene	no aromatic nitrogen (cannot coordinate the heme iron)
puerarin	no aromatic nitrogen (cannot coordinate the heme iron)
putrescine	no aromatic nitrogen (cannot coordinate the heme iron)
PX-12	unparseable SMILES
PX-478	no aromatic nitrogen (cannot coordinate the heme iron)
PYM50028	no aromatic nitrogen (cannot coordinate the heme iron)
PYR-41	no aromatic nitrogen (cannot coordinate the heme iron)
pyrantel	no aromatic nitrogen (cannot coordinate the heme iron)
pyrantel-pamoate	no aromatic nitrogen (cannot coordinate the heme iron)
pyrethrins	no aromatic nitrogen (cannot coordinate the heme iron)
pyrithyldione	no aromatic nitrogen (cannot coordinate the heme iron)
pyrrolidine-dithiocarbamate	no aromatic nitrogen (cannot coordinate the heme iron)
quazinone	no aromatic nitrogen (cannot coordinate the heme iron)
quercetin	no aromatic nitrogen (cannot coordinate the heme iron)
quetiapine	no aromatic nitrogen (cannot coordinate the heme iron)
quinagolide	no aromatic nitrogen (cannot coordinate the heme iron)
quinapril	no aromatic nitrogen (cannot coordinate the heme iron)
quinaprilat	no aromatic nitrogen (cannot coordinate the heme iron)
quinestrol	no aromatic nitrogen (cannot coordinate the heme iron)
quinethazone	unparseable SMILES
QX-222	no aromatic nitrogen (cannot coordinate the heme iron)
QX-314	no aromatic nitrogen (cannot coordinate the heme iron)
R-1485	no aromatic nitrogen (cannot coordinate the heme iron)
R-96544	no aromatic nitrogen (cannot coordinate the heme iron)
rac-BHFF	unparseable SMILES
racecadotril	unparseable SMILES
raclopride	no aromatic nitrogen (cannot coordinate the heme iron)
ractopamine	unparseable SMILES
radafaxine	no aromatic nitrogen (cannot coordinate the heme iron)
ralinepag	no aromatic nitrogen (cannot coordinate the heme iron)
raloxifene	no aromatic nitrogen (cannot coordinate the heme iron)
ramelteon	no aromatic nitrogen (cannot coordinate the heme iron)
ramipril	no aromatic nitrogen (cannot coordinate the heme iron)
ranitidine	no aromatic nitrogen (cannot coordinate the heme iron)
ranolazine	no aromatic nitrogen (cannot coordinate the heme iron)
rapastinel	no aromatic nitrogen (cannot coordinate the heme iron)
rasagiline	no aromatic nitrogen (cannot coordinate the heme iron)
RBC8	unparseable SMILES
rebamipide	unparseable SMILES
reboxetine	unparseable SMILES
refametinib	no aromatic nitrogen (cannot coordinate the heme iron)
relcovaptan	no aromatic nitrogen (cannot coordinate the heme iron)
relebactam	no aromatic nitrogen (cannot coordinate the heme iron)
remacemide	no aromatic nitrogen (cannot coordinate the heme iron)
remetinostat	no aromatic nitrogen (cannot coordinate the heme iron)
remoxipride	no aromatic nitrogen (cannot coordinate the heme iron)
repaglinide	no aromatic nitrogen (cannot coordinate the heme iron)
reparixin	no aromatic nitrogen (cannot coordinate the heme iron)
resatorvid	no aromatic nitrogen (cannot coordinate the heme iron)
resibufogenin	no aromatic nitrogen (cannot coordinate the heme iron)
resorcinol	no aromatic nitrogen (cannot coordinate the heme iron)
resorcinol-monoacetate	no aromatic nitrogen (cannot coordinate the heme iron)
resveratrol	no aromatic nitrogen (cannot coordinate the heme iron)
retapamulin	no aromatic nitrogen (cannot coordinate the heme iron)
retaspimycin	unparseable SMILES
retinaldehyde	no aromatic nitrogen (cannot coordinate the heme iron)
retinol	no aromatic nitrogen (cannot coordinate the heme iron)
retinyl-acetate	no aromatic nitrogen (cannot coordinate the heme iron)
retinyl-palmitate	no aromatic nitrogen (cannot coordinate the heme iron)
REV-5901	unparseable SMILES
revaprazan	unparseable SMILES
revefenacin	no aromatic nitrogen (cannot coordinate the heme iron)
reynoutrin	no aromatic nitrogen (cannot coordinate the heme iron)
RG1530	unparseable SMILES
RG2833	no aromatic nitrogen (cannot coordinate the heme iron)
RG4733	no aromatic nitrogen (cannot coordinate the heme iron)
RG7112	49 heavy atoms > 45 (outside applicability domain)
RGX-104	no aromatic nitrogen (cannot coordinate the heme iron)
RHC-80267	no aromatic nitrogen (cannot coordinate the heme iron)
rhein	no aromatic nitrogen (cannot coordinate the heme iron)
rheochrysidin	no aromatic nitrogen (cannot coordinate the heme iron)
rhodamine-123	no aromatic nitrogen (cannot coordinate the heme iron)
RI-1	no aromatic nitrogen (cannot coordinate the heme iron)
ribitol	no aromatic nitrogen (cannot coordinate the heme iron)
riboflavin-tetrabutyrate	47 heavy atoms > 45 (outside applicability domain)
ribostamycin	no aromatic nitrogen (cannot coordinate the heme iron)
ribostamycin-sulfate	unparseable SMILES
ricinoleic-acid	no aromatic nitrogen (cannot coordinate the heme iron)
rifabutin	unparseable SMILES
rifampin	unparseable SMILES
rifamycin	unparseable SMILES
rifamycin-sv	unparseable SMILES
rifapentine	unparseable SMILES
rifaximin	unparseable SMILES
rigosertib	no aromatic nitrogen (cannot coordinate the heme iron)
rilapladib	52 heavy atoms > 45 (outside applicability domain)
rilmenidine	no aromatic nitrogen (cannot coordinate the heme iron)
rimantadine	unparseable SMILES
rimeporide	no aromatic nitrogen (cannot coordinate the heme iron)
rimexolone	unparseable SMILES
riodipine	unparseable SMILES
riodoxol	no aromatic nitrogen (cannot coordinate the heme iron)
RITA	no aromatic nitrogen (cannot coordinate the heme iron)
ritodrine	unparseable SMILES
ritonavir	50 heavy atoms > 45 (outside applicability domain)
rivaroxaban	no aromatic nitrogen (cannot coordinate the heme iron)
rivastigmine	no aromatic nitrogen (cannot coordinate the heme iron)
RN-1	no aromatic nitrogen (cannot coordinate the heme iron)
RN-1734	no aromatic nitrogen (cannot coordinate the heme iron)
RN-1747	no aromatic nitrogen (cannot coordinate the heme iron)
Ro-04-5595	no aromatic nitrogen (cannot coordinate the heme iron)
Ro-106-9920	unparseable SMILES
Ro-1138452	no aromatic nitrogen (cannot coordinate the heme iron)
Ro-20-1724	unparseable SMILES
Ro-25-6981	no aromatic nitrogen (cannot coordinate the heme iron)
Ro-48-8071	no aromatic nitrogen (cannot coordinate the heme iron)
Ro-4987655	no aromatic nitrogen (cannot coordinate the heme iron)
Ro-5263397	no aromatic nitrogen (cannot coordinate the heme iron)
Ro-67-7476	no aromatic nitrogen (cannot coordinate the heme iron)
robalzotan	no aromatic nitrogen (cannot coordinate the heme iron)
rocuronium	no aromatic nitrogen (cannot coordinate the heme iron)
rofecoxib	no aromatic nitrogen (cannot coordinate the heme iron)
rolapitant	no aromatic nitrogen (cannot coordinate the heme iron)
rolipram	unparseable SMILES
rolitetracycline	unparseable SMILES
roluperidone	no aromatic nitrogen (cannot coordinate the heme iron)
rolziracetam	no aromatic nitrogen (cannot coordinate the heme iron)
romidepsin	no aromatic nitrogen (cannot coordinate the heme iron)
ropinirole	no aromatic nitrogen (cannot coordinate the heme iron)
ropivacaine	no aromatic nitrogen (cannot coordinate the heme iron)
rosamicin	no aromatic nitrogen (cannot coordinate the heme iron)
rose-bengal	no aromatic nitrogen (cannot coordinate the heme iron)
rose-bengal-lactone	no aromatic nitrogen (cannot coordinate the heme iron)
rosiptor	no aromatic nitrogen (cannot coordinate the heme iron)
rosmarinic-acid	no aromatic nitrogen (cannot coordinate the heme iron)
rostafuroxine	no aromatic nitrogen (cannot coordinate the heme iron)
rotigotine	no aromatic nitrogen (cannot coordinate the heme iron)
rotundine	no aromatic nitrogen (cannot coordinate the heme iron)
roxarsone	no aromatic nitrogen (cannot coordinate the heme iron)
roxatidine-acetate	no aromatic nitrogen (cannot coordinate the heme iron)
roxithromycin	58 heavy atoms > 45 (outside applicability domain)
RP67580	no aromatic nitrogen (cannot coordinate the heme iron)
RRx-001	no aromatic nitrogen (cannot coordinate the heme iron)
RS-0481	no aromatic nitrogen (cannot coordinate the heme iron)
RS-102221	no aromatic nitrogen (cannot coordinate the heme iron)
RS-102895	no aromatic nitrogen (cannot coordinate the heme iron)
RS-23597-190	no aromatic nitrogen (cannot coordinate the heme iron)
RS-39604	no aromatic nitrogen (cannot coordinate the heme iron)
RS-45041-190	no aromatic nitrogen (cannot coordinate the heme iron)
RS-67333	no aromatic nitrogen (cannot coordinate the heme iron)
RS-67506	no aromatic nitrogen (cannot coordinate the heme iron)
RS-79948	no aromatic nitrogen (cannot coordinate the heme iron)
RSV604	no aromatic nitrogen (cannot coordinate the heme iron)
RTA-408	unparseable SMILES
RU-28318	no aromatic nitrogen (cannot coordinate the heme iron)
RU-58841	no aromatic nitrogen (cannot coordinate the heme iron)
RU-SKI-43	unparseable SMILES
rucinol	no aromatic nitrogen (cannot coordinate the heme iron)
rutin	no aromatic nitrogen (cannot coordinate the heme iron)
RV1729	53 heavy atoms > 45 (outside applicability domain)
RX-821002	unparseable SMILES
S-07662	no aromatic nitrogen (cannot coordinate the heme iron)
S-111	no aromatic nitrogen (cannot coordinate the heme iron)
S-14506	no aromatic nitrogen (cannot coordinate the heme iron)
S-17092	no aromatic nitrogen (cannot coordinate the heme iron)
S-38093	no aromatic nitrogen (cannot coordinate the heme iron)
S-isopropylisothiourea	no aromatic nitrogen (cannot coordinate the heme iron)
S-methylcysteine	no aromatic nitrogen (cannot coordinate the heme iron)
S-nitrosoglutathione	no aromatic nitrogen (cannot coordinate the heme iron)
S-sulfo-L-cysteine	no aromatic nitrogen (cannot coordinate the heme iron)
S-trityl-L-cysteine	no aromatic nitrogen (cannot coordinate the heme iron)
S15535	no aromatic nitrogen (cannot coordinate the heme iron)
S18986	no aromatic nitrogen (cannot coordinate the heme iron)
S4	no aromatic nitrogen (cannot coordinate the heme iron)
S63845	57 heavy atoms > 45 (outside applicability domain)
saccharin	no aromatic nitrogen (cannot coordinate the heme iron)
saclofen	unparseable SMILES
sacubitril	no aromatic nitrogen (cannot coordinate the heme iron)
sacubitrilat	no aromatic nitrogen (cannot coordinate the heme iron)
safflower-yellow	unparseable SMILES
safinamide	no aromatic nitrogen (cannot coordinate the heme iron)
safingol	no aromatic nitrogen (cannot coordinate the heme iron)
safranal	unparseable SMILES
sal003	unparseable SMILES
salicin	no aromatic nitrogen (cannot coordinate the heme iron)
salicyl-alcohol	no aromatic nitrogen (cannot coordinate the heme iron)
salicylamide	no aromatic nitrogen (cannot coordinate the heme iron)
salicylanilide	no aromatic nitrogen (cannot coordinate the heme iron)
salicylic-acid	no aromatic nitrogen (cannot coordinate the heme iron)
salidroside	no aromatic nitrogen (cannot coordinate the heme iron)
salinomycin	53 heavy atoms > 45 (outside applicability domain)
salirasib	no aromatic nitrogen (cannot coordinate the heme iron)
salmeterol	no aromatic nitrogen (cannot coordinate the heme iron)
salsolinol-1-carboxylic-acid	unparseable SMILES
salubrinal	unparseable SMILES
salvianolic-acid-A	no aromatic nitrogen (cannot coordinate the heme iron)
salvianolic-acid-B	52 heavy atoms > 45 (outside applicability domain)
salvinorin-A	no aromatic nitrogen (cannot coordinate the heme iron)
sameridine	no aromatic nitrogen (cannot coordinate the heme iron)
sancycline	unparseable SMILES
saquinavir	49 heavy atoms > 45 (outside applicability domain)
SAR405838	no aromatic nitrogen (cannot coordinate the heme iron)
sarcosine	no aromatic nitrogen (cannot coordinate the heme iron)
sardomozide	no aromatic nitrogen (cannot coordinate the heme iron)
sari-59-801	unparseable SMILES
sarpogrelate	no aromatic nitrogen (cannot coordinate the heme iron)
sasapyrine	no aromatic nitrogen (cannot coordinate the heme iron)
satraplatin	no aromatic nitrogen (cannot coordinate the heme iron)
saxagliptin	no aromatic nitrogen (cannot coordinate the heme iron)
SB-205384	unparseable SMILES
SB-218078	unparseable SMILES
SB-225002	no aromatic nitrogen (cannot coordinate the heme iron)
SB-258585	no aromatic nitrogen (cannot coordinate the heme iron)
SB-268262	unparseable SMILES
SB-269970	no aromatic nitrogen (cannot coordinate the heme iron)
SB-271046	no aromatic nitrogen (cannot coordinate the heme iron)
SB-297006	no aromatic nitrogen (cannot coordinate the heme iron)
SB-328437	no aromatic nitrogen (cannot coordinate the heme iron)
SB-366791	no aromatic nitrogen (cannot coordinate the heme iron)
SB-399885	no aromatic nitrogen (cannot coordinate the heme iron)
SB-415286	no aromatic nitrogen (cannot coordinate the heme iron)
SB-452533	no aromatic nitrogen (cannot coordinate the heme iron)
SB-612111	no aromatic nitrogen (cannot coordinate the heme iron)
SB-657510	no aromatic nitrogen (cannot coordinate the heme iron)
SB-683698	no aromatic nitrogen (cannot coordinate the heme iron)
SB-706375	no aromatic nitrogen (cannot coordinate the heme iron)
SB-743921	no aromatic nitrogen (cannot coordinate the heme iron)
SB-756050	no aromatic nitrogen (cannot coordinate the heme iron)
SBHA	no aromatic nitrogen (cannot coordinate the heme iron)
SC-10	no aromatic nitrogen (cannot coordinate the heme iron)
SC-12267	no aromatic nitrogen (cannot coordinate the heme iron)
SC-19220	no aromatic nitrogen (cannot coordinate the heme iron)
SC-9	no aromatic nitrogen (cannot coordinate the heme iron)
scabertopin	unparseable SMILES
SCH-221510	unparseable SMILES
SCH-23390	no aromatic nitrogen (cannot coordinate the heme iron)
schisandrin-B	no aromatic nitrogen (cannot coordinate the heme iron)
schisandrol-B	no aromatic nitrogen (cannot coordinate the heme iron)
sclareol	unparseable SMILES
sclareolide	no aromatic nitrogen (cannot coordinate the heme iron)
SCMC-Lys	no aromatic nitrogen (cannot coordinate the heme iron)
scopine	no aromatic nitrogen (cannot coordinate the heme iron)
scopolamine	no aromatic nitrogen (cannot coordinate the heme iron)
scopolamine-N-oxide	unparseable SMILES
SCP-1	no aromatic nitrogen (cannot coordinate the heme iron)
scriptaid	no aromatic nitrogen (cannot coordinate the heme iron)
SCS	no aromatic nitrogen (cannot coordinate the heme iron)
SD-2590	no aromatic nitrogen (cannot coordinate the heme iron)
SDM25N	unparseable SMILES
SDZ-205-557	no aromatic nitrogen (cannot coordinate the heme iron)
SDZ-21009	unparseable SMILES
SDZ-220-040	no aromatic nitrogen (cannot coordinate the heme iron)
SDZ-220-581	no aromatic nitrogen (cannot coordinate the heme iron)
SDZ-NKT-343	no aromatic nitrogen (cannot coordinate the heme iron)
SDZ-SER-082	no aromatic nitrogen (cannot coordinate the heme iron)
Se-methylselenocysteine	no aromatic nitrogen (cannot coordinate the heme iron)
secalciferol	no aromatic nitrogen (cannot coordinate the heme iron)
seclazone	unparseable SMILES
seclidemstat	no aromatic nitrogen (cannot coordinate the heme iron)
secnidazole	unparseable SMILES
secoisolariciresinol-_-_	no aromatic nitrogen (cannot coordinate the heme iron)
secoisolariciresinol-diglucoside	48 heavy atoms > 45 (outside applicability domain)
securinine	unparseable SMILES
segesterone-acetate	no aromatic nitrogen (cannot coordinate the heme iron)
seladelpar	no aromatic nitrogen (cannot coordinate the heme iron)
selamectin	unparseable SMILES
selegiline	no aromatic nitrogen (cannot coordinate the heme iron)
selenomethionine	no aromatic nitrogen (cannot coordinate the heme iron)
selfotel	no aromatic nitrogen (cannot coordinate the heme iron)
semagacestat	no aromatic nitrogen (cannot coordinate the heme iron)
semapimod	54 heavy atoms > 45 (outside applicability domain)
semustine	no aromatic nitrogen (cannot coordinate the heme iron)
senicapoc	no aromatic nitrogen (cannot coordinate the heme iron)
sennoside-A	unparseable SMILES
sennoside-protonated	unparseable SMILES
seocalcitol	no aromatic nitrogen (cannot coordinate the heme iron)
seratrodast	unparseable SMILES
sertaconazole	unparseable SMILES
sertraline	no aromatic nitrogen (cannot coordinate the heme iron)
sesamin	no aromatic nitrogen (cannot coordinate the heme iron)
setiptiline	no aromatic nitrogen (cannot coordinate the heme iron)
setmelanotide	78 heavy atoms > 45 (outside applicability domain)
sevoflurane	no aromatic nitrogen (cannot coordinate the heme iron)
SF-11	no aromatic nitrogen (cannot coordinate the heme iron)
SGS-742	no aromatic nitrogen (cannot coordinate the heme iron)
SHA-68	unparseable SMILES
shikimic-acid	unparseable SMILES
SIB-1553A	no aromatic nitrogen (cannot coordinate the heme iron)
SIB-1757	no aromatic nitrogen (cannot coordinate the heme iron)
SID-7969543	unparseable SMILES
siguazodan	unparseable SMILES
silibinin	no aromatic nitrogen (cannot coordinate the heme iron)
silodosin	no aromatic nitrogen (cannot coordinate the heme iron)
silymarin	unparseable SMILES
simeprevir	52 heavy atoms > 45 (outside applicability domain)
simurosertib	unparseable SMILES
simvastatin	unparseable SMILES
sincalide	78 heavy atoms > 45 (outside applicability domain)
sinomenine	no aromatic nitrogen (cannot coordinate the heme iron)
siponimod	no aromatic nitrogen (cannot coordinate the heme iron)
sirolimus	unparseable SMILES
sirtinol	unparseable SMILES
sisomicin	no aromatic nitrogen (cannot coordinate the heme iron)
sisomicin-sulfate	unparseable SMILES
sitosterol	no aromatic nitrogen (cannot coordinate the heme iron)
sivelestat	no aromatic nitrogen (cannot coordinate the heme iron)
SJ-172550	no aromatic nitrogen (cannot coordinate the heme iron)
SJG-136	unparseable SMILES
SK_F-10047-___	no aromatic nitrogen (cannot coordinate the heme iron)
skepinone-L	no aromatic nitrogen (cannot coordinate the heme iron)
SKF-38393	no aromatic nitrogen (cannot coordinate the heme iron)
SKF-77434	no aromatic nitrogen (cannot coordinate the heme iron)
SKF-81297	no aromatic nitrogen (cannot coordinate the heme iron)
SKF-83566	no aromatic nitrogen (cannot coordinate the heme iron)
SKF-89976A	no aromatic nitrogen (cannot coordinate the heme iron)
SKF-91488	no aromatic nitrogen (cannot coordinate the heme iron)
SLV-319-___-_	unparseable SMILES
SM-108	no aromatic nitrogen (cannot coordinate the heme iron)
SM-164	82 heavy atoms > 45 (outside applicability domain)
SM-21	unparseable SMILES
SMI-4a	no aromatic nitrogen (cannot coordinate the heme iron)
SN-2	unparseable SMILES
SN-6	unparseable SMILES
SNAP	unparseable SMILES
SNAP-5089	unparseable SMILES
SNAP-94847	no aromatic nitrogen (cannot coordinate the heme iron)
SNC-80	no aromatic nitrogen (cannot coordinate the heme iron)
SNG-1153	no aromatic nitrogen (cannot coordinate the heme iron)
sobetirome	no aromatic nitrogen (cannot coordinate the heme iron)
soblidotin	50 heavy atoms > 45 (outside applicability domain)
sobrepin	no aromatic nitrogen (cannot coordinate the heme iron)
sobuzoxane	no aromatic nitrogen (cannot coordinate the heme iron)
sodium-ascorbate	unparseable SMILES
sodium-butyrate	no aromatic nitrogen (cannot coordinate the heme iron)
sodium-danshensu	no aromatic nitrogen (cannot coordinate the heme iron)
sodium-dodecyl-sulfate	no aromatic nitrogen (cannot coordinate the heme iron)
sodium-gluconate	no aromatic nitrogen (cannot coordinate the heme iron)
sodium-gualenate	no aromatic nitrogen (cannot coordinate the heme iron)
sodium-monofluorophosphate	no aromatic nitrogen (cannot coordinate the heme iron)
sodium-nitrite	no aromatic nitrogen (cannot coordinate the heme iron)
sodium-nitroprusside	no aromatic nitrogen (cannot coordinate the heme iron)
sodium-orthovanadate	no aromatic nitrogen (cannot coordinate the heme iron)
sodium-stibogluconate	no aromatic nitrogen (cannot coordinate the heme iron)
sodium-tanshinone-II-A-sulfonate	no aromatic nitrogen (cannot coordinate the heme iron)
sodium-tetradecyl-sulfate	unparseable SMILES
sofalcone	no aromatic nitrogen (cannot coordinate the heme iron)
solamargine	unparseable SMILES
solifenacin-succinate	no aromatic nitrogen (cannot coordinate the heme iron)
solithromycin	60 heavy atoms > 45 (outside applicability domain)
solriamfetol	no aromatic nitrogen (cannot coordinate the heme iron)
somantadine	no aromatic nitrogen (cannot coordinate the heme iron)
somatostatin	115 heavy atoms > 45 (outside applicability domain)
sonepiprazole	no aromatic nitrogen (cannot coordinate the heme iron)
sophocarpine	no aromatic nitrogen (cannot coordinate the heme iron)
sorbic-acid	no aromatic nitrogen (cannot coordinate the heme iron)
sorbinil	unparseable SMILES
sorbitan-monostearate	unparseable SMILES
sorbitol	no aromatic nitrogen (cannot coordinate the heme iron)
sotagliflozin	no aromatic nitrogen (cannot coordinate the heme iron)
sotalol	no aromatic nitrogen (cannot coordinate the heme iron)
SP-420	no aromatic nitrogen (cannot coordinate the heme iron)
spaglumic-acid	no aromatic nitrogen (cannot coordinate the heme iron)
sparfosate	no aromatic nitrogen (cannot coordinate the heme iron)
sparteine-_-_	no aromatic nitrogen (cannot coordinate the heme iron)
sparteine-___	no aromatic nitrogen (cannot coordinate the heme iron)
sparteine-sulfate	no aromatic nitrogen (cannot coordinate the heme iron)
spectinomycin	no aromatic nitrogen (cannot coordinate the heme iron)
spermidine	no aromatic nitrogen (cannot coordinate the heme iron)
spermine	no aromatic nitrogen (cannot coordinate the heme iron)
sphingosylphosphorylcholine	unparseable SMILES
spiperone	no aromatic nitrogen (cannot coordinate the heme iron)
spiradoline	no aromatic nitrogen (cannot coordinate the heme iron)
spiramycin	unparseable SMILES
spirobromin	no aromatic nitrogen (cannot coordinate the heme iron)
spironolactone	no aromatic nitrogen (cannot coordinate the heme iron)
spiroxatrine	unparseable SMILES
spizofurone	no aromatic nitrogen (cannot coordinate the heme iron)
splitomycin	no aromatic nitrogen (cannot coordinate the heme iron)
SQ-109	no aromatic nitrogen (cannot coordinate the heme iron)
SQ-22536	unparseable SMILES
squalamine	no aromatic nitrogen (cannot coordinate the heme iron)
squaric-acid-dibutyl-ester	no aromatic nitrogen (cannot coordinate the heme iron)
SR-1078	no aromatic nitrogen (cannot coordinate the heme iron)
SR-11302	no aromatic nitrogen (cannot coordinate the heme iron)
SR-140333	no aromatic nitrogen (cannot coordinate the heme iron)
SR-59230A	no aromatic nitrogen (cannot coordinate the heme iron)
SSR180711	no aromatic nitrogen (cannot coordinate the heme iron)
SSR240612	54 heavy atoms > 45 (outside applicability domain)
ST-1859	no aromatic nitrogen (cannot coordinate the heme iron)
ST-2825	no aromatic nitrogen (cannot coordinate the heme iron)
ST-91	no aromatic nitrogen (cannot coordinate the heme iron)
STAT3-inhibitor-VI	no aromatic nitrogen (cannot coordinate the heme iron)
stattic	no aromatic nitrogen (cannot coordinate the heme iron)
stepronin	unparseable SMILES
stetaderm	no aromatic nitrogen (cannot coordinate the heme iron)
STF-083010	no aromatic nitrogen (cannot coordinate the heme iron)
stigmasterol	no aromatic nitrogen (cannot coordinate the heme iron)
stiripentol	unparseable SMILES
stobadine	no aromatic nitrogen (cannot coordinate the heme iron)
streptomycin	no aromatic nitrogen (cannot coordinate the heme iron)
streptozotocin	no aromatic nitrogen (cannot coordinate the heme iron)
strontium-ranelate	no aromatic nitrogen (cannot coordinate the heme iron)
strychnine	no aromatic nitrogen (cannot coordinate the heme iron)
SU4312	no aromatic nitrogen (cannot coordinate the heme iron)
substance-P	95 heavy atoms > 45 (outside applicability domain)
succinic-acid	no aromatic nitrogen (cannot coordinate the heme iron)
succinobucol	no aromatic nitrogen (cannot coordinate the heme iron)
succinylcholine-chloride	no aromatic nitrogen (cannot coordinate the heme iron)
sucralfate	111 heavy atoms > 45 (outside applicability domain)
sucralose	no aromatic nitrogen (cannot coordinate the heme iron)
sucrose	no aromatic nitrogen (cannot coordinate the heme iron)
sucrose-octaacetate	47 heavy atoms > 45 (outside applicability domain)
sudan-IV	no aromatic nitrogen (cannot coordinate the heme iron)
sufugolix	48 heavy atoms > 45 (outside applicability domain)
sugammadex	128 heavy atoms > 45 (outside applicability domain)
sulbactam	no aromatic nitrogen (cannot coordinate the heme iron)
sulbactam-pivoxil	unparseable SMILES
sulbentine	no aromatic nitrogen (cannot coordinate the heme iron)
sulbutiamine	48 heavy atoms > 45 (outside applicability domain)
sulfabenzamide	no aromatic nitrogen (cannot coordinate the heme iron)
sulfacarbamide	no aromatic nitrogen (cannot coordinate the heme iron)
sulfacetamide	no aromatic nitrogen (cannot coordinate the heme iron)
sulfaguanidine	no aromatic nitrogen (cannot coordinate the heme iron)
sulfanilamide	no aromatic nitrogen (cannot coordinate the heme iron)
sulfanilate-zinc	no aromatic nitrogen (cannot coordinate the heme iron)
sulfanitran	no aromatic nitrogen (cannot coordinate the heme iron)
sulfinpyrazone	unparseable SMILES
sulforaphane	no aromatic nitrogen (cannot coordinate the heme iron)
sulindac	unparseable SMILES
sulisobenzone	no aromatic nitrogen (cannot coordinate the heme iron)
sulmetozine	no aromatic nitrogen (cannot coordinate the heme iron)
suloctidil	unparseable SMILES
sulopenem	unparseable SMILES
sulpiride	unparseable SMILES
sultamicillin	no aromatic nitrogen (cannot coordinate the heme iron)
sultiame	no aromatic nitrogen (cannot coordinate the heme iron)
sultopride	unparseable SMILES
SUN-11602	no aromatic nitrogen (cannot coordinate the heme iron)
suplatast	no aromatic nitrogen (cannot coordinate the heme iron)
suprofen	unparseable SMILES
suramin	86 heavy atoms > 45 (outside applicability domain)
sutezolid	no aromatic nitrogen (cannot coordinate the heme iron)
suxibuzone	no aromatic nitrogen (cannot coordinate the heme iron)
swainsonine	no aromatic nitrogen (cannot coordinate the heme iron)
SY-640	no aromatic nitrogen (cannot coordinate the heme iron)
SYM-2081	no aromatic nitrogen (cannot coordinate the heme iron)
SYM-2206	unparseable SMILES
synephrine	no aromatic nitrogen (cannot coordinate the heme iron)
T-0901317	no aromatic nitrogen (cannot coordinate the heme iron)
T-1095	no aromatic nitrogen (cannot coordinate the heme iron)
T-62	no aromatic nitrogen (cannot coordinate the heme iron)
tabimorelin	no aromatic nitrogen (cannot coordinate the heme iron)
tacalcitol	no aromatic nitrogen (cannot coordinate the heme iron)
tacedinaline	no aromatic nitrogen (cannot coordinate the heme iron)
tacrolimus	57 heavy atoms > 45 (outside applicability domain)
tafluprost	no aromatic nitrogen (cannot coordinate the heme iron)
tagatose	no aromatic nitrogen (cannot coordinate the heme iron)
TAK-220	no aromatic nitrogen (cannot coordinate the heme iron)
TAK-779	no aromatic nitrogen (cannot coordinate the heme iron)
TAK-875	no aromatic nitrogen (cannot coordinate the heme iron)
talabostat	no aromatic nitrogen (cannot coordinate the heme iron)
talampanel	no aromatic nitrogen (cannot coordinate the heme iron)
talaporfin	52 heavy atoms > 45 (outside applicability domain)
talarozole	unparseable SMILES
talinolol	unparseable SMILES
talniflumate	unparseable SMILES
talopram	no aromatic nitrogen (cannot coordinate the heme iron)
talsaclidine	no aromatic nitrogen (cannot coordinate the heme iron)
taltobulin	no aromatic nitrogen (cannot coordinate the heme iron)
TAME	no aromatic nitrogen (cannot coordinate the heme iron)
tamibarotene	no aromatic nitrogen (cannot coordinate the heme iron)
tamoxifen	no aromatic nitrogen (cannot coordinate the heme iron)
tamsulosin	no aromatic nitrogen (cannot coordinate the heme iron)
tanespimycin	unparseable SMILES
tangeritin	no aromatic nitrogen (cannot coordinate the heme iron)
tannic-acid	122 heavy atoms > 45 (outside applicability domain)
tanshinone-I	no aromatic nitrogen (cannot coordinate the heme iron)
tanshinone-IIA	no aromatic nitrogen (cannot coordinate the heme iron)
tapinarof	no aromatic nitrogen (cannot coordinate the heme iron)
tarafenacin	no aromatic nitrogen (cannot coordinate the heme iron)
targinine	no aromatic nitrogen (cannot coordinate the heme iron)
tariquidar	48 heavy atoms > 45 (outside applicability domain)
tartaric-acid	no aromatic nitrogen (cannot coordinate the heme iron)
tasimelteon	no aromatic nitrogen (cannot coordinate the heme iron)
tasisulam	no aromatic nitrogen (cannot coordinate the heme iron)
taurine	no aromatic nitrogen (cannot coordinate the heme iron)
taurocholate	no aromatic nitrogen (cannot coordinate the heme iron)
tauroglycocholate	no aromatic nitrogen (cannot coordinate the heme iron)
taurolidine	no aromatic nitrogen (cannot coordinate the heme iron)
tavaborole	no aromatic nitrogen (cannot coordinate the heme iron)
tavilermide	no aromatic nitrogen (cannot coordinate the heme iron)
taxifolin	no aromatic nitrogen (cannot coordinate the heme iron)
TBOA-_DL_	no aromatic nitrogen (cannot coordinate the heme iron)
TC-E-5002	no aromatic nitrogen (cannot coordinate the heme iron)
TC-E-5006	unparseable SMILES
TC-H-106	no aromatic nitrogen (cannot coordinate the heme iron)
TC-I-15	no aromatic nitrogen (cannot coordinate the heme iron)
TC-I-2000	unparseable SMILES
TC-O-9311	no aromatic nitrogen (cannot coordinate the heme iron)
TC1	unparseable SMILES
TCID	no aromatic nitrogen (cannot coordinate the heme iron)
TCN201	no aromatic nitrogen (cannot coordinate the heme iron)
TCS-2002	unparseable SMILES
TCS-2314	no aromatic nitrogen (cannot coordinate the heme iron)
TCS-3035	no aromatic nitrogen (cannot coordinate the heme iron)
TCS-359	no aromatic nitrogen (cannot coordinate the heme iron)
TCS-5861528	unparseable SMILES
TCS-HDAC6-20b	no aromatic nitrogen (cannot coordinate the heme iron)
tebipenem	unparseable SMILES
tecalcet	no aromatic nitrogen (cannot coordinate the heme iron)
tecovirimat	no aromatic nitrogen (cannot coordinate the heme iron)
teicoplanin	132 heavy atoms > 45 (outside applicability domain)
teicoplanin-A2-1	unparseable SMILES
teicoplanin-A2-3	133 heavy atoms > 45 (outside applicability domain)
teijin-compound-1	no aromatic nitrogen (cannot coordinate the heme iron)
telaprevir	49 heavy atoms > 45 (outside applicability domain)
telenzepine	no aromatic nitrogen (cannot coordinate the heme iron)
telithromycin	58 heavy atoms > 45 (outside applicability domain)
telmesteine	unparseable SMILES
temefos	no aromatic nitrogen (cannot coordinate the heme iron)
temocapril	no aromatic nitrogen (cannot coordinate the heme iron)
temoporfin	52 heavy atoms > 45 (outside applicability domain)
tempol	no aromatic nitrogen (cannot coordinate the heme iron)
temsirolimus	unparseable SMILES
tenapanor	74 heavy atoms > 45 (outside applicability domain)
tenidap	unparseable SMILES
tenilsetam	unparseable SMILES
teniposide	46 heavy atoms > 45 (outside applicability domain)
tenofovir-alafenamide	unparseable SMILES
tenovin-1	no aromatic nitrogen (cannot coordinate the heme iron)
tenovin-6	no aromatic nitrogen (cannot coordinate the heme iron)
tenylidone	no aromatic nitrogen (cannot coordinate the heme iron)
teprenone	no aromatic nitrogen (cannot coordinate the heme iron)
terameprocol	no aromatic nitrogen (cannot coordinate the heme iron)
terazosin	unparseable SMILES
terbinafine	no aromatic nitrogen (cannot coordinate the heme iron)
terbutaline	no aromatic nitrogen (cannot coordinate the heme iron)
terciprazine	unparseable SMILES
terfenadine	unparseable SMILES
terguride	unparseable SMILES
teriflunomide	unparseable SMILES
terlipressin	85 heavy atoms > 45 (outside applicability domain)
terodiline	no aromatic nitrogen (cannot coordinate the heme iron)
teroxirone	unparseable SMILES
terpene	unparseable SMILES
terreic-acid-_-_	no aromatic nitrogen (cannot coordinate the heme iron)
terutroban	no aromatic nitrogen (cannot coordinate the heme iron)
tesaglitazar	no aromatic nitrogen (cannot coordinate the heme iron)
tetrabenazine	no aromatic nitrogen (cannot coordinate the heme iron)
tetracaine	no aromatic nitrogen (cannot coordinate the heme iron)
tetracycline	unparseable SMILES
tetradecylthioacetic-acid	no aromatic nitrogen (cannot coordinate the heme iron)
tetraethylenepentamine	no aromatic nitrogen (cannot coordinate the heme iron)
tetrahydrofolic-acid	unparseable SMILES
tetrahydropapaverine	no aromatic nitrogen (cannot coordinate the heme iron)
tetrahydrouridine	unparseable SMILES
tetrahydrozoline	unparseable SMILES
tetramethylthiuram-monosulfide	no aromatic nitrogen (cannot coordinate the heme iron)
tetramisole	unparseable SMILES
tetrandrine	46 heavy atoms > 45 (outside applicability domain)
tetrazol-5-yl-glycine-_RS_	unparseable SMILES
tetroquinone	no aromatic nitrogen (cannot coordinate the heme iron)
TG-003	no aromatic nitrogen (cannot coordinate the heme iron)
TGX-221	unparseable SMILES
thaliblastine	51 heavy atoms > 45 (outside applicability domain)
thalidomide	unparseable SMILES
theaflavin	no aromatic nitrogen (cannot coordinate the heme iron)
thiamet-g	no aromatic nitrogen (cannot coordinate the heme iron)
thiamphenicol	no aromatic nitrogen (cannot coordinate the heme iron)
thiamylal	unparseable SMILES
thiethylperazine	no aromatic nitrogen (cannot coordinate the heme iron)
thiocolchicoside	no aromatic nitrogen (cannot coordinate the heme iron)
thioctic-acid	unparseable SMILES
thiodiglycol	no aromatic nitrogen (cannot coordinate the heme iron)
thiomersal	no aromatic nitrogen (cannot coordinate the heme iron)
thiopental	unparseable SMILES
thioperamide	unparseable SMILES
thiophanate	no aromatic nitrogen (cannot coordinate the heme iron)
thioproperazine	no aromatic nitrogen (cannot coordinate the heme iron)
thioridazine	no aromatic nitrogen (cannot coordinate the heme iron)
thiorphan	unparseable SMILES
thiostrepton	unparseable SMILES
thiotepa	no aromatic nitrogen (cannot coordinate the heme iron)
thiothixene	no aromatic nitrogen (cannot coordinate the heme iron)
thiram	no aromatic nitrogen (cannot coordinate the heme iron)
threo-2-methylisocitrate-_DL_	unparseable SMILES
thymalfasin	217 heavy atoms > 45 (outside applicability domain)
thymol	no aromatic nitrogen (cannot coordinate the heme iron)
thymol-iodide	no aromatic nitrogen (cannot coordinate the heme iron)
thymopentin	48 heavy atoms > 45 (outside applicability domain)
tiagabine	no aromatic nitrogen (cannot coordinate the heme iron)
tianeptine	unparseable SMILES
tiapride	no aromatic nitrogen (cannot coordinate the heme iron)
tiaprofenic-acid	unparseable SMILES
tibolone	unparseable SMILES
TIC10	unparseable SMILES
ticarcillin	no aromatic nitrogen (cannot coordinate the heme iron)
ticlopidine	no aromatic nitrogen (cannot coordinate the heme iron)
tienilic-acid	no aromatic nitrogen (cannot coordinate the heme iron)
tifenazoxide	no aromatic nitrogen (cannot coordinate the heme iron)
tigecycline	unparseable SMILES
tilmicosin	unparseable SMILES
tilorone	no aromatic nitrogen (cannot coordinate the heme iron)
tiludronate	no aromatic nitrogen (cannot coordinate the heme iron)
timofibrate	unparseable SMILES
timonacic	no aromatic nitrogen (cannot coordinate the heme iron)
tinoridine	no aromatic nitrogen (cannot coordinate the heme iron)
tiopronin	unparseable SMILES
tiotropium	no aromatic nitrogen (cannot coordinate the heme iron)
tioxolone	no aromatic nitrogen (cannot coordinate the heme iron)
tipelukast	no aromatic nitrogen (cannot coordinate the heme iron)
tipranavir	unparseable SMILES
tiprenolol	unparseable SMILES
tiquizium	no aromatic nitrogen (cannot coordinate the heme iron)
tiracizine	no aromatic nitrogen (cannot coordinate the heme iron)
tiratricol	no aromatic nitrogen (cannot coordinate the heme iron)
tirofiban	no aromatic nitrogen (cannot coordinate the heme iron)
titanocene-dichloride	unparseable SMILES
TMN-355	no aromatic nitrogen (cannot coordinate the heme iron)
TMPH	no aromatic nitrogen (cannot coordinate the heme iron)
TMS	no aromatic nitrogen (cannot coordinate the heme iron)
TNP-470	no aromatic nitrogen (cannot coordinate the heme iron)
tobramycin	no aromatic nitrogen (cannot coordinate the heme iron)
tocainide	unparseable SMILES
tocofersolan	no aromatic nitrogen (cannot coordinate the heme iron)
tofisopam	unparseable SMILES
tofogliflozin	no aromatic nitrogen (cannot coordinate the heme iron)
tolamolol	unparseable SMILES
tolazamide	no aromatic nitrogen (cannot coordinate the heme iron)
tolazoline	no aromatic nitrogen (cannot coordinate the heme iron)
tolbutamide	no aromatic nitrogen (cannot coordinate the heme iron)
tolcapone	no aromatic nitrogen (cannot coordinate the heme iron)
tolfenamic-acid	no aromatic nitrogen (cannot coordinate the heme iron)
tolnaftate	no aromatic nitrogen (cannot coordinate the heme iron)
tolonidine	no aromatic nitrogen (cannot coordinate the heme iron)
toloxatone	unparseable SMILES
tolperisone	no aromatic nitrogen (cannot coordinate the heme iron)
tolrestat	no aromatic nitrogen (cannot coordinate the heme iron)
tolterodine	no aromatic nitrogen (cannot coordinate the heme iron)
tolvaptan	unparseable SMILES
tomeglovir	no aromatic nitrogen (cannot coordinate the heme iron)
tonabersat	no aromatic nitrogen (cannot coordinate the heme iron)
topilutamide	unparseable SMILES
topiramate	no aromatic nitrogen (cannot coordinate the heme iron)
torcetrapib	no aromatic nitrogen (cannot coordinate the heme iron)
toremifene	no aromatic nitrogen (cannot coordinate the heme iron)
tosedostat	no aromatic nitrogen (cannot coordinate the heme iron)
TPCA-1	no aromatic nitrogen (cannot coordinate the heme iron)
TPPS4	64 heavy atoms > 45 (outside applicability domain)
trabectedin	unparseable SMILES
TRAM-39	no aromatic nitrogen (cannot coordinate the heme iron)
tramiprosate	no aromatic nitrogen (cannot coordinate the heme iron)
trandolapril	no aromatic nitrogen (cannot coordinate the heme iron)
tranexamic-acid	no aromatic nitrogen (cannot coordinate the heme iron)
tranilast	no aromatic nitrogen (cannot coordinate the heme iron)
_trans-10_cis-12-conjugated-linoleic-acid_	no aromatic nitrogen (cannot coordinate the heme iron)
trans-2-undecenoic-acid	no aromatic nitrogen (cannot coordinate the heme iron)
trans-4-hydroxycrotonic-acid	no aromatic nitrogen (cannot coordinate the heme iron)
trans-4-methoxycinnamic-acid	no aromatic nitrogen (cannot coordinate the heme iron)
transcrocetinate	no aromatic nitrogen (cannot coordinate the heme iron)
tranylcypromine	unparseable SMILES
travoprost	no aromatic nitrogen (cannot coordinate the heme iron)
traxoprodil	no aromatic nitrogen (cannot coordinate the heme iron)
trebenzomine	unparseable SMILES
tremorine	no aromatic nitrogen (cannot coordinate the heme iron)
treosulfan	no aromatic nitrogen (cannot coordinate the heme iron)
trepibutone	no aromatic nitrogen (cannot coordinate the heme iron)
treprostinil	no aromatic nitrogen (cannot coordinate the heme iron)
tretazicar	no aromatic nitrogen (cannot coordinate the heme iron)
tretinoin	no aromatic nitrogen (cannot coordinate the heme iron)
triacetin	no aromatic nitrogen (cannot coordinate the heme iron)
triamcinolone	unparseable SMILES
triamcinolone-acetonide	unparseable SMILES
triamcinolone-hexacetonide	unparseable SMILES
tribenoside	unparseable SMILES
tribomsalan	no aromatic nitrogen (cannot coordinate the heme iron)
tribromoethanol	no aromatic nitrogen (cannot coordinate the heme iron)
tributyrin	no aromatic nitrogen (cannot coordinate the heme iron)
tricaprylin	no aromatic nitrogen (cannot coordinate the heme iron)
trichlormethiazide	unparseable SMILES
trichloroacetic-acid	no aromatic nitrogen (cannot coordinate the heme iron)
trichloroethylene	no aromatic nitrogen (cannot coordinate the heme iron)
trichostatin-a	no aromatic nitrogen (cannot coordinate the heme iron)
triclocarban	no aromatic nitrogen (cannot coordinate the heme iron)
triclosan	no aromatic nitrogen (cannot coordinate the heme iron)
tridihexethyl	no aromatic nitrogen (cannot coordinate the heme iron)
trientine	no aromatic nitrogen (cannot coordinate the heme iron)
trifloxystrobin	no aromatic nitrogen (cannot coordinate the heme iron)
trifluoperazine	no aromatic nitrogen (cannot coordinate the heme iron)
triflupromazine	no aromatic nitrogen (cannot coordinate the heme iron)
triflusal	no aromatic nitrogen (cannot coordinate the heme iron)
trihexyphenidyl	no aromatic nitrogen (cannot coordinate the heme iron)
trilostane	unparseable SMILES
trimebutine	no aromatic nitrogen (cannot coordinate the heme iron)
trimetazidine	no aromatic nitrogen (cannot coordinate the heme iron)
trimethadione	no aromatic nitrogen (cannot coordinate the heme iron)
trimethobenzamide	no aromatic nitrogen (cannot coordinate the heme iron)
trimethoquinol	no aromatic nitrogen (cannot coordinate the heme iron)
trimethylolpropane-triacrylate	no aromatic nitrogen (cannot coordinate the heme iron)
trimetozine	no aromatic nitrogen (cannot coordinate the heme iron)
trimipramine	no aromatic nitrogen (cannot coordinate the heme iron)
trioxsalen	no aromatic nitrogen (cannot coordinate the heme iron)
triptan	no aromatic nitrogen (cannot coordinate the heme iron)
triptolide	no aromatic nitrogen (cannot coordinate the heme iron)
triptorelin	95 heavy atoms > 45 (outside applicability domain)
trodusquemine	47 heavy atoms > 45 (outside applicability domain)
trofinetide	no aromatic nitrogen (cannot coordinate the heme iron)
trofosfamide	unparseable SMILES
troglitazone	unparseable SMILES
troleandomycin	57 heavy atoms > 45 (outside applicability domain)
trolox	unparseable SMILES
tromaril	no aromatic nitrogen (cannot coordinate the heme iron)
trometamol	no aromatic nitrogen (cannot coordinate the heme iron)
_tropanyl-3_5-dimethylbenzoate_	unparseable SMILES
tropesin	unparseable SMILES
tropicamide	unparseable SMILES
trospium	unparseable SMILES
troventol	unparseable SMILES
troxerutin	52 heavy atoms > 45 (outside applicability domain)
troxipide	unparseable SMILES
TS-011	no aromatic nitrogen (cannot coordinate the heme iron)
TTNPB	no aromatic nitrogen (cannot coordinate the heme iron)
TU-2100	no aromatic nitrogen (cannot coordinate the heme iron)
tuaminoheptane	no aromatic nitrogen (cannot coordinate the heme iron)
tubocurarine	no aromatic nitrogen (cannot coordinate the heme iron)
tuftsin	no aromatic nitrogen (cannot coordinate the heme iron)
TUG-770	no aromatic nitrogen (cannot coordinate the heme iron)
TUG-891	no aromatic nitrogen (cannot coordinate the heme iron)
tulobuterol	no aromatic nitrogen (cannot coordinate the heme iron)
TW-37	no aromatic nitrogen (cannot coordinate the heme iron)
TXA127	64 heavy atoms > 45 (outside applicability domain)
TY-52156	no aromatic nitrogen (cannot coordinate the heme iron)
tylosin	unparseable SMILES
tymazoline	no aromatic nitrogen (cannot coordinate the heme iron)
tyrphostin-A9	no aromatic nitrogen (cannot coordinate the heme iron)
tyrphostin-AG-18	no aromatic nitrogen (cannot coordinate the heme iron)
tyrphostin-AG-494	no aromatic nitrogen (cannot coordinate the heme iron)
tyrphostin-AG-835	no aromatic nitrogen (cannot coordinate the heme iron)
tyrphostin-AG-879	no aromatic nitrogen (cannot coordinate the heme iron)
tyrphostin-AG-99	no aromatic nitrogen (cannot coordinate the heme iron)
U-0124	no aromatic nitrogen (cannot coordinate the heme iron)
U-0126	no aromatic nitrogen (cannot coordinate the heme iron)
U-0521	no aromatic nitrogen (cannot coordinate the heme iron)
U-104	no aromatic nitrogen (cannot coordinate the heme iron)
U-18666A	no aromatic nitrogen (cannot coordinate the heme iron)
U-50488-_-_	no aromatic nitrogen (cannot coordinate the heme iron)
U-54494A	no aromatic nitrogen (cannot coordinate the heme iron)
U-75799E	64 heavy atoms > 45 (outside applicability domain)
U-99194	no aromatic nitrogen (cannot coordinate the heme iron)
UAMC-00039	no aromatic nitrogen (cannot coordinate the heme iron)
UB-165	unparseable SMILES
ubenimex	no aromatic nitrogen (cannot coordinate the heme iron)
UBP-296	unparseable SMILES
udenafil	unparseable SMILES
UF-010	no aromatic nitrogen (cannot coordinate the heme iron)
ufenamate	no aromatic nitrogen (cannot coordinate the heme iron)
UH-232-___	no aromatic nitrogen (cannot coordinate the heme iron)
UK-356618	no aromatic nitrogen (cannot coordinate the heme iron)
uki-1	no aromatic nitrogen (cannot coordinate the heme iron)
ulifloxacin	unparseable SMILES
ulipristal	unparseable SMILES
umeclidinium	no aromatic nitrogen (cannot coordinate the heme iron)
unbs-5162	no aromatic nitrogen (cannot coordinate the heme iron)
UNC0631	46 heavy atoms > 45 (outside applicability domain)
UNC1215	no aromatic nitrogen (cannot coordinate the heme iron)
UNC926	no aromatic nitrogen (cannot coordinate the heme iron)
undecylenic-acid	no aromatic nitrogen (cannot coordinate the heme iron)
upamostat	no aromatic nitrogen (cannot coordinate the heme iron)
URB597	no aromatic nitrogen (cannot coordinate the heme iron)
urea	no aromatic nitrogen (cannot coordinate the heme iron)
urethane	no aromatic nitrogen (cannot coordinate the heme iron)
uridine-5_-triphosphate	unparseable SMILES
urolithin-A	no aromatic nitrogen (cannot coordinate the heme iron)
ursodeoxycholyltaurine	no aromatic nitrogen (cannot coordinate the heme iron)
ursodiol	no aromatic nitrogen (cannot coordinate the heme iron)
ursolic-acid	no aromatic nitrogen (cannot coordinate the heme iron)
usniacin-___	unparseable SMILES
V-51	no aromatic nitrogen (cannot coordinate the heme iron)
vaborbactam	no aromatic nitrogen (cannot coordinate the heme iron)
val-tyr	no aromatic nitrogen (cannot coordinate the heme iron)
valbenazine	no aromatic nitrogen (cannot coordinate the heme iron)
valethamate	unparseable SMILES
valganciclovir	unparseable SMILES
valnemulin	no aromatic nitrogen (cannot coordinate the heme iron)
valnoctamide	unparseable SMILES
valproic-acid	no aromatic nitrogen (cannot coordinate the heme iron)
valpromide	no aromatic nitrogen (cannot coordinate the heme iron)
valrocemide	no aromatic nitrogen (cannot coordinate the heme iron)
valrubicin	51 heavy atoms > 45 (outside applicability domain)
valspodar	86 heavy atoms > 45 (outside applicability domain)
vancomycin	101 heavy atoms > 45 (outside applicability domain)
vanillin	no aromatic nitrogen (cannot coordinate the heme iron)
vanillylacetone	no aromatic nitrogen (cannot coordinate the heme iron)
vaniprevir	53 heavy atoms > 45 (outside applicability domain)
vanitiolide	no aromatic nitrogen (cannot coordinate the heme iron)
vanoxerine	no aromatic nitrogen (cannot coordinate the heme iron)
varenicline	unparseable SMILES
vasopressin	75 heavy atoms > 45 (outside applicability domain)
vatinoxan	no aromatic nitrogen (cannot coordinate the heme iron)
VBY-825	no aromatic nitrogen (cannot coordinate the heme iron)
VCH-916	unparseable SMILES
vecuronium	no aromatic nitrogen (cannot coordinate the heme iron)
vedaprofen	unparseable SMILES
velaresol	no aromatic nitrogen (cannot coordinate the heme iron)
veledimex	no aromatic nitrogen (cannot coordinate the heme iron)
velpatasvir	65 heavy atoms > 45 (outside applicability domain)
venetoclax	61 heavy atoms > 45 (outside applicability domain)
venlafaxine	no aromatic nitrogen (cannot coordinate the heme iron)
veralipride	unparseable SMILES
verapamil	no aromatic nitrogen (cannot coordinate the heme iron)
verbascoside	no aromatic nitrogen (cannot coordinate the heme iron)
vernakalant	no aromatic nitrogen (cannot coordinate the heme iron)
verteporfin	unparseable SMILES
vesamicol	no aromatic nitrogen (cannot coordinate the heme iron)
vesnarinone	no aromatic nitrogen (cannot coordinate the heme iron)
VGX-1027	unparseable SMILES
vigabatrin	no aromatic nitrogen (cannot coordinate the heme iron)
vilanterol	54 heavy atoms > 45 (outside applicability domain)
vildagliptin	no aromatic nitrogen (cannot coordinate the heme iron)
viloxazine	no aromatic nitrogen (cannot coordinate the heme iron)
vinblastine	59 heavy atoms > 45 (outside applicability domain)
vincristine	60 heavy atoms > 45 (outside applicability domain)
vindesine	55 heavy atoms > 45 (outside applicability domain)
vinflunine	60 heavy atoms > 45 (outside applicability domain)
vinorelbine	unparseable SMILES
viomycin	unparseable SMILES
visomitin	unparseable SMILES
vitamin-B12	unparseable SMILES
vitamin-E	no aromatic nitrogen (cannot coordinate the heme iron)
vixotrigine	no aromatic nitrogen (cannot coordinate the heme iron)
VLX1570	no aromatic nitrogen (cannot coordinate the heme iron)
voclosporin	86 heavy atoms > 45 (outside applicability domain)
voglibose	no aromatic nitrogen (cannot coordinate the heme iron)
volinanserin	no aromatic nitrogen (cannot coordinate the heme iron)
vorinostat	no aromatic nitrogen (cannot coordinate the heme iron)
vortioxetine	no aromatic nitrogen (cannot coordinate the heme iron)
voruciclib	no aromatic nitrogen (cannot coordinate the heme iron)
VTP-27999	no aromatic nitrogen (cannot coordinate the heme iron)
VU0238429	no aromatic nitrogen (cannot coordinate the heme iron)
VU0357121	no aromatic nitrogen (cannot coordinate the heme iron)
VU0364739	no aromatic nitrogen (cannot coordinate the heme iron)
VUF11207	no aromatic nitrogen (cannot coordinate the heme iron)
VX-222	no aromatic nitrogen (cannot coordinate the heme iron)
VX-765	no aromatic nitrogen (cannot coordinate the heme iron)
W-54011	no aromatic nitrogen (cannot coordinate the heme iron)
warfarin	no aromatic nitrogen (cannot coordinate the heme iron)
WAY-161503	no aromatic nitrogen (cannot coordinate the heme iron)
WAY-170523	no aromatic nitrogen (cannot coordinate the heme iron)
WAY-213613	no aromatic nitrogen (cannot coordinate the heme iron)
WAY-316606	no aromatic nitrogen (cannot coordinate the heme iron)
WB-4101	no aromatic nitrogen (cannot coordinate the heme iron)
WDR5-0103	no aromatic nitrogen (cannot coordinate the heme iron)
WIN-18446	no aromatic nitrogen (cannot coordinate the heme iron)
WIN-64338	51 heavy atoms > 45 (outside applicability domain)
wiskostatin	unparseable SMILES
wortmannin	no aromatic nitrogen (cannot coordinate the heme iron)
WR99210	unparseable SMILES
WWL-123	no aromatic nitrogen (cannot coordinate the heme iron)
WY-16922	no aromatic nitrogen (cannot coordinate the heme iron)
WYE-125132	unparseable SMILES
xaliproden	no aromatic nitrogen (cannot coordinate the heme iron)
xamoterol	no aromatic nitrogen (cannot coordinate the heme iron)
xanthone	no aromatic nitrogen (cannot coordinate the heme iron)
xenalipin	no aromatic nitrogen (cannot coordinate the heme iron)
xibenolol	unparseable SMILES
xilobam	no aromatic nitrogen (cannot coordinate the heme iron)
xipamide	no aromatic nitrogen (cannot coordinate the heme iron)
XMD17-109	47 heavy atoms > 45 (outside applicability domain)
xylazine	no aromatic nitrogen (cannot coordinate the heme iron)
xylometazoline	no aromatic nitrogen (cannot coordinate the heme iron)
xylose	no aromatic nitrogen (cannot coordinate the heme iron)
Y-11	no aromatic nitrogen (cannot coordinate the heme iron)
Y-134	no aromatic nitrogen (cannot coordinate the heme iron)
Y-26763	no aromatic nitrogen (cannot coordinate the heme iron)
Y-27152	no aromatic nitrogen (cannot coordinate the heme iron)
Y16	no aromatic nitrogen (cannot coordinate the heme iron)
YK-4-279	unparseable SMILES
YM-022	no aromatic nitrogen (cannot coordinate the heme iron)
YM-750	no aromatic nitrogen (cannot coordinate the heme iron)
YO-01027	no aromatic nitrogen (cannot coordinate the heme iron)
YS-035	no aromatic nitrogen (cannot coordinate the heme iron)
YS-201	unparseable SMILES
YZ9	no aromatic nitrogen (cannot coordinate the heme iron)
Z160	no aromatic nitrogen (cannot coordinate the heme iron)
zacopride	unparseable SMILES
zaltoprofen	unparseable SMILES
ZAMI-633	no aromatic nitrogen (cannot coordinate the heme iron)
zamifenacin	no aromatic nitrogen (cannot coordinate the heme iron)
zanamivir	no aromatic nitrogen (cannot coordinate the heme iron)
ZAPA	no aromatic nitrogen (cannot coordinate the heme iron)
zatebradine	no aromatic nitrogen (cannot coordinate the heme iron)
ZD-0947	unparseable SMILES
ZD-2079	no aromatic nitrogen (cannot coordinate the heme iron)
ZD-7114	no aromatic nitrogen (cannot coordinate the heme iron)
zileuton	unparseable SMILES
zinc-undecylenate	no aromatic nitrogen (cannot coordinate the heme iron)
ZK-811752	no aromatic nitrogen (cannot coordinate the heme iron)
ZM-226600	no aromatic nitrogen (cannot coordinate the heme iron)
ZM-336372	no aromatic nitrogen (cannot coordinate the heme iron)
ZM-39923	no aromatic nitrogen (cannot coordinate the heme iron)
zofenopril-calcium	no aromatic nitrogen (cannot coordinate the heme iron)
zotarolimus	unparseable SMILES
zotepine	no aromatic nitrogen (cannot coordinate the heme iron)
ZSET1446	unparseable SMILES
zuclopenthixol	no aromatic nitrogen (cannot coordinate the heme iron)
