cid	smiles	pchembl	n_records	types	heavy	verdict	max_tc	nearest_active	in_domain
CHEMBL22	COc1cc(Cc2cnc(N)nc2N)cc(OC)c1OC	4.455	6	IC50	21	in-envelope-novel	0.137	voriconazole	True
CHEMBL36	CCc1nc(N)nc(N)c1-c1ccc(Cl)cc1	5.3	1	IC50	17	in-envelope-novel	0.161	miconazole	True
CHEMBL91	Clc1ccc(COC(Cn2ccnc2)c2ccc(Cl)cc2Cl)c(Cl)c1	5.6	4	IC50	25	near-known	1.0	miconazole	True
CHEMBL106	OC(Cn1cncn1)(Cn1cncn1)c1ccc(F)cc1F	6.14	18	IC50	22	near-known	1.0	fluconazole	True
CHEMBL119	COc1cc(NCc2ccc3nc(N)nc(N)c3c2C)cc(OC)c1OC	8.06	2	IC50|Ki	27	in-envelope-novel	0.117	miconazole	True
CHEMBL130	O=C(N[C@H](CO)[C@H](O)c1ccc([N+](=O)[O-])cc1)C(Cl)Cl	4.65	1	IC50	20	out-of-scope	0.102	bifonazole	False
CHEMBL140	COc1cc(/C=C/C(=O)CC(=O)/C=C/c2ccc(O)c(OC)c2)ccc1O	4.625	2	IC50	27	out-of-scope	0.112	ketoconazole	False
CHEMBL413	CO[C@H]1C[C@@H]2CC[C@@H](C)[C@@](O)(O2)C(=O)C(=O)N2CCCC[C@H]2C(=O)O[C@H]([C@H](C)C[C@@H]2CC[C@@H](O)[C@H](OC)C2)CC(=O)[C@H](C)/C=C(\C)[C@@H](O)[C@@H](OC)C(=O)[C@H](C)C[C@H](C)/C=C/C=C/C=C/1C	6.29	1	IC50	65	out-of-scope	0.117	posaconazole	False
CHEMBL496	Oc1c(Cl)cc(Cl)c(Cl)c1Cc1c(O)c(Cl)cc(Cl)c1Cl	5.29	1	IC50	21	out-of-scope	0.14	oxiconazole	False
CHEMBL497	Oc1c(I)cc(Cl)c2cccnc12	5.58	1	IC50	13	in-envelope-novel	0.173	clotrimazole	True
CHEMBL626	CN(C/C=C/c1ccccc1)Cc1cccc2ccccc12	6.5	1	IC50	22	out-of-scope	0.125	bifonazole	False
CHEMBL638	C[C@@H](c1ncncc1F)[C@](O)(Cn1cncn1)c1ccc(F)cc1F	7.43	1	IC50	25	near-known	1.0	voriconazole	True
CHEMBL790	N=C(NCCCCCCNC(=N)NC(=N)Nc1ccc(Cl)cc1)NC(=N)Nc1ccc(Cl)cc1	4.66	1	IC50	34	out-of-scope	0.177	butoconazole	False
CHEMBL822	CN(C/C=C/C#CC(C)(C)C)Cc1cccc2ccccc12	5.125	8	IC50	22	out-of-scope	0.107	sertaconazole	False
CHEMBL866	COc1c(C)c2c(c(O)c1C/C=C(\C)CCC(=O)O)C(=O)OC2	5.1	1	IC50	23	out-of-scope	0.096	ketoconazole	False
CHEMBL1463	Nc1nc(=O)[nH]cc1F	6.275	2	IC50	9	in-envelope-novel	0.118	fluconazole	True
CHEMBL6227	Cc1nccn1CCCCc1ccc(CC(=O)N[C@H](CO)Cc2ccc(OCCC3CCCCC3)c(CCCCN)c2)cc1	4.31	1	EC50	44	in-envelope-novel	0.143	ketoconazole	True
CHEMBL6242	Cc1nccn1CCCCc1ccc(CC(=O)N[C@@H](CO)Cc2ccc(OCCC3CCCCC3)c(CCCN)c2)cc1	4.11	1	EC50	43	in-envelope-novel	0.152	ketoconazole	True
CHEMBL7492	COc1ccc(OC)c(Cc2cnc3nc(N)nc(N)c3c2C)c1	8.06	2	IC50|Ki	24	in-envelope-novel	0.109	itraconazole	True
CHEMBL25308	CC(C)=CCC/C(C)=C/CC/C(C)=C/CO	6.0	1	IC50	16	out-of-scope	0.048	ketoconazole	False
CHEMBL30938	COc1cc(OC)cc(N2C3CCC2CC(c2cnc(N)nc2N)C3)c1	8.6	2	IC50	26	in-envelope-novel	0.146	ketoconazole	True
CHEMBL32125	CCOP(=O)(OCC)OC1Cc2c(cccc2N(C)CC#CC#CC(C)(C)C)NC1=O	7.445	2	IC50	31	out-of-scope	0.107	itraconazole	False
CHEMBL32495	COC(C)(C)C#CC#CCN(C)c1cccc2c1CCC(=O)N2	5.99	1	IC50	23	out-of-scope	0.117	ketoconazole	False
CHEMBL32687	CC(C)(C)C#C/C=C/CN(c1cccc2c1CCC(=O)N2)S(C)(=O)=O	6.41	1	IC50	25	out-of-scope	0.086	efinaconazole	False
CHEMBL32780	CN(CC#CC#CC(C)(C)C)c1cccc2c1CC(N)C(=O)N2	6.155	2	IC50	23	out-of-scope	0.106	ketoconazole	False
CHEMBL34818	CC(C)[C@@H](N)C(=O)OC1Cc2c(cccc2N(C)CC#CC#CC(C)(C)C)NC1=O	7.83	1	IC50	30	out-of-scope	0.123	ketoconazole	False
CHEMBL35306	C[C@@H]([C@H](N)C(=O)N[C@H](C(=O)O)[C@H]1O[C@@H](n2ccc(=O)[nH]c2=O)[C@H](O)[C@@H]1O)[C@H](O)c1ccc(O)cn1	5.5	2	IC50	35	in-envelope-novel	0.131	posaconazole	True
CHEMBL35365	CC(=O)Nc1cccc(NC/C=C/C#CC(C)(C)C)c1	6.0	1	IC50	20	out-of-scope	0.103	fluconazole	False
CHEMBL35516	CC(C)(C)C#C/C=C/CNc1cccc2c1CCC(=O)N2	7.15	1	IC50	21	out-of-scope	0.091	efinaconazole	False
CHEMBL35671	CCC#CC#CCN(C)c1cccc2c1CCC(=O)N2	6.315	2	IC50	20	out-of-scope	0.103	itraconazole	False
CHEMBL35735	CC(C)N(C/C=C/C#CC(C)(C)C)c1cccc2c1CCC(=O)N2	7.165	2	IC50	24	out-of-scope	0.114	itraconazole	False
CHEMBL35760	CN(C/C=C/C#CC(C)(C)C)c1cccc2c1CCC(=O)N2	6.795	2	IC50	22	out-of-scope	0.103	efinaconazole	False
CHEMBL35895	CN(CCCC#CC(C)(C)C)c1cccc2c1CCC(=O)N2	6.285	2	IC50	22	out-of-scope	0.101	butoconazole	False
CHEMBL36240	CCCCCN(C/C=C/C#CC(C)(C)C)c1cccc2c1CCC(=O)N2	7.235	2	IC50	26	out-of-scope	0.095	efinaconazole	False
CHEMBL36409	CN(CC#CC#CC(C)(C)C)c1cccc2c1CCC(=O)N2	8.085	2	IC50	22	out-of-scope	0.099	ketoconazole	False
CHEMBL36445	CCCN(C/C=C/C#CC(C)(C)C)c1cccc2c1CCC(=O)N2	7.425	2	IC50	24	out-of-scope	0.098	efinaconazole	False
CHEMBL36446	CCN(C/C=C/C#CC(C)(C)C)c1cccc2c1CCC(=O)N2	7.295	2	IC50	23	out-of-scope	0.115	itraconazole	False
CHEMBL36516	Cn1c(=O)ccc2c(NC/C=C/C#CC(C)(C)C)cccc21	4.8	1	IC50	22	in-envelope-novel	0.092	efinaconazole	True
CHEMBL52476	C1=C[C@@H](C2CCCCC2)OOC1	5.02	1	IC50	12	out-of-scope	0.046	ketoconazole	False
CHEMBL52631	CCOC(=O)c1oc2cccc(OCCCNCc3cccnc3)c2c1CC	4.92	1	IC50	28	in-envelope-novel	0.126	ketoconazole	True
CHEMBL52854	CCOC(=O)c1oc2cccc(OCCCCCNC(C)(C)C)c2c1C	4.28	1	IC50	26	out-of-scope	0.105	ketoconazole	False
CHEMBL53026	CCOC(=O)c1oc2cccc(OCCCN3CCCCC3)c2c1C	4.07	1	IC50	25	out-of-scope	0.137	ketoconazole	False
CHEMBL53257	CCOC(=O)c1oc2cccc(OCCCNCc3cccnc3)c2c1C1CC1	4.96	1	IC50	29	in-envelope-novel	0.142	ketoconazole	True
CHEMBL54554	C1=C[C@H](c2ccccc2)OO[C@@H]1c1ccccc1	4.51	1	IC50	18	out-of-scope	0.15	bifonazole	False
CHEMBL54899	C1CCC([C@H]2OO[C@@H](C3CCCCC3)[C@@H]3O[C@@H]32)CC1	4.0	1	IC50	19	out-of-scope	0.037	ketoconazole	False
CHEMBL63208	Brc1ccc2c(-c3c[nH]c(-c4c[nH]c5ccccc45)n3)c[nH]c2c1	5.17	1	IC50	24	in-envelope-novel	0.123	sertaconazole	True
CHEMBL64391	CCC(C)n1ncn(-c2ccc(N3CCN(c4ccc(OCC5COC(Cn6cncn6)(c6ccc(Cl)cc6Cl)O5)cc4)CC3)cc2)c1=O	5.855	2	IC50	49	out-of-domain	1.0	itraconazole	False
CHEMBL65606	C[n+]1ccc(-c2c3nc(c(-c4cc[n+](C)cc4)c4ccc([nH]4)c(-c4cc[n+](C)cc4)c4ccc([nH]4)c(-c4cc[n+](C)cc4)c4nc2C=C4)C=C3)cc1	6.39	1	IC50	52	out-of-domain	0.096	isavuconazole	False
CHEMBL68028	CCCCCCN(Cc1c[nH]cn1)S(=O)(=O)c1ccc(OCCCC)cc1	7.12	1	IC50	27	in-envelope-novel	0.13	ketoconazole	True
CHEMBL68029	CCCCOc1ccc(S(=O)(=O)N(CCCCc2ccccc2)Cc2c[nH]cn2)cc1	7.57	1	IC50	31	in-envelope-novel	0.121	ketoconazole	True
CHEMBL68986	CCCCOc1ccc(S(=O)(=O)N(CCc2ccc(F)cc2)Cc2c[nH]cn2)cc1	7.58	1	IC50	30	in-envelope-novel	0.147	posaconazole	True
CHEMBL69421	CCCCOc1ccc(S(=O)(=O)N(Cc2c[nH]cn2)C(C(C)C)C(C)C)cc1	7.14	1	IC50	28	in-envelope-novel	0.138	itraconazole	True
CHEMBL69959	Brc1ccc(CCN(Cc2ccc(-c3ccccc3)cc2)Cc2c[nH]cn2)cc1	5.91	1	IC50	29	in-envelope-novel	0.183	bifonazole	True
CHEMBL70097	CCCCCc1ccc(S(=O)(=O)N(CCC(C)C)Cc2c[nH]cn2)cc1	6.92	1	IC50	26	in-envelope-novel	0.15	butoconazole	True
CHEMBL71575	CCCCOc1ccc(S(=O)(=O)N(CCc2cccs2)Cc2c[nH]cn2)cc1	7.96	1	IC50	28	in-envelope-novel	0.12	ketoconazole	True
CHEMBL82125	OC(Cn1cncn1)(Cn1cncn1)c1ccc(C(F)(F)F)cc1	5.49	1	IC50	24	in-envelope-novel	0.535	fluconazole	True
CHEMBL83547	Cc1ccc(Sc2cccc3nc(N)nc(N)c23)cc1	7.64	2	IC50	20	in-envelope-novel	0.133	fenticonazole	True
CHEMBL84308	OC(Cn1cncn1)(Cn1cncn1)c1ccc(Oc2ccc(Cl)cc2)cc1	5.16	1	IC50	28	in-envelope-novel	0.44	fluconazole	True
CHEMBL86856	Cc1nccn1CCCCc1ccc(C(C)C(=O)N[C@@H](CO)C(=O)N[C@@H](CCCCN)C(=O)N[C@@H](CC2CCCCC2)C(=O)O)cc1	4.48	1	EC50	47	out-of-domain	0.137	butoconazole	False
CHEMBL90351	O=S(=O)(c1ccc(CNCCc2ccc(Cl)cc2Cl)cc1)N(Cc1c[nH]cn1)CC1CCCCC1	10.82	1	IC50	35	in-envelope-novel	0.191	miconazole	True
CHEMBL92046	O=S(=O)(c1ccc(N2CCN(c3ccc(F)cc3)CC2)cc1)N(Cc1c[nH]cn1)CC1CCCCC1	10.77	1	IC50	36	in-envelope-novel	0.207	posaconazole	True
CHEMBL92069	CC(C)C(C(C)C)N(Cc1c[nH]cn1)S(=O)(=O)c1ccc(-c2ccc(Cl)cc2)cc1	10.78	1	IC50	30	in-envelope-novel	0.145	butoconazole	True
CHEMBL92634	CC(C)C(C(C)C)N(Cc1c[nH]cn1)S(=O)(=O)c1ccc(N2CCN(c3ccc(F)cc3)CC2)cc1	10.61	1	IC50	36	in-envelope-novel	0.213	posaconazole	True
CHEMBL93257	O=S(=O)(c1ccc(N2CCN(c3ccc(F)cc3)CC2)cc1)N(CCc1ccccc1F)Cc1c[nH]cn1	10.47	1	IC50	38	in-envelope-novel	0.193	posaconazole	True
CHEMBL93860	O=S(=O)(c1ccc(N2CCN(c3ccccn3)CC2)cc1)N(Cc1c[nH]cn1)CC1CCCCC1	10.75	1	IC50	35	in-envelope-novel	0.167	ketoconazole	True
CHEMBL100239	Nc1nc(N)c2c(Sc3ccccc3)cccc2n1	7.47	2	IC50	19	in-envelope-novel	0.171	fenticonazole	True
CHEMBL105350	O=C(/C=C/c1ccc(O)cc1)CC(=O)/C=C/c1ccc(O)cc1	4.4	1	IC50	23	out-of-scope	0.098	oxiconazole	False
CHEMBL118316	Nc1nc(N)c2c(Sc3ccc(Br)cc3)cccc2n1	7.52	1	IC50	20	in-envelope-novel	0.133	fenticonazole	True
CHEMBL118490	COc1cccc(Sc2cccc3nc(N)nc(N)c23)c1	7.3	1	IC50	21	in-envelope-novel	0.148	sertaconazole	True
CHEMBL120588	CC(C)(C)c1ccc(Sc2c(N)ccc3nc(N)nc(N)c23)cc1	6.6	1	IC50	24	in-envelope-novel	0.114	fenticonazole	True
CHEMBL120783	N#Cc1ccc(Sc2cccc3nc(N)nc(N)c23)cc1	6.5	1	IC50	21	in-envelope-novel	0.165	isavuconazole	True
CHEMBL120806	Nc1cc(S(N)(=O)=O)ccc1SSc1ccc(S(N)(=O)=O)cc1N	5.46	1	IC50	24	out-of-scope	0.073	fluconazole	False
CHEMBL120924	COc1cc(Sc2cccc3nc(N)nc(N)c23)cc(OC)c1OC	7.4	1	IC50	25	in-envelope-novel	0.146	sertaconazole	True
CHEMBL121057	Nc1nc(N)c2c(Sc3ccc(OC4CCOCC4)cc3)cccc2n1	7.58	1	IC50	26	in-envelope-novel	0.128	fenticonazole	True
CHEMBL121303	COc1ccccc1Sc1cccc2nc(N)nc(N)c12	7.0	1	IC50	21	in-envelope-novel	0.139	sertaconazole	True
CHEMBL121595	CCCCCCc1ccc(Sc2cccc3nc(N)nc(N)c23)cc1	7.4	1	IC50	25	in-envelope-novel	0.162	butoconazole	True
CHEMBL121644	Nc1nc(N)c2c(Sc3ccc(F)cc3)cccc2n1	7.3	1	IC50	20	in-envelope-novel	0.133	fenticonazole	True
CHEMBL121669	CC(C)COc1ccc2nc(N)nc(N)c2c1Sc1ccc(C(C)(C)C)cc1	8.52	1	IC50	28	in-envelope-novel	0.14	fenticonazole	True
CHEMBL121680	Nc1nc(N)c2c(Sc3ccc([N+](=O)[O-])cc3)cccc2n1	6.64	1	IC50	22	in-envelope-novel	0.125	fenticonazole	True
CHEMBL122628	CC(C)(C)c1ccc(Sc2c(C#N)ccc3nc(N)nc(N)c23)cc1	6.85	1	IC50	25	in-envelope-novel	0.13	isavuconazole	True
CHEMBL122647	COc1ccc(Sc2cccc3nc(N)nc(N)c23)cc1OC	7.3	1	IC50	23	in-envelope-novel	0.146	sertaconazole	True
CHEMBL123061	CCC(C)(C)c1ccc(Sc2cccc3nc(N)nc(N)c23)cc1	6.52	1	IC50	24	in-envelope-novel	0.136	fenticonazole	True
CHEMBL123353	Nc1nc(N)c2c(Sc3ccc(O)cc3)cccc2n1	7.47	1	IC50	20	in-envelope-novel	0.149	fenticonazole	True
CHEMBL124304	CC(C)c1ccc(Sc2cccc3nc(N)nc(N)c23)cc1	7.11	1	IC50	22	in-envelope-novel	0.158	fenticonazole	True
CHEMBL149973	O=C(O)c1cc(-c2ccc(Br)cc2)nc2c(C(F)(F)F)cc(Br)cc12	6.66	1	IC50	25	in-envelope-novel	0.159	isavuconazole	True
CHEMBL150069	C[C@]12CC[C@H](O)C[C@]1(O)[C@H](O)C=C1CCC12	4.02	1	IC50	16	out-of-scope	0.086	ketoconazole	False
CHEMBL150225	C[C@]12CC[C@H](O)C[C@]1(S)CC=C1CCC12	4.1	1	IC50	15	out-of-scope	0.091	efinaconazole	False
CHEMBL150249	O=C(O)c1cc(-c2ccc(Cl)c(Cl)c2)nc2ccccc12	4.72	1	IC50	21	in-envelope-novel	0.185	bifonazole	True
CHEMBL150266	Cc1cc(Cl)cc2c(C(=O)OCc3ccco3)cc(-c3ccc(Br)cc3)nc12	7.16	1	IC50	28	in-envelope-novel	0.16	ketoconazole	True
CHEMBL150305	Cc1cc(Cl)cc2c(COS(N)(=O)=O)cc(-c3ccc(Br)cc3)nc12	5.62	1	IC50	25	in-envelope-novel	0.156	miconazole	True
CHEMBL150306	O=C(O)/C=C/c1ccc2nc(-c3ccc(Br)cc3)cc(C(=O)O)c2c1	5.89	1	IC50	25	in-envelope-novel	0.12	isavuconazole	True
CHEMBL150407	O=C(O)c1cc(-c2ccc(Br)cc2)nc2c(CO)cc(Cl)cc12	5.82	1	IC50	23	in-envelope-novel	0.16	oxiconazole	True
CHEMBL150488	Cc1cc(Cl)c2nc(-c3ccc(Br)cc3)cc(C(=O)O)c2c1	7.6	1	IC50	22	in-envelope-novel	0.153	bifonazole	True
CHEMBL150896	O=C(O)c1cc(-c2ccc(Br)cc2)nc2ccc(-c3ccc(O)cc3)cc12	6.46	1	IC50	27	in-envelope-novel	0.138	bifonazole	True
CHEMBL150993	Cc1cc(C)c2nc(-c3ccc(Br)cc3)cc(C(=O)O)c2c1	4.6	1	IC50	22	in-envelope-novel	0.136	isavuconazole	True
CHEMBL151039	Cc1cc(Cl)cc2c(C(=O)Oc3nn[nH]n3)cc(-c3ccc(Br)cc3)nc12	7.52	1	IC50	27	in-envelope-novel	0.142	ketoconazole	True
CHEMBL151769	Cc1cc(Cl)cc2nc(-c3ccc(Br)cc3)cc(C(=O)O)c12	5.82	1	IC50	22	in-envelope-novel	0.146	isavuconazole	True
CHEMBL153066	O=C(O)c1cc(-c2ccc(Br)cc2)nc2ccc(S(=O)(=O)O)cc12	4.82	1	IC50	24	in-envelope-novel	0.122	isavuconazole	True
CHEMBL153072	O=C(O)c1cc(-c2ccc(Cl)s2)nc2ccccc12	4.5	1	IC50	19	in-envelope-novel	0.156	sertaconazole	True
CHEMBL153238	O=C(O)c1cc(-c2ccc(Br)cc2)nc2ccc(Cl)cc12	7.58	1	IC50	21	in-envelope-novel	0.174	oxiconazole	True
CHEMBL153295	O=C(O)c1cc(-c2ccc(Br)cc2)nc2ccc(OC(F)(F)F)cc12	7.28	1	IC50	25	in-envelope-novel	0.156	isavuconazole	True
CHEMBL153347	O=C(O)c1cc(-c2ccc(Br)cc2)nc2ccc(Br)cc12	7.6	1	IC50	21	in-envelope-novel	0.133	isavuconazole	True
CHEMBL153564	Cc1cc(Cl)cc2c(C(=O)OCc3ccc(-c4ccccc4)cc3)cc(-c3ccc(Br)cc3)nc12	5.06	1	IC50	35	in-envelope-novel	0.195	fenticonazole	True
CHEMBL154079	Cc1c(COc2cccc(F)c2)oc2cccc(OCCCNCc3cccnc3)c12	6.22	2	IC50	31	in-envelope-novel	0.161	voriconazole	True
CHEMBL155240	Cc1c(C(=O)Nc2ccccc2)oc2cccc(OCCCNCc3cccnc3)c12	4.92	1	IC50	31	in-envelope-novel	0.135	fenticonazole	True
CHEMBL155301	Cc1c(COc2cccc(F)c2F)oc2cccc(OCCCNCc3cccnc3)c12	6.67	2	IC50	32	in-envelope-novel	0.14	voriconazole	True
CHEMBL155469	Cc1c(COc2ccc(C#N)cc2)oc2cccc(OCCCNCc3cccnc3)c12	6.325	2	IC50	32	in-envelope-novel	0.152	isavuconazole	True
CHEMBL157101	CC(=O)N1CCN(c2ccc(OCC3COC(Cn4ccnc4)(c4ccc(Cl)cc4Cl)O3)cc2)CC1	8.0	4	IC50	36	near-known	1.0	ketoconazole	True
CHEMBL158172	Cc1c(COc2ccc(F)cc2)oc2cccc(OCCCNCc3cccnc3)c12	6.92	2	IC50	31	in-envelope-novel	0.151	posaconazole	True
CHEMBL158185	Cc1c(COc2ccc(Br)cc2F)oc2cccc(OCCCNCc3cccnc3)c12	6.51	2	IC50	32	in-envelope-novel	0.156	voriconazole	True
CHEMBL170144	CCc1cc2c3c(N)nc(N)nc3ccc2n1CC	9.48	1	Ki	19	in-envelope-novel	0.143	efinaconazole	True
CHEMBL170524	Cc1nc(C(=O)c2oc3cccc(OCCCNCc4cccnc4)c3c2C)sc1C	7.065	2	IC50	31	in-envelope-novel	0.121	ketoconazole	True
CHEMBL170654	CCn1c(C(C)C)cc2c3c(N)nc(N)nc3ccc21	9.48	1	Ki	20	in-envelope-novel	0.169	efinaconazole	True
CHEMBL170758	CCC(CC)n1c(C)cc2c3c(N)nc(N)nc3ccc21	10.52	2	Ki	21	in-envelope-novel	0.154	efinaconazole	True
CHEMBL170807	Cc1ccc(C(=O)c2oc3cccc(OCCCNCc4cccnc4)c3c2C)nc1	7.265	2	IC50	31	in-envelope-novel	0.124	ketoconazole	True
CHEMBL170900	CCc1cc2c3c(N)nc(N)nc3ccc2n1C	8.89	1	Ki	18	in-envelope-novel	0.145	efinaconazole	True
CHEMBL171305	CC(C)(C)c1cc2c(ccc3nc(N)nc(N)c32)[nH]1	9.92	1	Ki	19	in-envelope-novel	0.103	efinaconazole	True
CHEMBL171506	C=CCn1c(C(=O)c2oc3cccc(OCCCNCc4cccnc4)c3c2C)nc2ccccc21	6.85	2	IC50	36	in-envelope-novel	0.121	ketoconazole	True
CHEMBL171629	CCCCc1cc2c3c(N)nc(N)nc3ccc2n1C(C)(C)C	9.42	1	Ki	23	in-envelope-novel	0.146	efinaconazole	True
CHEMBL173370	Cc1c(C(=O)c2nc3ccccc3n2C)oc2cccc(OCCCNCc3cccnc3)c12	6.69	2	IC50	34	in-envelope-novel	0.126	ketoconazole	True
CHEMBL173617	Cc1cc2c3c(N)nc(N)nc3ccc2n1C(C)C	9.66	1	Ki	19	in-envelope-novel	0.145	efinaconazole	True
CHEMBL173962	Cc1c(C(=O)c2nccs2)oc2cccc(OCCCNCc3cccnc3)c12	5.675	2	IC50	29	in-envelope-novel	0.133	ketoconazole	True
CHEMBL174223	Nc1ncc(NCc2ccc(Cl)c(Cl)c2)c(N)n1	5.51	3	IC50	18	in-envelope-novel	0.149	butoconazole	True
CHEMBL174414	Cn1ccc2c3c(N)nc(N)nc3ccc21	7.6	1	Ki	16	in-envelope-novel	0.118	sertaconazole	True
CHEMBL174617	Nc1ncc(OCc2ccc(OCc3ccccc3)cc2)c(N)n1	5.55	3	IC50	24	in-envelope-novel	0.181	fenticonazole	True
CHEMBL174633	Cc1nc(N)nc(N)c1Cc1ccccc1	5.55	3	IC50	16	in-envelope-novel	0.14	bifonazole	True
CHEMBL174679	COc1ccc(COc2cnc(N)nc2N)cc1	5.13	3	IC50	18	in-envelope-novel	0.135	fenticonazole	True
CHEMBL174753	Nc1ncc(NCc2cccc(Cl)c2)c(N)n1	4.86	3	IC50	17	in-envelope-novel	0.164	butoconazole	True
CHEMBL174954	Nc1ncc(OCc2ccc(OCCCN3C(=O)c4ccccc4C3=O)cc2)c(N)n1	6.21	3	IC50	31	in-envelope-novel	0.153	fenticonazole	True
CHEMBL175017	Cc1ccc(S(=O)(=O)NCCCCOc2ccc(Cc3cnc(N)nc3N)cc2)cc1	6.24	3	IC50	31	in-envelope-novel	0.123	ketoconazole	True
CHEMBL175577	Cc1nc(N)nc(N)c1OCc1ccc(Cl)c(Cl)c1	6.41	3	IC50	19	in-envelope-novel	0.176	fenticonazole	True
CHEMBL175633	CC(C)N1CCN(c2ccc(N3CCN(c4ccc(OC[C@H]5OC[C@](Cn6cncn6)(c6ccc(F)cc6F)O5)cc4)CC3)cc2)C1=O	6.57	2	IC50	48	out-of-domain	0.55	posaconazole	False
CHEMBL175747	Cc1nc(N)nc(N)c1CCCc1ccccc1	6.21	3	IC50	18	in-envelope-novel	0.148	clotrimazole	True
CHEMBL175752	Nc1ncc(OCc2ccccc2Cl)c(N)n1	5.83	3	IC50	17	in-envelope-novel	0.19	miconazole	True
CHEMBL176217	COc1cc(Cc2cnc(N)nc2N)cc(OC)c1OCCCNc1ccc(N(C)C)cc1	6.69	3	IC50	33	in-envelope-novel	0.131	miconazole	True
CHEMBL176848	Nc1ncc(Cc2ccc(OCCCCN3C(=O)c4ccccc4C3=O)cc2)c(N)n1	7.07	3	IC50	31	in-envelope-novel	0.127	ketoconazole	True
CHEMBL176882	Cc1nc(N)nc(N)c1CCc1ccccc1	5.22	3	IC50	17	in-envelope-novel	0.151	clotrimazole	True
CHEMBL177125	Nc1ncc(Cc2ccc3ccccc3c2)c(N)n1	6.24	3	IC50	19	in-envelope-novel	0.137	fenticonazole	True
CHEMBL177230	Nc1ncc(CNc2ccccc2)c(N)n1	4.61	3	IC50	16	in-envelope-novel	0.135	bifonazole	True
CHEMBL177408	Nc1ncc(Cc2ccc(Br)c3ccccc23)c(N)n1	6.82	3	IC50	20	in-envelope-novel	0.114	sertaconazole	True
CHEMBL177511	COc1ccc(CNc2cnc(N)nc2N)cc1OC	5.63	2	IC50	20	in-envelope-novel	0.117	voriconazole	True
CHEMBL177796	Nc1ncc(NCc2cccc3ccccc23)c(N)n1	5.86	3	IC50	20	in-envelope-novel	0.128	sertaconazole	True
CHEMBL177819	COc1ccc(CCc2cnc(N)nc2N)cc1OC	5.36	3	IC50	20	in-envelope-novel	0.129	butoconazole	True
CHEMBL177862	Nc1ncc(NCc2ccc3ccccc3c2)c(N)n1	5.7	3	IC50	20	in-envelope-novel	0.133	fenticonazole	True
CHEMBL179512	COc1cc(/C=C/C(O)=C/C(=O)/C=C/c2ccc(O)cc2)ccc1O	4.35	1	IC50	25	out-of-scope	0.107	oxiconazole	False
CHEMBL180585	Nc1ncc(OCc2ccccc2)c(N)n1	5.41	3	IC50	16	in-envelope-novel	0.176	fenticonazole	True
CHEMBL180920	C=CCc1ccc(O)c(-c2cc(CC=C)ccc2O)c1	5.12	1	IC50	20	out-of-scope	0.137	fluconazole	False
CHEMBL181426	O=C(O)CN1C(=O)/C(=C/c2ccc(OCc3ccccc3)c(OCc3ccccc3)c2)SC1=S	5.52	1	IC50	34	out-of-scope	0.149	fenticonazole	False
CHEMBL181437	O=C(O)CN1C(=O)/C(=C/c2ccc(OCc3ccccc3)c(OCc3cccc(Cl)c3)c2)SC1=S	5.4	1	IC50	35	out-of-scope	0.187	fenticonazole	False
CHEMBL181647	O=C(O)CN1C(=O)/C(=C/c2ccc(OCCCc3ccccc3)c(OCc3ccccc3)c2)SC1=S	5.62	1	IC50	36	out-of-scope	0.138	fenticonazole	False
CHEMBL182172	C[C@H](COc1ccc(/C=C2\SC(=S)N(CC(=O)O)C2=O)cc1O[C@@H](c1ccccc1)C(F)(F)F)c1ccccc1	6.26	1	IC50	40	out-of-scope	0.13	voriconazole	False
CHEMBL182291	CCCN(CCC)C(=O)C(Oc1cc(/C=C2\SC(=S)N(CC(=O)O)C2=O)ccc1OCCc1ccccc1)c1ccccc1	7.3	1	IC50	44	out-of-scope	0.12	fenticonazole	False
CHEMBL182293	CC(Oc1cc(/C=C2\SC(=S)N(CC(=O)O)C2=O)ccc1OCCc1ccccc1)c1ccccc1	7.7	1	IC50	36	out-of-scope	0.125	bifonazole	False
CHEMBL182467	C[C@@H](COc1ccc(/C=C2\SC(=S)N(CC(=O)O)C2=O)cc1O[C@H](c1ccccc1)C(F)(F)F)c1ccccc1	8.0	1	IC50	40	out-of-scope	0.13	voriconazole	False
CHEMBL182469	O=C(O)CN1C(=O)/C(=C/c2ccc(OCc3ccc(F)cc3F)c(OCc3ccccc3)c2)SC1=S	5.68	1	IC50	36	out-of-scope	0.185	fluconazole	False
CHEMBL182584	O=C(O)CN1C(=O)/C(=C\c2ccc(OCc3ccccc3)c(OCc3ccc(OC(F)(F)F)cc3)c2)SC1=S	6.3	1	IC50	39	out-of-scope	0.144	fenticonazole	False
CHEMBL182588	CC[C@H](COc1ccc(/C=C2\SC(=S)N(CC(=O)O)C2=O)cc1O[C@H](c1ccccc1)C(F)(F)F)c1ccccc1	7.7	1	IC50	41	out-of-scope	0.14	posaconazole	False
CHEMBL182729	Cc1ccc(COc2ccc(/C=C3\SC(=S)N(CC(=O)O)C3=O)cc2OCc2ccccc2)cc1	6.22	1	IC50	35	out-of-scope	0.152	fenticonazole	False
CHEMBL182806	COc1ccc(COc2ccc(/C=C3\SC(=S)N(CC(=O)O)C3=O)cc2OCc2ccccc2)cc1	5.52	1	IC50	36	out-of-scope	0.149	fenticonazole	False
CHEMBL183594	O=C(O)CN1C(=O)/C(=C/c2ccc(OCCc3ccc(Cl)cc3)c(OCc3ccccc3)c2)SC1=S	7.3	1	IC50	36	out-of-scope	0.191	fenticonazole	False
CHEMBL183715	O=C(O)CN1C(=O)/C(=C/c2ccc(OCc3ccc(C(F)(F)F)cc3)c(OCc3ccccc3)c2)SC1=S	5.4	1	IC50	38	out-of-scope	0.147	fenticonazole	False
CHEMBL184842	O=C(O)CN1C(=O)/C(=C/c2ccc(OCCc3cc(F)cc(F)c3)c(OCc3ccccc3)c2)SC1=S	6.96	1	IC50	37	out-of-scope	0.131	fenticonazole	False
CHEMBL185129	O=C(O)CN1C(=O)/C(=C/c2ccc(OCc3ccc(F)cc3)c(OCc3ccc(F)cc3)c2)SC1=S	5.28	1	IC50	36	out-of-scope	0.16	fluconazole	False
CHEMBL185299	O=C(O)CN1C(=O)/C(=C/c2ccc(OCc3ccccc3)c(OCc3ccc(F)cc3F)c2)SC1=S	5.22	1	IC50	36	out-of-scope	0.185	fluconazole	False
CHEMBL185312	C[C@H](Oc1cc(/C=C2\SC(=S)N(CC(=O)O)C2=O)ccc1OC[C@H](C)c1ccccc1)c1ccccc1	8.7	1	IC50	37	out-of-scope	0.128	bifonazole	False
CHEMBL185352	O=C(O)CN1C(=O)/C(=C/c2ccc(OCCc3ccc(OC(F)(F)F)cc3)c(OCc3ccccc3)c2)SC1=S	6.7	1	IC50	40	out-of-scope	0.136	fenticonazole	False
CHEMBL185623	O=C(O)CN1C(=O)/C(=C/c2ccc(OCc3ccccc3)cc2)SC1=S	4.3	1	IC50	26	out-of-scope	0.141	fenticonazole	False
CHEMBL216059	CC[C@@H](C)[C@H](NC(=O)[C@@H](Cc1ccccc1)NC(=O)[C@@H](Cc1c[nH]c2ccccc12)NC(=O)[C@@H](N)CCCN=C(N)N)C(=O)N[C@H](Cc1ccccc1)C(=O)N[C@@H](Cc1c[nH]cn1)C(=O)N[C@@H](CCCCN)C(=O)N[C@@H](CCCCN)C(=O)NCC(N)=O	5.56	1	IC50	88	out-of-domain	0.096	posaconazole	False
CHEMBL216306	CC[C@H](C)[C@H](NC(=O)[C@H](CCCN=C(N)N)NC(=O)[C@H](CCCCN)NC(=O)[C@H](Cc1c[nH]cn1)NC(=O)[C@@H](Cc1ccccc1)NC(=O)[C@@H](NC(=O)[C@@H](Cc1ccccc1)NC(=O)[C@@H](Cc1c[nH]c2ccccc12)NC(=O)[C@@H](N)CCCN=C(N)N)[C@@H](C)CC)C(N)=O	5.33	1	IC50	94	out-of-domain	0.106	posaconazole	False
CHEMBL216405	CCC(C)CC(C)CCCCCCCCC(=O)N[C@H]1C[C@@H](O)[C@@H](O)NC(=O)[C@@H]2[C@@H](O)CCN2C(=O)[C@H]([C@H](O)CC(N)=O)NC(=O)[C@H]([C@H](O)Cc2ccc(O)cc2)NC(=O)[C@@H]2C[C@@H](O)CN2C(=O)[C@H]([C@@H](C)O)NC1=O	7.4	1	IC50	74	out-of-scope	0.122	posaconazole	False
CHEMBL216842	CC[C@H](C)[C@H](NC(=O)[C@@H](Cc1ccccc1)NC(=O)[C@@H](Cc1c[nH]c2ccccc12)NC(=O)[C@@H](N)CCCN=C(N)N)C(=O)N[C@H](Cc1ccccc1)C(=O)N[C@@H](Cc1c[nH]cn1)C(=O)N[C@@H](CCCCN)C(=O)N[C@@H](CCCN=C(N)N)C(=O)N[C@@H](CC(C)C)C(N)=O	5.36	1	IC50	94	out-of-domain	0.096	posaconazole	False
CHEMBL218395	CCC(C)CC(C)CCCCCCCCC(=O)N[C@H]1C[C@@H](O)[C@@H](O)NC(=O)[C@@H]2[C@@H](O)CCN2C(=O)[C@H]([C@H](O)CC#N)NC(=O)[C@H]([C@H](O)[C@@H](O)c2ccc(O)cc2)NC(=O)[C@@H]2C[C@@H](O)CN2C(=O)[C@H]([C@@H](C)O)NC1=O	7.0	1	IC50	74	out-of-scope	0.127	posaconazole	False
CHEMBL219624	COc1cc(CC#Cc2cnc(N)nc2N)cc(OC)c1OC	6.09	2	IC50	23	in-envelope-novel	0.115	voriconazole	True
CHEMBL219889	COc1cc(C(C)C#Cc2cnc(N)nc2N)cc(OC)c1OC	6.75	1	IC50	24	in-envelope-novel	0.127	voriconazole	True
CHEMBL220159	COc1cc(CC#Cc2c(C)nc(N)nc2N)cc(OC)c1OC	6.75	1	IC50	24	in-envelope-novel	0.099	isavuconazole	True
CHEMBL220936	COc1cc(C(C#Cc2cnc(N)nc2N)OC)cc(OC)c1OC	5.6	1	IC50	25	in-envelope-novel	0.111	voriconazole	True
CHEMBL220937	COc1cc(C(C#Cc2c(C)nc(N)nc2N)OC)cc(OC)c1OC	6.5	1	IC50	26	in-envelope-novel	0.096	isavuconazole	True
CHEMBL221172	COc1cc(C(O)C#Cc2c(C)nc(N)nc2N)cc(OC)c1OC	6.01	1	IC50	25	in-envelope-novel	0.109	isavuconazole	True
CHEMBL221753	CC(C)(C)CC(C)(C)c1ccc(OCCOCC[N+](C)(C)Cc2ccccc2)cc1.[Cl-]	5.06	1	IC50	31	out-of-scope	0.136	clotrimazole	False
CHEMBL222461	COc1cc(C(C)C#Cc2c(C)nc(N)nc2N)cc(OC)c1OC	6.96	1	IC50	25	in-envelope-novel	0.109	isavuconazole	True
CHEMBL223301	COc1cc([C@@H](C)C#Cc2c(C)nc(N)nc2N)cc(OC)c1OC	6.96	1	IC50	25	in-envelope-novel	0.109	isavuconazole	True
CHEMBL223569	COc1cc([C@H](C)C#Cc2c(C)nc(N)nc2N)cc(OC)c1OC	6.96	1	IC50	25	in-envelope-novel	0.109	isavuconazole	True
CHEMBL223932	C[C@H]1OO[C@@H](COCc2ccccc2)[C@H]2O[C@H]21	4.2	1	IC50	17	out-of-scope	0.151	fenticonazole	False
CHEMBL223985	C1=C[C@@H](C23CC4CC(CC(C4)C2)C3)OOC1	4.51	1	IC50	16	out-of-scope	0.071	posaconazole	False
CHEMBL223992	C1=C[C@@H](COCc2ccccc2)OO[C@H]1COCc1ccccc1	4.8	1	IC50	24	out-of-scope	0.169	fenticonazole	False
CHEMBL224041	C1=C(C2CCCCC2)COOC1	4.2	1	IC50	12	out-of-scope	0.092	luliconazole	False
CHEMBL224285	C1CC2OOC1C1OC21	4.8	1	IC50	9	out-of-scope	0.038	ketoconazole	False
CHEMBL224466	C[C@@H]1C=C[C@H](CO)OO1	4.8	1	IC50	9	out-of-scope	0.092	efinaconazole	False
CHEMBL224596	CCCCCCC[C@@H]1C=CCOO1	4.2	1	IC50	13	out-of-scope	0.071	itraconazole	False
CHEMBL224706	CCCCCCC[C@H]1OOC[C@H]2O[C@@H]12	4.2	1	IC50	14	out-of-scope	0.071	itraconazole	False
CHEMBL225040	c1ccc(COC[C@@H]2OO[C@H](COCc3ccccc3)[C@@H]3O[C@@H]32)cc1	4.2	1	IC50	25	out-of-scope	0.164	fenticonazole	False
CHEMBL226611	COc1cc2c(c(O)c1C)Oc1cccc(O)c1CC2	4.1	1	IC50	20	out-of-scope	0.102	ketoconazole	False
CHEMBL228127	COc1cc(CCc2ccccc2O)cc(OC)c1	4.3	1	IC50	19	out-of-scope	0.143	butoconazole	False
CHEMBL241098	COc1cccc(C2NCCc3c2[nH]c2ccccc32)c1	4.12	1	IC50	21	in-envelope-novel	0.105	sertaconazole	True
CHEMBL243070	C/C=C1\NC(=O)[C@H](Cc2ccccc2)NC(=O)[C@@H](C(C)C)NC(=O)[C@@H]([C@@H](C)CC)NC(=O)[C@H](NC(=O)[C@H](NC(=O)[C@H](CCCN)NC(=O)[C@H]2CCCN2C(=O)[C@@H](NC(=O)[C@H](NC(=O)[C@H](NC(=O)[C@@H](NC(=O)CCCC(C)C)C(C)C)C(C)=O)C(C)C)C(C)C)[C@@H](C)CC)[C@@H](C)OC(=O)[C@H](C(C)C)NC1=O	4.91	1	IC50	105	out-of-scope	0.122	posaconazole	False
CHEMBL243279	C/C=C1\NC(=O)[C@H](Cc2ccccc2)NC(=O)[C@@H](C(C)C)NC(=O)[C@@H]([C@@H](C)CC)NC(=O)[C@H](NC(=O)[C@H](NC(=O)[C@H](CCCNCc2ccncc2)NC(=O)[C@H]2CCCN2C(=O)[C@@H](NC(=O)[C@H](NC(=O)[C@H](NC(=O)[C@@H](NC(=O)CCCC(C)C)C(C)C)[C@H](C)O)C(C)C)C(C)C)[C@@H](C)CC)[C@@H](C)OC(=O)[C@H](C(C)C)NC1=O	5.38	1	IC50	112	out-of-domain	0.13	posaconazole	False
CHEMBL253690	Oc1cc(Cc2cc(O)c(O)c(Br)c2Br)c(Br)c(Br)c1O	4.735	2	IC50	21	out-of-scope	0.125	fluconazole	False
CHEMBL255150	CC(C)=CCC/C(C)=C/CCc1nnn[nH]1	5.16	1	IC50	16	in-envelope-novel	0.071	butoconazole	True
CHEMBL256215	CC(C)=CCC/C(C)=C/CSc1nc[nH]n1	6.0	1	IC50	16	in-envelope-novel	0.105	voriconazole	True
CHEMBL258289	CC(C)=CCC/C(C)=C/CSc1c[nH]nn1	5.52	1	IC50	16	in-envelope-novel	0.102	isavuconazole	True
CHEMBL262109	CCC(C)CC(C)CCCCCCCCC(=O)N[C@H]1C[C@@H](O)[C@@H](O)NC(=O)[C@@H]2[C@@H](O)CCN2C(=O)[C@H]([C@H](O)CC(N)=O)NC(=O)[C@H]([C@H](O)[C@H](O)c2ccc(O)cc2)NC(=O)[C@@H]2C[C@@H](O)CN2C(=O)[C@H]([C@@H](C)O)NC1=O	5.3	1	IC50	75	out-of-scope	0.121	posaconazole	False
CHEMBL262823	CC[C@H](C)[C@H](NC(=O)[C@@H](Cc1ccccc1)NC(=O)[C@@H](Cc1c[nH]c2ccccc12)NC(=O)[C@@H](N)CCCN=C(N)N)C(=O)N[C@H](Cc1ccccc1)C(=O)N[C@@H](Cc1c[nH]cn1)C(=O)N[C@@H](CCCCN)C(=O)N[C@@H](CCCN=C(N)N)C(=O)N[C@@H](C)C(N)=O	5.22	1	IC50	91	out-of-domain	0.097	posaconazole	False
CHEMBL263050	CC[C@H](C)[C@H](NC(=O)[C@@H](Cc1ccccc1)NC(=O)[C@@H](Cc1c[nH]c2ccccc12)NC(=O)[C@@H](N)CCCN=C(N)N)C(=O)N[C@H](Cc1ccccc1)C(=O)N[C@@H](Cc1c[nH]cn1)C(=O)N[C@@H](CCCCN)C(=O)N[C@@H](CCCCN)C(=O)N[C@H](C(N)=O)C(C)C	5.51	1	IC50	91	out-of-domain	0.105	posaconazole	False
CHEMBL263415	CC[C@H](C)[C@H](NC(=O)[C@@H](Cc1ccccc1)NC(=O)[C@@H](Cc1c[nH]c2ccccc12)NC(=O)[C@@H](N)CCCN=C(N)N)C(=O)N[C@H](Cc1ccccc1)C(=O)N[C@@H](Cc1c[nH]cn1)C(=O)N[C@@H](CCCCN)C(=O)N[C@@H](CCCCN)C(=O)N[C@@H](CC(C)C)C(N)=O	5.66	1	IC50	92	out-of-domain	0.096	posaconazole	False
CHEMBL263777	Cc1nccn1CCCCc1ccc(CC(=O)N[C@H](CO)Cc2ccc(OCCC3CCCCC3)c(CCCN)c2)cc1	4.25	1	EC50	43	in-envelope-novel	0.152	ketoconazole	True
CHEMBL263950	CCC(C)CC(C)CCCCCCCCC(=O)N[C@H]1C[C@@H](O)[C@@H](O)NC(=O)[C@@H]2[C@@H](O)CCN2C(=O)[C@H]([C@H](O)CCNC(C)=O)NC(=O)[C@H]([C@H](O)[C@@H](O)c2ccc(O)cc2)NC(=O)[C@@H]2C[C@@H](O)CN2C(=O)[C@H]([C@@H](C)O)NC1=O	6.52	1	IC50	77	out-of-scope	0.127	posaconazole	False
CHEMBL265094	CC(C)(C)C#C/C=C/CNc1cccc2nc(O)ccc12	7.155	2	IC50	21	in-envelope-novel	0.119	efinaconazole	True
CHEMBL265323	CC[C@H](C)[C@H](NC(=O)[C@@H](Cc1ccccc1)NC(=O)[C@@H](Cc1c[nH]c2ccccc12)NC(=O)[C@@H](N)CCCN=C(N)N)C(=O)N[C@H](Cc1ccccc1)C(=O)N[C@@H](Cc1c[nH]cn1)C(=O)N[C@@H](CCCCN)C(=O)N[C@@H](CCCN=C(N)N)C(=O)N[C@@H](Cc1ccc(O)cc1)C(N)=O	5.15	1	IC50	98	out-of-domain	0.098	butoconazole	False
CHEMBL265400	CC[C@H](C)[C@H](NC(=O)[C@@H](Cc1ccccc1)NC(=O)[C@@H](Cc1c[nH]c2ccccc12)NC(=O)[C@@H](N)CCCN=C(N)N)C(=O)N[C@H](Cc1ccccc1)C(=O)N[C@@H](Cc1c[nH]cn1)C(=O)N[C@@H](CCCCN)C(=O)N[C@@H](CCCN=C(N)N)C(=O)N[C@H](C(N)=O)[C@@H](C)O	5.22	1	IC50	93	out-of-domain	0.118	posaconazole	False
CHEMBL265493	Nc1ncc(Cc2ccccc2)c(N)n1	4.83	3	IC50	15	in-envelope-novel	0.143	bifonazole	True
CHEMBL265572	CC[C@H](C)[C@H](NC(=O)[C@@H](Cc1ccccc1)NC(=O)[C@@H](Cc1c[nH]c2ccccc12)NC(=O)[C@@H](N)CCCN=C(N)N)C(=O)N[C@H](Cc1ccccc1)C(=O)N[C@@H](Cc1c[nH]cn1)C(=O)N[C@@H](CCCCN)C(=O)N[C@@H](CCCCN)C(=O)N[C@@H](CO)C(N)=O	5.75	1	IC50	90	out-of-domain	0.097	posaconazole	False
CHEMBL266012	CC[C@@H](C)[C@H](NC(=O)[C@@H](Cc1ccccc1)NC(=O)[C@@H](Cc1c[nH]c2ccccc12)NC(=O)[C@@H](N)CCCN=C(N)N)C(=O)N[C@H](Cc1ccccc1)C(=O)N[C@@H](Cc1c[nH]cn1)C(=O)N[C@@H](CCCCN)C(=O)N[C@@H](CCCCN)C(=O)N[C@@H](C)C(N)=O	5.5	1	IC50	89	out-of-domain	0.097	posaconazole	False
CHEMBL266683	CCC(C)CC(C)CCCCCCCCC(=O)N[C@H]1C[C@@H](O)[C@@H](O)NC(=O)[C@@H]2[C@@H](O)CCN2C(=O)[C@H]([C@H](O)CC[N+](C)(C)C)NC(=O)[C@H]([C@H](O)[C@@H](O)c2ccc(O)cc2)NC(=O)[C@@H]2C[C@@H](O)CN2C(=O)[C@H]([C@@H](C)O)NC1=O	8.05	1	IC50	77	out-of-scope	0.12	posaconazole	False
CHEMBL266694	CC[C@H](C)[C@H](NC(=O)[C@@H](Cc1ccccc1)NC(=O)[C@@H](Cc1c[nH]c2ccccc12)NC(=O)[C@@H](N)CCCN=C(N)N)C(=O)N[C@H](Cc1ccccc1)C(=O)N[C@@H](Cc1c[nH]cn1)C(=O)N[C@@H](CCCCN)C(=O)N[C@@H](CCCCN)C(=O)N[C@@H](CCC(N)=O)C(N)=O	5.59	1	IC50	93	out-of-domain	0.096	posaconazole	False
CHEMBL267239	CC[C@H](C)[C@H](NC(=O)[C@@H](Cc1ccccc1)NC(=O)[C@@H](Cc1c[nH]c2ccccc12)NC(=O)[C@@H](N)CCCN=C(N)N)C(=O)N[C@H](Cc1ccccc1)C(=O)N[C@@H](Cc1c[nH]cn1)C(=O)N[C@@H](CCCCN)C(=O)N[C@@H](CCCN=C(N)N)C(=O)N[C@@H](Cc1c[nH]c2ccccc12)C(N)=O	5.2	1	IC50	100	out-of-domain	0.099	posaconazole	False
CHEMBL267345	C[C@@H]1[C@H](O)[C@@H](C)/C=C/C=C/C=C/C=C/C=C/C=C/C=C/[C@H](O[C@@H]2O[C@H](C)[C@@H](O)[C@H](N)[C@@H]2O)C[C@@H]2O[C@](O)(C[C@@H](O)C[C@@H](O)[C@H](O)CC[C@@H](O)C[C@@H](O)CC(=O)O[C@H]1C)C[C@H](O)[C@H]2C(=O)O	6.52	24	IC50	65	out-of-scope	0.12	posaconazole	False
CHEMBL267407	CCCCCCCCCCCCC[C@@H]1CC(=O)N[C@H]([C@@H](C)O)C(=O)N[C@H](C)C(=O)N[C@@H](Cc2ccc(O)cc2)C(=O)N[C@@H](C(C)C)C(=O)N2C[C@H](O)C[C@H]2C(=O)N[C@H]([C@@H](C)O)C(=O)N[C@@H]([C@@H](C)O)C(=O)N2CC[C@H](O)[C@H]2C(=O)N[C@@H]([C@H](O)CC(N)=O)C(=O)NCC(=O)N[C@H]([C@@H](C)O)C(=O)N[C@@H](CCCN(CCCN)C(=O)[C@@H](CCCN)N(CCN)CCN)C(=O)O1	9.6	1	IC50	126	out-of-scope	0.115	ketoconazole	False
CHEMBL269311	CCC(C)CC(C)CCCCCCCCC(=O)N[C@H]1C[C@@H](O)[C@@H](O)NC(=O)[C@@H]2[C@@H](O)CCN2C(=O)[C@H]([C@H](O)CC(N)=O)NC(=O)[C@H]([C@H](O)[C@@H](O)c2ccc(O)cc2)NC(=O)[C@@H]2C[C@@H](O)CN2C(=O)[C@H]([C@@H](C)O)NC1=O	7.16	3	IC50	75	out-of-scope	0.121	posaconazole	False
CHEMBL270615	CCCCCCCCCc1nnn[nH]1	5.52	1	IC50	14	in-envelope-novel	0.081	butoconazole	True
CHEMBL285056	CCCCN(C/C=C/C#CC(C)(C)C)c1cccc2c1CCC(=O)N2	7.725	2	IC50	25	out-of-scope	0.096	efinaconazole	False
CHEMBL285445	CN(CC#CC#CC(C)(C)O)c1cccc2c1CCC(=O)N2	6.67	1	IC50	22	out-of-scope	0.116	efinaconazole	False
CHEMBL286638	CC(C)(C)C#C/C=C/CNc1cccc2oc(=O)ccc12	4.92	1	IC50	21	out-of-scope	0.087	clotrimazole	False
CHEMBL287024	CN(CC#CC#Cc1ccccc1)c1cccc2c1CCC(=O)N2	4.86	1	IC50	24	out-of-scope	0.118	clotrimazole	False
CHEMBL287110	CC(C)(C)C#C/C=C/CN(Cc1ccccc1)c1cccc2c1CCC(=O)N2	7.27	1	IC50	28	out-of-scope	0.091	clotrimazole	False
CHEMBL287375	CN(CC#CC#CC(C)(C)C)c1cccc2c1CC(O)C(=O)N2	6.765	2	IC50	23	out-of-scope	0.117	ketoconazole	False
CHEMBL292801	Brc1ccc2c(-c3nc(-c4c[nH]c5ccccc45)c[nH]3)c[nH]c2c1	5.17	1	IC50	24	in-envelope-novel	0.123	sertaconazole	True
CHEMBL293578	C1CCC([C@H]2OO[C@@H](C3CCCCC3)[C@H]3O[C@H]32)CC1	4.0	1	IC50	19	out-of-scope	0.037	ketoconazole	False
CHEMBL296588	CC(C)CC(=O)N[C@H](C(=O)N[C@H](C(=O)N[C@@H](CC(C)C)[C@@H](O)CC(=O)N[C@@H](C)C(=O)N[C@@H](CC(C)C)[C@@H](O)CC(=O)O)C(C)C)C(C)C	7.05	1	IC50	48	out-of-scope	0.073	voriconazole	False
CHEMBL299034	CCOC(=O)c1oc2cccc(OCCCNCc3ccccc3)c2c1C	5.0	1	IC50	27	out-of-scope	0.111	posaconazole	False
CHEMBL301315	CCOC(=O)c1oc2cccc(OCCCNCc3cccnc3)c2c1C	5.8	2	IC50	27	in-envelope-novel	0.128	ketoconazole	True
CHEMBL302637	Brc1ccc2c(-c3c[nH]c(-c4c[nH]c5cc(Br)ccc45)n3)c[nH]c2c1	5.17	1	IC50	25	in-envelope-novel	0.104	miconazole	True
CHEMBL307239	CC(C)C1=CC2C[C@]3(C=O)C4CCC(C)C4C[C@]2(CO)[C@]13C(=O)O	6.3	1	IC50	24	out-of-scope	0.121	posaconazole	False
CHEMBL307261	C[C@H]1[C@@H](O)O[C@@H]2O[C@@]3(C)CC[C@H]4[C@H](C)CC[C@@H]1[C@@]24OO3	6.06	1	IC50	20	out-of-scope	0.082	ketoconazole	False
CHEMBL310759	Nc1nc(N)c2c(Sc3ccc(Cl)cc3)cccc2n1	7.52	1	IC50	20	in-envelope-novel	0.197	fenticonazole	True
CHEMBL312777	COc1cc(C(F)(F)F)ccc1C(O)(Cn1cncn1)Cn1cncn1	4.54	1	IC50	26	in-envelope-novel	0.54	fluconazole	True
CHEMBL313161	Cc1nccn1CCCCc1ccc(CC(=O)N[C@@H](CO)C(=O)N[C@@H](CCCCN)C(=O)N[C@@H](CC2CCCCC2)C(=O)O)cc1	4.29	1	EC50	46	out-of-domain	0.157	ketoconazole	False
CHEMBL318721	CCC(CC)n1ccc2c3c(N)nc(N)nc3ccc21	9.03	2	IC50|Ki	20	in-envelope-novel	0.143	efinaconazole	True
CHEMBL327482	CCC(CC)Nc1ccc(S(=O)(=O)N(Cc2c[nH]cn2)C(C(C)C)C(C)C)cc1	10.97	1	IC50	29	in-envelope-novel	0.116	itraconazole	True
CHEMBL327573	COc1ccc(-c2ccc(S(=O)(=O)N(Cc3c[nH]cn3)C(C(C)C)C(C)C)cc2)cc1	10.7	1	IC50	31	in-envelope-novel	0.119	bifonazole	True
CHEMBL327586	CC(C)C(C(C)C)N(Cc1c[nH]cn1)S(=O)(=O)c1ccc(-c2ccccc2)cc1	10.88	1	IC50	29	in-envelope-novel	0.2	bifonazole	True
CHEMBL328827	Nc1nc(N)c2c(Sc3ccc(N4CCOCC4)cc3)cccc2n1	6.89	2	IC50	25	in-envelope-novel	0.136	fenticonazole	True
CHEMBL329985	CC(C)(C)c1ccc(Sc2cccc3nc(N)nc(N)c23)cc1	8.1	2	IC50	23	in-envelope-novel	0.128	fenticonazole	True
CHEMBL330868	COc1ccc(Sc2cccc3nc(N)nc(N)c23)cc1	7.7	1	IC50	21	in-envelope-novel	0.143	fenticonazole	True
CHEMBL331627	CN1C(=O)[C@]23CC4=CC=C[C@H](O)[C@H]4N2C(=O)[C@@]1(CO)SS3	5.51	1	IC50	21	out-of-scope	0.119	ketoconazole	False
CHEMBL333769	Nc1ccc(Sc2cccc3nc(N)nc(N)c23)cc1	7.22	1	IC50	20	in-envelope-novel	0.137	fenticonazole	True
CHEMBL333976	CCN(CC)c1ccc(Sc2cccc3nc(N)nc(N)c23)cc1	6.7	1	IC50	24	in-envelope-novel	0.167	fenticonazole	True
CHEMBL334017	Nc1nc(N)c2c(Sc3ccc(C4CCCCC4)cc3)cccc2n1	7.3	1	IC50	25	in-envelope-novel	0.122	fenticonazole	True
CHEMBL334307	Nc1nc(N)c2c(Sc3ccccc3Cl)cccc2n1	7.22	1	IC50	20	in-envelope-novel	0.192	sertaconazole	True
CHEMBL338742	Nc1nc(N)c2c(Sc3cccc(Cl)c3)cccc2n1	7.38	1	IC50	20	in-envelope-novel	0.2	sertaconazole	True
CHEMBL345300	O=C(O)c1cc(-c2ccc3ccccc3c2)nc2ccccc12	5.44	1	IC50	23	in-envelope-novel	0.17	bifonazole	True
CHEMBL345331	Cc1cc(Cl)cc2c(C(=O)OCc3ccc(Cl)c(Cl)c3)cc(-c3ccc(Br)cc3)nc12	7.7	1	IC50	31	in-envelope-novel	0.167	oxiconazole	True
CHEMBL345610	Cc1c(CCc2ccccc2)oc2cccc(OCCCNCc3cccnc3)c12	4.89	1	IC50	30	in-envelope-novel	0.159	butoconazole	True
CHEMBL345893	Cc1c(COc2ccc(F)cc2F)oc2cccc(OCCCNCc3cccnc3)c12	6.995	2	IC50	32	in-envelope-novel	0.187	voriconazole	True
CHEMBL346363	Cc1c(COc2ccccc2)oc2cccc(OCCCNCc3cccnc3)c12	6.43	1	IC50	30	in-envelope-novel	0.154	fenticonazole	True
CHEMBL346646	Cc1c(F)ccc2c(C(=O)O)cc(-c3ccc(Br)cc3)nc12	6.92	1	IC50	22	in-envelope-novel	0.186	isavuconazole	True
CHEMBL347048	Cc1c(COc2ccc(F)c(F)c2F)oc2cccc(OCCCNCc3cccnc3)c12	7.46	3	IC50	33	in-envelope-novel	0.137	voriconazole	True
CHEMBL347895	Cc1c(COc2ccccc2F)oc2cccc(OCCCNCc3cccnc3)c12	6.81	2	IC50	31	in-envelope-novel	0.141	voriconazole	True
CHEMBL348184	Cc1c(Br)ccc2c(C(=O)O)cc(-c3ccc(Br)cc3)nc12	6.82	1	IC50	22	in-envelope-novel	0.136	isavuconazole	True
CHEMBL351774	Cc1c(COc2ccccc2C#N)oc2cccc(OCCCNCc3cccnc3)c12	5.7	2	IC50	32	in-envelope-novel	0.134	fenticonazole	True
CHEMBL353161	CC(C)c1cc2c(ccc3nc(N)nc(N)c32)[nH]1	9.8	1	Ki	18	in-envelope-novel	0.117	efinaconazole	True
CHEMBL353541	Cc1c(C(=O)c2ncccc2C(F)(F)F)oc2cccc(OCCCNCc3cccnc3)c12	5.88	2	IC50	34	in-envelope-novel	0.144	voriconazole	True
CHEMBL353621	COc1cc(Cn2ccc3c4c(N)nc(N)nc4ccc32)cc(OC)c1OC	9.64	1	Ki	28	in-envelope-novel	0.149	sertaconazole	True
CHEMBL353763	CCCc1cc2c3c(N)nc(N)nc3ccc2n1CC	9.19	1	Ki	20	in-envelope-novel	0.139	efinaconazole	True
CHEMBL353764	Nc1nc(N)c2c(ccc3[nH]ccc32)n1	7.64	1	Ki	15	in-envelope-novel	0.092	sertaconazole	True
CHEMBL353929	Cc1cc2c3c(N)nc(N)nc3ccc2n1C	8.7	1	Ki	17	in-envelope-novel	0.13	sertaconazole	True
CHEMBL355250	Cc1c(C(=O)c2ccccn2)oc2cccc(OCCCNCc3cccnc3)c12	6.76	2	IC50	30	in-envelope-novel	0.135	fenticonazole	True
CHEMBL355497	Cc1c(C(=O)c2nccn2C)oc2cccc(OCCCNCc3cccnc3)c12	6.22	2	IC50	30	in-envelope-novel	0.143	butoconazole	True
CHEMBL356452	Nc1ccc2nc(-c3ccc(Br)cc3)cc(C(=O)O)c2c1	5.48	1	IC50	21	in-envelope-novel	0.126	isavuconazole	True
CHEMBL357192	C[C@]12CC[C@H](O)[C@H]3O[C@]31CC=C1CCC12	4.18	1	IC50	15	out-of-scope	0.108	ketoconazole	False
CHEMBL357355	Cc1cc(Cl)cc2c(C(=O)O)cc(-c3ccc(Br)cc3)nc12	8.3	1	IC50	22	in-envelope-novel	0.149	ketoconazole	True
CHEMBL357572	O=C(O)c1cc(-c2ccc(Br)cc2)nc2ccc(I)cc12	7.72	1	IC50	21	in-envelope-novel	0.126	isavuconazole	True
CHEMBL358675	O=C(O)c1cc(-c2ccc(Br)cc2)nc2cc(Cl)cc(Cl)c12	6.85	1	IC50	22	in-envelope-novel	0.169	oxiconazole	True
CHEMBL358954	C[C@]12CC[C@H](O)C[C@@H]1[C@@H](O)C=C1CCC12	4.33	1	IC50	15	out-of-scope	0.078	efinaconazole	False
CHEMBL360107	O=C(O)CN1C(=O)/C(=C/c2ccc(OCCc3ccc(F)cc3F)c(OCc3ccccc3)c2)SC1=S	7.3	1	IC50	37	out-of-scope	0.176	fluconazole	False
CHEMBL360293	O=C(O)CN1C(=O)/C(=C/c2ccc(OCCc3ccccc3)c(OC(C(=O)N3CCOCC3)c3ccccc3)c2)SC1=S	4.37	1	IC50	43	out-of-scope	0.13	ketoconazole	False
CHEMBL360588	C[C@@H](COc1ccc(/C=C2\SC(=S)N(CC(=O)O)C2=O)cc1O[C@@H](c1ccccc1)C(F)(F)F)c1ccccc1	6.7	1	IC50	40	out-of-scope	0.13	voriconazole	False
CHEMBL360702	O=C(O)CN1C(=O)/C(=C/c2ccc(OCc3ccc(F)c(F)c3)c(OCc3ccccc3)c2)SC1=S	5.82	1	IC50	36	out-of-scope	0.16	fenticonazole	False
CHEMBL361101	Nc1ncc(CCc2ccccc2)c(N)n1	5.17	3	IC50	16	in-envelope-novel	0.145	butoconazole	True
CHEMBL361420	O=C(O)CN1C(=O)/C(=C/c2ccc(OCCc3ccccc3)c(OC(CO)c3ccccc3)c2)SC1=S	6.52	1	IC50	37	out-of-scope	0.13	fenticonazole	False
CHEMBL361718	CC[C@@H](COc1ccc(/C=C2\SC(=S)N(CC(=O)O)C2=O)cc1O[C@H](c1ccccc1)C(F)(F)F)c1ccccc1	7.7	1	IC50	41	out-of-scope	0.14	posaconazole	False
CHEMBL361840	C[C@@H](COc1ccc(/C=C2\SC(=S)N(CC(=O)O)C2=O)cc1OCc1ccccc1)c1ccccc1	7.16	1	IC50	36	out-of-scope	0.144	fenticonazole	False
CHEMBL362208	Nc1ncc(/C=C/c2ccccc2)c(N)n1	4.98	3	IC50	16	in-envelope-novel	0.14	bifonazole	True
CHEMBL362254	Nc1ncc(OCc2ccc(Cl)c(Cl)c2)c(N)n1	5.84	3	IC50	18	in-envelope-novel	0.181	fenticonazole	True
CHEMBL363745	O=C(O)CN1C(=O)/C(=C/c2ccc(OCc3ccc(Cl)cc3)c(OCc3ccccc3)c2)SC1=S	6.22	1	IC50	35	out-of-scope	0.205	fenticonazole	False
CHEMBL365506	O=C(O)CN1C(=O)/C(=C/c2ccc(OCCc3ccc(C(F)(F)F)cc3)c(OCc3ccccc3)c2)SC1=S	6.75	1	IC50	39	out-of-scope	0.139	fenticonazole	False
CHEMBL366064	NC(=O)C(Oc1cc(/C=C2\SC(=S)N(CC(=O)O)C2=O)ccc1OCCc1ccccc1)c1ccccc1	5.16	1	IC50	38	out-of-scope	0.122	bifonazole	False
CHEMBL366989	Nc1ncc(Cc2cccc3ccccc23)c(N)n1	6.24	3	IC50	19	in-envelope-novel	0.133	sertaconazole	True
CHEMBL367136	CCC(Oc1cc(/C=C2\SC(=S)N(CC(=O)O)C2=O)ccc1OCCc1ccccc1)c1ccccc1	7.7	1	IC50	37	out-of-scope	0.129	fenticonazole	False
CHEMBL367220	COc1cc(COc2cnc(N)nc2N)ccc1OCCCNS(=O)(=O)c1ccc(C)cc1	6.27	3	IC50	33	in-envelope-novel	0.115	fenticonazole	True
CHEMBL367308	Nc1ncc(OCc2c(Cl)cccc2Cl)c(N)n1	5.25	3	IC50	18	in-envelope-novel	0.194	sertaconazole	True
CHEMBL367882	Nc1ncc(OCc2ccc(OCCCCN3C(=O)c4ccccc4C3=O)cc2)c(N)n1	6.19	3	IC50	32	in-envelope-novel	0.151	fenticonazole	True
CHEMBL368065	COc1cc(COc2cnc(N)nc2N)ccc1OCCCc1ccccc1	6.07	3	IC50	28	in-envelope-novel	0.155	fenticonazole	True
CHEMBL368134	Cc1c(C(=O)c2ccco2)oc2cccc(OCCCNCc3cccnc3)c12	4.97	2	IC50	29	in-envelope-novel	0.128	voriconazole	True
CHEMBL368735	COc1cc(Cc2ccc(N)cc2N)cc(OC)c1OCCCNc1ccc(S(=O)(=O)c2ccc(N)cc2)cc1	7.4	3	IC50	40	out-of-scope	0.119	miconazole	False
CHEMBL368759	Cc1ccc(S(=O)(=O)NCCCOc2ccc(COc3cnc(N)nc3N)cc2)cc1	6.27	3	IC50	31	in-envelope-novel	0.123	ketoconazole	True
CHEMBL369237	COc1ccc(CNc2cnc(N)nc2N)cc1	4.93	3	IC50	18	in-envelope-novel	0.121	ketoconazole	True
CHEMBL369344	C[C@H](COc1ccc(/C=C2\SC(=S)N(CC(=O)O)C2=O)cc1O[C@H](c1ccccc1)C(F)(F)F)c1ccccc1	7.7	1	IC50	40	out-of-scope	0.13	voriconazole	False
CHEMBL369345	C[C@H](COc1ccc(/C=C2\SC(=S)N(CC(=O)O)C2=O)cc1OCc1ccccc1)c1ccccc1	6.46	1	IC50	36	out-of-scope	0.144	fenticonazole	False
CHEMBL369501	Nc1ncc(NCc2ccccc2Cl)c(N)n1	5.18	3	IC50	17	in-envelope-novel	0.182	clotrimazole	True
CHEMBL369645	COc1ccc(Cc2cnc(N)nc2N)cc1OCCCCN1C(=O)c2ccccc2C1=O	7.21	3	IC50	33	in-envelope-novel	0.132	voriconazole	True
CHEMBL369715	O=C(O)CN1C(=O)/C(=C/c2ccc(OCCc3ccc(F)cc3)c(OCc3ccccc3)c2)SC1=S	7.3	1	IC50	36	out-of-scope	0.145	fluconazole	False
CHEMBL369740	O=C(O)CN1C(=O)/C(=C/c2ccc(OCCc3ccccc3)c(OCc3ccccc3)c2)SC1=S	6.3	1	IC50	35	out-of-scope	0.14	fenticonazole	False
CHEMBL373442	C1=C(C23CC4CC(CC(C4)C2)C3)COOC1	4.2	1	IC50	16	out-of-scope	0.09	luliconazole	False
CHEMBL384165	CC[C@H](C)[C@H](NC(=O)[C@@H](Cc1ccccc1)NC(=O)[C@@H](Cc1c[nH]c2ccccc12)NC(=O)[C@@H](N)CCCN=C(N)N)C(=O)N[C@H](Cc1ccccc1)C(=O)N[C@@H](Cc1c[nH]cn1)C(=O)N[C@@H](CCCCN)C(=O)N[C@@H](CCCCN)C(=O)N1CCC[C@H]1C(N)=O	5.41	1	IC50	91	out-of-domain	0.117	posaconazole	False
CHEMBL384443	COc1cc(C(O)C#Cc2cnc(N)nc2N)cc(OC)c1OC	4.92	1	IC50	24	in-envelope-novel	0.127	voriconazole	True
CHEMBL384871	CC[C@H](C)[C@H](NC(=O)[C@@H](Cc1ccccc1)NC(=O)[C@@H](Cc1c[nH]c2ccccc12)NC(=O)[C@@H](N)CCCN=C(N)N)C(=O)N[C@H](Cc1ccccc1)C(=O)N[C@@H](Cc1c[nH]cn1)C(=O)N[C@@H](CCCCN)C(=O)N[C@@H](CCCCN)C(=O)N[C@@H](CCCN=C(N)N)C(N)=O	5.79	1	IC50	95	out-of-domain	0.099	posaconazole	False
CHEMBL385931	CCC(C)CC(C)CCCCCCCCC(=O)N[C@H]1C[C@@H](O)[C@@H](O)NC(=O)[C@@H]2[C@@H](O)CCN2C(=O)[C@H]([C@H](O)CCN=C(N)N)NC(=O)[C@H]([C@H](O)[C@@H](O)c2ccc(O)cc2)NC(=O)[C@@H]2C[C@@H](O)CN2C(=O)[C@H]([C@@H](C)O)NC1=O	8.15	1	IC50	77	out-of-scope	0.125	posaconazole	False
CHEMBL386918	CCC(C)CC(C)CCCCCCCCC(=O)N[C@H]1C[C@@H](O)CNC(=O)[C@@H]2[C@@H](O)CCN2C(=O)[C@H]([C@H](O)CC(=O)NO)NC(=O)[C@H]([C@H](O)Cc2ccc(O)cc2)NC(=O)[C@@H]2C[C@@H](O)CN2C(=O)[C@H]([C@@H](C)O)NC1=O	7.1	1	IC50	74	out-of-scope	0.122	posaconazole	False
CHEMBL387584	CC1=CC[C@H]2C(C)(C)CCC[C@]2(C)[C@H]1C[C@@H](OS(=O)(=O)[O-])[C@H](C)CCC/C(C)=C/Cc1cc(O)ccc1O.[Na+]	4.435	2	IC50	39	out-of-scope	0.108	posaconazole	False
CHEMBL388588	CCCCCCC[C@H]1OOC[C@@H]2O[C@@H]21	4.2	1	IC50	14	out-of-scope	0.071	itraconazole	False
CHEMBL388590	CCc1oc2ccccc2c1C(=O)c1cc(Br)c(O)c(Br)c1	5.7	1	IC50	22	out-of-scope	0.128	ketoconazole	False
CHEMBL388606	COc1c(O)c(C)c(OC)c2c1CCc1c(O)cccc1O2	4.11	1	IC50	22	out-of-scope	0.1	efinaconazole	False
CHEMBL388681	C/C=C1\NC(=O)[C@H](Cc2ccccc2)NC(=O)[C@@H](C(C)C)NC(=O)[C@@H]([C@@H](C)CC)NC(=O)[C@H](NC(=O)[C@H](NC(=O)[C@H](CCCNCc2cccs2)NC(=O)[C@H]2CCCN2C(=O)[C@@H](NC(=O)[C@H](NC(=O)[C@H](NC(=O)[C@@H](NC(=O)CCCC(C)C)C(C)C)[C@H](C)O)C(C)C)C(C)C)[C@@H](C)CC)[C@@H](C)OC(=O)[C@H](C(C)C)NC1=O	5.42	1	IC50	111	out-of-scope	0.118	posaconazole	False
CHEMBL388682	C/C=C1\NC(=O)[C@H](Cc2ccccc2)NC(=O)[C@@H](C(C)C)NC(=O)[C@@H]([C@@H](C)CC)NC(=O)[C@H](NC(=O)[C@H](NC(=O)[C@H](CCCNCCCCCC)NC(=O)[C@H]2CCCN2C(=O)[C@@H](NC(=O)[C@H](NC(=O)[C@H](NC(=O)[C@@H](NC(=O)CCCC(C)C)C(C)C)[C@H](C)O)C(C)C)C(C)C)[C@@H](C)CC)[C@@H](C)OC(=O)[C@H](C(C)C)NC1=O	5.25	1	IC50	111	out-of-scope	0.121	posaconazole	False
CHEMBL389172	COc1cc(O)cc(CCc2ccccc2)c1	4.17	1	IC50	17	out-of-scope	0.162	fenticonazole	False
CHEMBL390154	C1C2CC3CC1CC([C@H]1OOC[C@@H]4O[C@@H]41)(C2)C3	4.51	1	IC50	17	out-of-scope	0.059	posaconazole	False
CHEMBL396293	C/C=C1\NC(=O)[C@H](Cc2ccccc2)NC(=O)[C@@H](C(C)C)NC(=O)[C@@H]([C@@H](C)CC)NC(=O)[C@H](NC(=O)[C@H](NC(=O)[C@H](CCCN)NC(=O)[C@H]2CCCN2C(=O)[C@@H](NC(=O)[C@H](NC(=O)[C@H](NC(=O)[C@@H](NC(=O)CCCC(C)C)C(C)C)[C@H](C)OC(C)=O)C(C)C)C(C)C)[C@@H](C)CC)[C@@H](C)OC(=O)[C@H](C(C)C)NC1=O	5.48	1	IC50	108	out-of-scope	0.127	posaconazole	False
CHEMBL396608	CCCCCCCCOc1ccc(NC(=O)C(CCCN)NC(=O)[C@]2(O)C[C@@H](O)[C@@H](O)[C@H](OC(=O)/C=C/c3ccc(O)c(O)c3)C2)cc1	4.82	1	IC50	48	out-of-scope	0.151	posaconazole	False
CHEMBL401887	CC(C)=CCC/C(C)=C/CCc1c[nH]nn1	6.0	1	IC50	16	in-envelope-novel	0.087	sertaconazole	True
CHEMBL403176	O=C(c1ccc(O)cc1)c1nccc2c1[nH]c1ccccc12	4.32	1	IC50	22	in-envelope-novel	0.138	bifonazole	True
CHEMBL403233	O[C@]12C=C(c3nccc4c3[nH]c3ccccc34)[C@@H]3CCN(CCCC/C=C\CC1)C[C@@]31C[C@@H]3/C=C\CCCCN3[C@H]12	5.115	2	IC50	41	in-envelope-novel	0.099	bifonazole	True
CHEMBL403963	C(=C/c1nn[nH]n1)\c1ccccc1	5.0	1	IC50	13	in-envelope-novel	0.149	bifonazole	True
CHEMBL404704	CC(C)=C/C=C/C(C)=C/C=C/C(C)=C/C=N/O	5.0	1	IC50	17	out-of-scope	0.04	posaconazole	False
CHEMBL404803	CC[C@H](C)[C@H](NC(=O)[C@@H](Cc1ccccc1)NC(=O)[C@@H](Cc1c[nH]c2ccccc12)NC(=O)[C@@H](N)CCCN=C(N)N)C(=O)N[C@H](Cc1ccccc1)C(=O)N[C@@H](Cc1c[nH]cn1)C(=O)N[C@@H](CCCCN)C(=O)N[C@@H](CCCCN)C(=O)N[C@@H](Cc1c[nH]c2ccccc12)C(N)=O	5.58	1	IC50	98	out-of-domain	0.099	posaconazole	False
CHEMBL405277	CC[C@@H](C)[C@H](NC(=O)[C@@H](Cc1ccccc1)NC(=O)[C@@H](Cc1c[nH]c2ccccc12)NC(=O)[C@@H](N)CCCN=C(N)N)C(=O)N[C@H](Cc1ccccc1)C(=O)N[C@@H](Cc1c[nH]cn1)C(=O)N[C@@H](CCCCN)C(=O)N[C@@H](CCCCN)C(=O)N[C@@H](CCC(=O)O)C(N)=O	5.45	1	IC50	93	out-of-domain	0.096	posaconazole	False
CHEMBL405339	CC[C@H](C)[C@H](NC(=O)[C@@H](Cc1ccccc1)NC(=O)[C@@H](Cc1c[nH]c2ccccc12)NC(=O)[C@@H](N)CCCN=C(N)N)C(=O)N[C@H](Cc1ccccc1)C(=O)N[C@@H](Cc1c[nH]cn1)C(=O)N[C@@H](CCCCN)C(=O)N[C@@H](CCCN=C(N)N)C(=O)N[C@@H](CCCN=C(N)N)C(N)=O	5.38	1	IC50	97	out-of-domain	0.099	posaconazole	False
CHEMBL405487	CCCCCCCCCCCCC[C@@H]1CC(=O)N[C@H]([C@@H](C)O)C(=O)N[C@H](C)C(=O)N[C@@H](Cc2ccc(O)cc2)C(=O)N[C@@H](C(C)C)C(=O)N2C[C@H](O)C[C@H]2C(=O)N[C@H]([C@@H](C)O)C(=O)N[C@@H]([C@@H](C)O)C(=O)N2CC[C@H](O)[C@H]2C(=O)N[C@@H]([C@H](O)CC(N)=O)C(=O)NCC(=O)N[C@H]([C@@H](C)O)C(=O)N[C@@H](CCCN(CCN)CCN)C(=O)O1	8.85	1	IC50	114	out-of-scope	0.115	ketoconazole	False
CHEMBL406145	CC[C@H](C)[C@H](NC(=O)[C@@H](Cc1ccccc1)NC(=O)[C@@H](Cc1c[nH]c2ccccc12)NC(=O)[C@@H](N)CCCN=C(N)N)C(=O)N[C@H](Cc1ccccc1)C(=O)N[C@@H](Cc1c[nH]cn1)C(=O)N[C@@H](CCCCN)C(=O)N[C@@H](CCCCN)C(=O)N[C@H](C(N)=O)[C@@H](C)O	5.62	1	IC50	91	out-of-domain	0.118	posaconazole	False
CHEMBL406505	CC[C@H](C)[C@H](NC(=O)[C@@H](Cc1ccccc1)NC(=O)[C@@H](Cc1c[nH]c2ccccc12)NC(=O)[C@@H](N)CCCN=C(N)N)C(=O)N[C@H](Cc1ccccc1)C(=O)N[C@@H](Cc1c[nH]cn1)C(=O)N[C@@H](CCCCN)C(=O)N[C@@H](CCCN=C(N)N)C(=O)N[C@@H](CC(N)=O)C(N)=O	5.33	1	IC50	94	out-of-domain	0.103	voriconazole	False
CHEMBL406890	CC[C@H](C)[C@H](NC(=O)[C@@H](Cc1ccccc1)NC(=O)[C@@H](Cc1c[nH]c2ccccc12)NC(=O)[C@@H](N)CCCN=C(N)N)C(=O)N[C@H](Cc1ccccc1)C(=O)N[C@@H](Cc1c[nH]cn1)C(=O)N[C@@H](CCCCN)C(=O)N[C@@H](CCCN=C(N)N)C(=O)N[C@@H](CCC(=O)O)C(N)=O	5.37	1	IC50	95	out-of-domain	0.096	posaconazole	False
CHEMBL407122	CCC(C)CC(C)CCCCCCCCC(=O)N[C@H]1C[C@@H](O)CNC(=O)[C@@H]2[C@@H](O)CCN2C(=O)[C@H]([C@H](O)CC(=N)S)NC(=O)[C@H]([C@H](O)Cc2ccc(O)cc2)NC(=O)[C@@H]2C[C@@H](O)CN2C(=O)[C@H]([C@@H](C)O)NC1=O	6.92	1	IC50	73	out-of-scope	0.122	efinaconazole	False
CHEMBL407210	CC[C@H](C)[C@H](NC(=O)[C@@H](Cc1ccccc1)NC(=O)[C@@H](Cc1c[nH]c2ccccc12)NC(=O)[C@@H](N)CCCN=C(N)N)C(=O)N[C@H](Cc1ccccc1)C(=O)N[C@@H](Cc1c[nH]cn1)C(=O)N[C@@H](CCCCN)C(=O)N[C@@H](CCCCN)C(=O)N[C@@H](CC(N)=O)C(N)=O	5.47	1	IC50	92	out-of-domain	0.103	voriconazole	False
CHEMBL407367	CC[C@H](C)[C@H](NC(=O)[C@H](CCCCN)NC(=O)[C@H](CCCCN)NC(=O)[C@H](Cc1c[nH]cn1)NC(=O)[C@@H](Cc1ccccc1)NC(=O)[C@@H](NC(=O)[C@@H](Cc1ccccc1)NC(=O)[C@@H](Cc1c[nH]c2ccccc12)NC(=O)[C@@H](N)CCCN=C(N)N)[C@@H](C)CC)C(N)=O	5.78	1	IC50	92	out-of-domain	0.106	posaconazole	False
CHEMBL407924	CCCCCCCCCCCCC[C@@H]1CC(=O)N[C@H]([C@@H](C)O)C(=O)N[C@H](C)C(=O)N[C@@H](Cc2ccc(O)cc2)C(=O)N[C@@H](C(C)C)C(=O)N2C[C@H](O)C[C@H]2C(=O)N[C@H]([C@@H](C)O)C(=O)N[C@@H]([C@@H](C)O)C(=O)N2CC[C@H](O)[C@H]2C(=O)N[C@@H]([C@H](O)CC(N)=O)C(=O)NCC(=O)N[C@H]([C@@H](C)O)C(=O)N[C@@H](CCCNC(=O)[C@H](N)CCCN)C(=O)O1	8.44	1	IC50	116	out-of-scope	0.118	ketoconazole	False
CHEMBL408249	CCC(C)CC(C)CCCCCCCCC(=O)N[C@H]1C[C@@H](O)CNC(=O)[C@@H]2[C@@H](O)CCN2C(=O)[C@H]([C@H](O)CC(=O)NCCCCCCN)NC(=O)[C@H]([C@H](O)Cc2ccc(O)cc2)NC(=O)[C@@H]2C[C@@H](O)CN2C(=O)[C@H]([C@@H](C)O)NC1=O	7.42	1	IC50	80	out-of-scope	0.123	posaconazole	False
CHEMBL408771	CCC(C)CC(C)CCCCCCCCC(=O)N[C@H]1C[C@@H](O)CNC(=O)[C@@H]2[C@@H](O)CCN2C(=O)[C@H]([C@H](O)CC(=O)NN)NC(=O)[C@H]([C@H](O)Cc2ccc(O)cc2)NC(=O)[C@@H]2C[C@@H](O)CN2C(=O)[C@H]([C@@H](C)O)NC1=O	6.96	1	IC50	74	out-of-scope	0.128	posaconazole	False
CHEMBL408820	CCC(C)CC(C)CCCCCCCCC(=O)N[C@H]1C[C@@H](O)[C@@H](O)NC(=O)[C@@H]2[C@@H](O)CCN2C(=O)[C@H]([C@H](O)CCNC)NC(=O)[C@H]([C@H](O)[C@@H](O)c2ccc(O)cc2)NC(=O)[C@@H]2C[C@@H](O)CN2C(=O)[C@H]([C@@H](C)O)NC1=O	8.15	1	IC50	75	out-of-scope	0.121	posaconazole	False
CHEMBL408874	CC[C@H](C)[C@H](NC(=O)[C@@H](Cc1ccccc1)NC(=O)[C@@H](Cc1c[nH]c2ccccc12)NC(=O)[C@@H](N)CCCN=C(N)N)C(=O)N[C@H](Cc1ccccc1)C(=O)N[C@@H](Cc1c[nH]cn1)C(=O)N[C@@H](CCCCN)C(=O)N[C@@H](CCCN=C(N)N)C(=O)N[C@@H](Cc1c[nH]cn1)C(N)=O	5.39	1	IC50	96	out-of-domain	0.099	posaconazole	False
CHEMBL409020	CC[C@H](C)[C@H](NC(=O)[C@@H](Cc1ccccc1)NC(=O)[C@@H](Cc1c[nH]c2ccccc12)NC(=O)[C@@H](N)CCCN=C(N)N)C(=O)N[C@H](Cc1ccccc1)C(=O)N[C@@H](Cc1c[nH]cn1)C(=O)N[C@@H](CCCCN)C(=O)N[C@@H](CCCCN)C(=O)N[C@@H](CCCCN)C(N)=O	5.74	1	IC50	93	out-of-domain	0.099	posaconazole	False
CHEMBL409197	CC[C@H](C)[C@H](NC(=O)[C@@H](Cc1ccccc1)NC(=O)[C@@H](Cc1c[nH]c2ccccc12)NC(=O)[C@@H](N)CCCN=C(N)N)C(=O)N[C@H](Cc1ccccc1)C(=O)N[C@@H](Cc1c[nH]cn1)C(=O)N[C@@H](CCCCN)C(=O)N[C@@H](CCCN=C(N)N)C(=O)NCC(N)=O	5.35	1	IC50	90	out-of-domain	0.096	posaconazole	False
CHEMBL410806	CC[C@H](C)[C@H](NC(=O)[C@@H](Cc1ccccc1)NC(=O)[C@@H](Cc1c[nH]c2ccccc12)NC(=O)[C@@H](N)CCCN=C(N)N)C(=O)N[C@H](Cc1ccccc1)C(=O)N[C@@H](Cc1c[nH]cn1)C(=O)N[C@@H](CCCCN)C(=O)N[C@@H](CCCCN)C(=O)N[C@@H](Cc1ccc(O)cc1)C(N)=O	5.56	1	IC50	96	out-of-domain	0.098	butoconazole	False
CHEMBL411350	CC[C@H](C)[C@H](NC(=O)[C@@H](Cc1ccccc1)NC(=O)[C@@H](Cc1c[nH]c2ccccc12)NC(=O)[C@@H](N)CCCN=C(N)N)C(=O)N[C@H](Cc1ccccc1)C(=O)N[C@@H](Cc1c[nH]cn1)C(=O)N[C@@H](CCCCN)C(=O)N[C@@H](CCCN=C(N)N)C(=O)N[C@@H](CC(=O)O)C(N)=O	5.11	1	IC50	94	out-of-domain	0.103	voriconazole	False
CHEMBL411620	CC[C@H](C)[C@H](NC(=O)[C@@H](Cc1ccccc1)NC(=O)[C@@H](Cc1c[nH]c2ccccc12)NC(=O)[C@@H](N)CCCN=C(N)N)C(=O)N[C@H](Cc1ccccc1)C(=O)N[C@@H](Cc1c[nH]cn1)C(=O)N[C@@H](CCCCN)C(=O)N[C@@H](CCCN=C(N)N)C(=O)N[C@@H](Cc1ccccc1)C(N)=O	5.26	1	IC50	97	out-of-domain	0.099	posaconazole	False
CHEMBL412347	CCC(C)CC(C)CCCCCCCCC(=O)N[C@H]1C[C@@H](O)CNC(=O)[C@@H]2[C@@H](O)CCN2C(=O)[C@H]([C@H](O)CC#N)NC(=O)[C@H]([C@H](O)Cc2ccc(O)cc2)NC(=O)[C@@H]2C[C@@H](O)CN2C(=O)[C@H]([C@@H](C)O)NC1=O	7.0	1	IC50	72	out-of-scope	0.127	posaconazole	False
CHEMBL412808	CN(C/C=C\C#CC(C)(C)C)c1cccc2c1CCC(=O)N2	7.88	1	IC50	22	out-of-scope	0.103	efinaconazole	False
CHEMBL412839	CCC(C)CC(C)CCCCCCCCC(=O)N[C@H]1C[C@@H](O)[C@@H](OCCN)NC(=O)[C@@H]2[C@@H](O)CCN2C(=O)[C@H]([C@H](O)CCN)NC(=O)[C@H]([C@H](O)[C@@H](O)c2ccc(O)cc2)NC(=O)[C@@H]2C[C@@H](O)CN2C(=O)[C@H]([C@@H](C)O)NC1=O	9.0	1	IC50	77	out-of-scope	0.131	posaconazole	False
CHEMBL412847	CCC(C)CC(C)CCCCCCCCC(=O)N[C@H]1C[C@@H](O)CNC(=O)[C@@H]2[C@@H](O)CCN2C(=O)[C@H]([C@H](O)CC(=O)NCCCCCC(=O)OC)NC(=O)[C@H]([C@H](O)Cc2ccc(O)cc2)NC(=O)[C@@H]2C[C@@H](O)CN2C(=O)[C@H]([C@@H](C)O)NC1=O	6.6	1	IC50	82	out-of-scope	0.123	posaconazole	False
CHEMBL412976	CCC(C)CC(C)CCCCCCCCC(=O)N[C@H]1C[C@@H](O)[C@@H](OCCN)NC(=O)[C@@H]2[C@@H](O)CCN2C(=O)[C@H]([C@H](O)CC(N)=O)NC(=O)[C@H]([C@H](O)[C@@H](O)c2ccc(O)cc2)NC(=O)[C@@H]2C[C@@H](O)CN2C(=O)[C@H]([C@@H](C)O)NC1=O	7.96	1	IC50	78	out-of-scope	0.129	posaconazole	False
CHEMBL413110	Nc1nc(N)c2c(Sc3ccc(C(F)(F)F)cc3)cccc2n1	6.32	1	IC50	23	in-envelope-novel	0.128	fenticonazole	True
CHEMBL413199	CCCCCOc1ccc(-c2ccc(-c3ccc(C(=O)N[C@@H]4C[C@@H](O)[C@@H](O)NC(=O)C5[C@@H](OC)[C@@H](OC)CN5C(=O)[C@H]([C@@H](C)O)NC(=O)[C@H]([C@H](O)[C@@H](O)c5ccc(O)cc5)NC(=O)[C@@H]5C[C@@H](O)CN5C(=O)[C@H]([C@@H](C)O)NC4=O)cc3)cc2)cc1	7.75	1	IC50	84	out-of-scope	0.146	posaconazole	False
CHEMBL413281	CC[C@H](C)[C@H](NC(=O)[C@@H](Cc1ccccc1)NC(=O)[C@@H](Cc1c[nH]c2ccccc12)NC(=O)[C@@H](N)CCCN=C(N)N)C(=O)N[C@H](Cc1ccccc1)C(=O)N[C@@H](Cc1c[nH]cn1)C(=O)N[C@@H](CCCCN)C(=O)N[C@@H](CCCN=C(N)N)C(=O)N1CCC[C@H]1C(N)=O	5.33	1	IC50	93	out-of-domain	0.117	posaconazole	False
CHEMBL413520	CCC(C)CC(C)CCCCCCCCC(=O)N[C@H]1C[C@@H](O)CNC(=O)[C@@H]2[C@@H](O)CCN2C(=O)[C@H]([C@H](O)CCO)NC(=O)[C@H]([C@H](O)Cc2ccc(O)cc2)NC(=O)[C@@H]2C[C@@H](O)CN2C(=O)[C@H]([C@@H](C)O)NC1=O	6.7	1	IC50	72	out-of-scope	0.123	posaconazole	False
CHEMBL413949	CCC(C)CC(C)CCCCCCCCC(=O)N[C@H]1C[C@@H](O)CNC(=O)[C@@H]2[C@@H](O)CCN2C(=O)[C@H]([C@H](O)CC(=O)OC)NC(=O)[C@H]([C@H](O)Cc2ccc(O)cc2)NC(=O)[C@@H]2C[C@@H](O)CN2C(=O)[C@H]([C@@H](C)O)NC1=O	6.75	1	IC50	74	out-of-scope	0.127	posaconazole	False
CHEMBL414300	CC[C@H](C)[C@H](NC(=O)[C@@H](Cc1ccccc1)NC(=O)[C@@H](Cc1c[nH]c2ccccc12)NC(=O)[C@@H](N)CCCN=C(N)N)C(=O)N[C@H](Cc1ccccc1)C(=O)N[C@@H](Cc1c[nH]cn1)C(=O)N[C@@H](CCCCN)C(=O)N[C@@H](CCCN=C(N)N)C(=O)N[C@@H](CCC(N)=O)C(N)=O	5.41	1	IC50	95	out-of-domain	0.096	posaconazole	False
CHEMBL414964	CC[C@@H](C)[C@H](NC(=O)[C@@H](Cc1ccccc1)NC(=O)[C@@H](Cc1c[nH]c2ccccc12)NC(=O)[C@@H](N)CCCN=C(N)N)C(=O)N[C@H](Cc1ccccc1)C(=O)N[C@@H](Cc1c[nH]cn1)C(=O)N[C@@H](CCCCN)C(=O)N[C@@H](CCCCN)C(=O)N[C@@H](CC(=O)O)C(N)=O	5.45	1	IC50	92	out-of-domain	0.103	voriconazole	False
CHEMBL415670	CCC(C)CC(C)CCCCCCCCC(=O)N[C@H]1C[C@@H](O)CNC(=O)[C@@H]2[C@@H](O)CCN2C(=O)[C@H]([C@H](O)CCN)NC(=O)[C@H]([C@H](O)Cc2ccc(O)cc2)NC(=O)[C@@H]2C[C@@H](O)CN2C(=O)[C@H]([C@@H](C)O)NC1=O	8.0	1	IC50	72	out-of-scope	0.129	posaconazole	False
CHEMBL415843	CCCCCCCCCCCCC[C@@H]1CC(=O)N[C@H]([C@@H](C)O)C(=O)N[C@H](C)C(=O)N[C@@H](Cc2ccc(O)cc2)C(=O)N[C@@H](C(C)C)C(=O)N2C[C@H](O)C[C@H]2C(=O)N[C@H]([C@@H](C)O)C(=O)N[C@@H]([C@@H](C)O)C(=O)N2CC[C@H](O)[C@H]2C(=O)N[C@@H]([C@H](O)CC(N)=O)C(=O)NCC(=O)N[C@H]([C@@H](C)O)C(=O)N[C@@H](CCCN(CCCN)C(=O)[C@H](CCCN)N(CCN)CCN)C(=O)O1	9.55	1	IC50	126	out-of-scope	0.115	ketoconazole	False
CHEMBL416596	CC(=O)N(C/C=C/C#CC(C)(C)C)c1cccc2c1CCC(=O)N2	6.11	1	IC50	24	out-of-scope	0.113	ketoconazole	False
CHEMBL420721	CCOc1ccc2nc(N)nc(N)c2c1Sc1ccc(C(C)(C)C)cc1	7.24	1	IC50	26	in-envelope-novel	0.145	fenticonazole	True
CHEMBL422402	CC(C)(C)C#C/C=C/CNc1cccc2ncccc12	5.35	1	IC50	20	in-envelope-novel	0.131	sertaconazole	True
CHEMBL422746	Cc1csc(C(=O)c2oc3cccc(OCCCNCc4cccnc4)c3c2C)n1	6.49	2	IC50	30	in-envelope-novel	0.137	sertaconazole	True
CHEMBL422896	Cc1c(C(=O)c2nc3ccccc3n2C(C)C)oc2cccc(OCCCNCc3cccnc3)c12	6.645	2	IC50	36	in-envelope-novel	0.135	voriconazole	True
CHEMBL424794	CC(C)C(Oc1cc(/C=C2\SC(=S)N(CC(=O)O)C2=O)ccc1OCCc1ccccc1)c1ccccc1	7.52	1	IC50	38	out-of-scope	0.122	bifonazole	False
CHEMBL425152	Nc1ncc(CSc2ccc3ccccc3c2)c(N)n1	5.36	3	IC50	20	in-envelope-novel	0.149	fenticonazole	True
CHEMBL425506	COc1cc(Cc2cnc(N)nc2N)ccc1OCCNc1ccc(S(=O)(=O)c2ccc(N)cc2)cc1	6.66	3	IC50	37	in-envelope-novel	0.116	voriconazole	True
CHEMBL426061	C[C@@H](COc1ccc(/C=C2\SC(=S)N(CC(=O)O)C2=O)cc1O[C@H](C)c1ccccc1)c1ccccc1	7.52	1	IC50	37	out-of-scope	0.128	bifonazole	False
CHEMBL426520	CC[C@H](C)[C@H](NC(=O)[C@@H](Cc1ccccc1)NC(=O)[C@@H](Cc1c[nH]c2ccccc12)NC(=O)[C@@H](N)CCCN=C(N)N)C(=O)N[C@H](Cc1ccccc1)C(=O)N[C@@H](Cc1c[nH]cn1)C(=O)N[C@@H](CCCCN)C(=O)N[C@@H](CCCN=C(N)N)C(=O)N[C@@H](CO)C(N)=O	5.36	1	IC50	92	out-of-domain	0.097	posaconazole	False
CHEMBL426584	COc1cc(Cc2cnc(N)nc2N)ccc1OCCCCN1C(=O)c2ccccc2C1=O	7.51	3	IC50	33	in-envelope-novel	0.129	fenticonazole	True
CHEMBL426768	Nc1ncc(OCc2cccc3ccccc23)c(N)n1	6.37	3	IC50	20	in-envelope-novel	0.158	sertaconazole	True
CHEMBL426950	CC(C)(C)c1ccc(COc2cnc(N)nc2N)cc1	5.29	3	IC50	20	in-envelope-novel	0.133	fenticonazole	True
CHEMBL428110	CCC(C)CC(C)CCCCCCCCC(=O)N[C@H]1C[C@@H](O)[C@@H](O)NC(=O)[C@@H]2[C@@H](O)CCN2C(=O)[C@H]([C@H](O)CCN(C)C)NC(=O)[C@H]([C@H](O)[C@@H](O)c2ccc(O)cc2)NC(=O)[C@@H]2C[C@@H](O)CN2C(=O)[C@H]([C@@H](C)O)NC1=O	8.3	1	IC50	76	out-of-scope	0.121	posaconazole	False
CHEMBL428111	CC[C@H](C)[C@H](NC(=O)[C@@H](Cc1ccccc1)NC(=O)[C@@H](Cc1c[nH]c2ccccc12)NC(=O)[C@@H](N)CCCN=C(N)N)C(=O)N[C@H](Cc1ccccc1)C(=O)N[C@@H](Cc1c[nH]cn1)C(=O)N[C@@H](CCCCN)C(=O)N[C@@H](CCCN=C(N)N)C(=O)N[C@H](C(N)=O)C(C)C	5.31	1	IC50	93	out-of-domain	0.105	posaconazole	False
CHEMBL428798	CCC(C)CC(C)CCCCCCCCC(=O)N[C@H]1C[C@@H](O)CNC(=O)[C@@H]2[C@@H](O)CCN2C(=O)[C@H]([C@H](O)CC(=O)O)NC(=O)[C@H]([C@H](O)Cc2ccc(O)cc2)NC(=O)[C@@H]2C[C@@H](O)CN2C(=O)[C@H]([C@@H](C)O)NC1=O	6.4	1	IC50	73	out-of-scope	0.122	posaconazole	False
CHEMBL428871	CC(C)=CCC/C(C)=C/CC/C(C)=C/C=N/O	5.3	1	IC50	17	out-of-scope	0.046	oxiconazole	False
CHEMBL430265	CC[C@H](C)[C@H](NC(=O)[C@@H](Cc1ccccc1)NC(=O)[C@@H](Cc1c[nH]c2ccccc12)NC(=O)[C@@H](N)CCCN=C(N)N)C(=O)N[C@H](Cc1ccccc1)C(=O)N[C@@H](Cc1c[nH]cn1)C(=O)N[C@@H](CCCCN)C(=O)N[C@@H](CCCN=C(N)N)C(=O)N[C@@H](CCCCN)C(N)=O	5.48	1	IC50	95	out-of-domain	0.099	posaconazole	False
CHEMBL431953	CC(C)C(C(C)C)N(Cc1c[nH]cn1)S(=O)(=O)c1cc(Cl)sc1Cl	7.15	1	IC50	24	in-envelope-novel	0.118	itraconazole	True
CHEMBL432165	OC(Cn1cncn1)(Cn1cncn1)c1ccc(-c2ccc(Cl)cc2)cc1	5.14	1	IC50	27	in-envelope-novel	0.468	fluconazole	True
CHEMBL432644	O=S(=O)(c1ccc(CN2CCN(c3ccccn3)CC2)cc1)N(Cc1c[nH]cn1)CC1CCCCC1	10.78	1	IC50	36	in-envelope-novel	0.13	ketoconazole	True
CHEMBL433886	Cc1c(COc2ccc(Cl)cc2)oc2cccc(OCCCNCc3cccnc3)c12	5.61	2	IC50	31	in-envelope-novel	0.19	butoconazole	True
CHEMBL434276	Cc1c(CSc2ccccc2)oc2cccc(OCCCNCc3cccnc3)c12	4.96	1	IC50	30	in-envelope-novel	0.176	fenticonazole	True
CHEMBL434852	COC(=O)C(Cc1ccccc1)NC(=O)c1cc(-c2ccc(Br)cc2)nc2c(C)cc(Cl)cc12	5.24	1	IC50	34	in-envelope-novel	0.158	fenticonazole	True
CHEMBL435553	Nc1ncc(NCc2ccccc2)c(N)n1	5.025	2	IC50	16	in-envelope-novel	0.137	bifonazole	True
CHEMBL437438	CCC(C)CC(C)CCCCCCCCC(=O)N[C@H]1C[C@@H](O)CNC(=O)[C@@H]2[C@@H](O)CCN2C(=O)[C@H]([C@H](O)CC(N)=O)NC(=O)[C@H]([C@H](O)Cc2ccc(O)cc2)NC(=O)[C@@H]2C[C@@H](O)CN2C(=O)[C@H]([C@@H](C)O)NC1=O	7.16	1	IC50	73	out-of-scope	0.121	posaconazole	False
CHEMBL437537	CC[C@H](C)[C@H](NC(=O)[C@@H](Cc1ccccc1)NC(=O)[C@@H](Cc1c[nH]c2ccccc12)NC(=O)[C@@H](N)CCCN=C(N)N)C(=O)N[C@H](Cc1ccccc1)C(=O)N[C@@H](Cc1c[nH]cn1)C(=O)N[C@@H](CCCCN)C(=O)N[C@@H](CCCN=C(N)N)C(=O)N[C@@H](CCSC)C(N)=O	5.33	1	IC50	94	out-of-domain	0.101	posaconazole	False
CHEMBL437803	CCC(C)CC(C)CCCCCCCCC(=O)N[C@H]1C[C@@H](O)[C@@H](O)NC(=O)[C@@H]2[C@@H](O)CCN2C(=O)[C@H]([C@H](O)CCN)NC(=O)[C@H]([C@H](O)[C@@H](O)c2ccc(O)cc2)NC(=O)[C@@H]2C[C@@H](O)CN2C(=O)[C@H]([C@@H](C)O)NC1=O	8.0	2	IC50	74	out-of-scope	0.129	posaconazole	False
CHEMBL437991	CC[C@H](C)[C@H](NC(=O)[C@@H](Cc1ccccc1)NC(=O)[C@@H](Cc1c[nH]c2ccccc12)NC(=O)[C@@H](N)CCCN=C(N)N)C(=O)N[C@H](Cc1ccccc1)C(=O)N[C@@H](Cc1c[nH]cn1)C(=O)N[C@@H](CCCCN)C(=O)N[C@@H](CCCCN)C(=O)N[C@@H](CCSC)C(N)=O	5.58	1	IC50	92	out-of-domain	0.101	posaconazole	False
CHEMBL438198	CCCCCCCCCCCCC[C@@H]1CC(=O)N[C@H]([C@@H](C)O)C(=O)N[C@H](C)C(=O)N[C@@H](Cc2ccc(O)cc2)C(=O)N[C@@H](C(C)C)C(=O)N2C[C@H](O)C[C@H]2C(=O)N[C@H]([C@@H](C)O)C(=O)N[C@@H]([C@@H](C)O)C(=O)N2CC[C@H](O)[C@H]2C(=O)N[C@@H]([C@H](O)CC(N)=O)C(=O)NCC(=O)N[C@H]([C@@H](C)O)C(=O)N[C@@H](CCCN)C(=O)O1	8.07	1	IC50	108	out-of-scope	0.119	ketoconazole	False
CHEMBL438205	CC[C@@H](C)[C@H](NC(=O)[C@@H](Cc1ccccc1)NC(=O)[C@@H](Cc1c[nH]c2ccccc12)NC(=O)[C@@H](N)CCCN=C(N)N)C(=O)N[C@H](Cc1ccccc1)C(=O)N[C@@H](Cc1c[nH]cn1)C(=O)N[C@@H](CCCCN)C(=O)N[C@@H](CCCCN)C(=O)N[C@@H](Cc1c[nH]cn1)C(N)=O	5.72	1	IC50	94	out-of-domain	0.099	posaconazole	False
CHEMBL438668	CCCCCCCCOc1ccc(NC(=O)[C@]2(O)C[C@@H](O)[C@@H](O)[C@H](OC(=O)/C=C/c3ccc(O)c(O)c3)C2)cc1	4.39	1	IC50	40	out-of-scope	0.157	ketoconazole	False
CHEMBL440534	O=C(O)c1cc(-c2ccc(Br)cc2)nc2ccccc12	6.3	1	IC50	20	in-envelope-novel	0.17	bifonazole	True
CHEMBL442034	O=C(O)CN1C(=O)/C(=C/c2ccc(OCc3cccc(C(F)(F)F)c3)c(OCc3ccccc3)c2)SC1=S	6.19	1	IC50	38	out-of-scope	0.133	fenticonazole	False
CHEMBL442306	CCC(C)CC(C)CCCCCCCCC(=O)N[C@H]1C[C@@H](O)CNC(=O)[C@@H]2[C@@H](O)CCN2C(=O)[C@H]([C@H](O)CC(=O)NCCCCCC(=O)O)NC(=O)[C@H]([C@H](O)Cc2ccc(O)cc2)NC(=O)[C@@H]2C[C@@H](O)CN2C(=O)[C@H]([C@@H](C)O)NC1=O	6.05	1	IC50	81	out-of-scope	0.117	posaconazole	False
CHEMBL443517	CN(Cc1ccc(C#CC(C)(C)C)cc1)c1cccc2c1CCC(=O)N2	6.41	2	IC50	26	out-of-scope	0.111	butoconazole	False
CHEMBL445526	C[C@H]1[C@@H](OCC(=O)CO[C@H]2O[C@@H]3O[C@@]4(C)CC[C@H]5[C@H](C)CC[C@@H]([C@H]2C)[C@@]35OO4)O[C@@H]2O[C@@]3(C)CC[C@H]4[C@H](C)CC[C@@H]1[C@@]24OO3	5.62	1	IC50	44	out-of-scope	0.118	ketoconazole	False
CHEMBL445599	C=C(C)[C@H](CC=C(C)C)C[C@]12C[C@H](CC=C(C)C)C(C)(C)[C@](CC=C(C)C)(C(=O)C(C(=O)c3ccc(O)c(O)c3)=C1O)C2=O	4.52	1	EC50	44	out-of-scope	0.117	ketoconazole	False
CHEMBL451226	O=C(O)CC[N+](=O)[O-]	4.41	11	IC50	8	out-of-scope	0.049	ketoconazole	False
CHEMBL454321	CCCCCCCCCCCC#CCCCCC(=O)O	5.52	7	IC50	20	out-of-scope	0.071	ketoconazole	False
CHEMBL454322	CCCCCCCCCCCCC#CCCCCC(=O)O	5.82	7	IC50	21	out-of-scope	0.071	ketoconazole	False
CHEMBL457725	COc1cc(-c2c(C)cccc2C)cc(C(C)C#Cc2c(C)nc(N)nc2N)c1	7.35	1	IC50	29	in-envelope-novel	0.116	bifonazole	True
CHEMBL457726	COc1cc(-c2c(C(C)C)cccc2C(C)C)cc(C(C)C#Cc2c(C)nc(N)nc2N)c1	7.42	1	IC50	33	in-envelope-novel	0.111	bifonazole	True
CHEMBL457905	COc1cc(C(C)C#Cc2c(C)nc(N)nc2N)ccc1-c1ccccc1	7.26	2	IC50	27	in-envelope-novel	0.185	bifonazole	True
CHEMBL457906	COc1cc(C(C)C#Cc2c(C)nc(N)nc2N)ccc1-c1ccccc1C	7.57	1	IC50	28	in-envelope-novel	0.13	bifonazole	True
CHEMBL458328	CCCCCC#CCC#CCC#CCC#CCCCC(=O)O	5.43	8	IC50	22	out-of-scope	0.069	ketoconazole	False
CHEMBL458817	COc1cc(C(C)C#Cc2c(C)nc(N)nc2N)ccc1-c1c(C)cccc1C	7.5	1	IC50	29	in-envelope-novel	0.116	bifonazole	True
CHEMBL458829	COc1cc(C(C)C#Cc2c(C)nc(N)nc2N)ccc1-c1c(C(C)C)cccc1C(C)C	7.39	1	IC50	33	in-envelope-novel	0.117	sertaconazole	True
CHEMBL459177	COc1cc(-c2ccccc2)cc([C@@H](C)C#Cc2c(C)nc(N)nc2N)c1	7.48	1	IC50	27	in-envelope-novel	0.188	bifonazole	True
CHEMBL459178	COc1cc(-c2ccccc2)cc([C@H](C)C#Cc2c(C)nc(N)nc2N)c1	7.43	1	IC50	27	in-envelope-novel	0.188	bifonazole	True
CHEMBL459354	O=C(C(=O)c1c[nH]c2ccc(O)cc12)c1c[nH]c2ccc(O)cc12	4.05	2	IC50	24	in-envelope-novel	0.109	oxiconazole	True
CHEMBL465843	COc1cc(/C=C/C(=O)N2CCC=CC2=O)cc(OC)c1OC	4.02	1	IC50	23	out-of-scope	0.112	ketoconazole	False
CHEMBL470243	CON1C(=O)[C@H]2NC(=O)[C@]13Oc1cc(O)c(Cl)cc1[C@@H]3SS2	7.55	1	IC50	22	out-of-scope	0.141	luliconazole	False
CHEMBL475816	CC(=O)C1=C(O)C=C2Oc3c(C(N)=O)c(O)cc(O)c3[C@]2(C)C1=O	7.36	1	IC50	24	out-of-scope	0.121	ketoconazole	False
CHEMBL476496	CC[C@@H](C)C[C@@H](C)/C=C(C)/C=C/C=C/C(=O)c1c(O)c(-c2ccc(O)cc2)c[nH]c1=O	4.36	1	IC50	31	in-envelope-novel	0.108	posaconazole	True
CHEMBL481708	Oc1cc(Br)c(Cc2cc(O)c(O)cc2Br)cc1O	4.34	1	IC50	19	out-of-scope	0.105	oxiconazole	False
CHEMBL483377	CN(C)C(=N)N.C[C@@H]1CCC2=C(CCCC2(C)C)[C@@]1(C)CC[C@H](CCCc1ccoc1)COS(=O)(=O)O	4.47	1	IC50	37	out-of-scope	0.102	posaconazole	False
CHEMBL484372	CC1=CC[C@H]2C(C)(C)CCC[C@]2(C)[C@H]1C/C=C(\C)CCC/C(C)=C/Cc1cc(O)ccc1O	4.12	1	IC50	33	out-of-scope	0.097	ketoconazole	False
CHEMBL485569	COc1cc(-c2ccccc2C)cc(C(C)C#Cc2c(C)nc(N)nc2N)c1	7.35	1	IC50	28	in-envelope-novel	0.129	bifonazole	True
CHEMBL485959	CCc1nc(N)nc(N)c1C#CCc1cc(OC)c(OC)c(OC)c1	7.75	1	IC50	25	in-envelope-novel	0.109	isavuconazole	True
CHEMBL485960	COc1ccc(OC)c(CC#Cc2c(C)nc(N)nc2N)c1	6.39	1	IC50	22	in-envelope-novel	0.122	ketoconazole	True
CHEMBL485961	CCc1nc(N)nc(N)c1C#CCc1cc(OC)ccc1OC	7.0	2	IC50	23	in-envelope-novel	0.119	itraconazole	True
CHEMBL485962	CCCc1nc(N)nc(N)c1C#CCc1cc(OC)ccc1OC	7.35	1	IC50	24	in-envelope-novel	0.117	itraconazole	True
CHEMBL491516	Oc1cc(COCc2cc(O)c(O)c(Br)c2Br)c(Br)c(Br)c1O	4.55	1	IC50	23	out-of-scope	0.133	oxiconazole	False
CHEMBL491665	C=C1CC[C@H]2C(C)(C)CCC[C@]2(C)[C@H]1C[C@@H](OS(=O)(=O)[O-])[C@H](C)CCC/C(C)=C/Cc1cc(O)ccc1O.[Na+]	4.25	2	IC50	39	out-of-scope	0.126	efinaconazole	False
CHEMBL492072	C=C1CCC[C@@H]2[C@@](C)(CC[C@H](CCCc3ccoc3)COS(=O)(=O)O)[C@H](C)CC[C@]12C.CN(C)C(=N)N	4.5	1	IC50	37	out-of-scope	0.118	efinaconazole	False
CHEMBL499936	C/C=C1\NC(=O)[C@H](Cc2ccccc2)NC(=O)[C@@H](C(C)C)NC(=O)[C@@H]([C@H](C)CC)NC(=O)[C@H](NC(=O)[C@H](NC(=O)[C@H](CCCN)NC(=O)[C@H]2CCCN2C(=O)[C@H](NC(=O)[C@@H](NC(=O)[C@@H](NC(=O)[C@H](NC(=O)CCCC(C)C)C(C)C)[C@@H](C)O)C(C)C)C(C)C)[C@H](C)CC)[C@H](C)OC(=O)[C@H](C(C)C)NC1=O	5.52	2	IC50	105	out-of-scope	0.125	posaconazole	False
CHEMBL505302	CC(=O)O[C@@H]1c2nc(cs2)C(=O)O[C@@H](CCCC(C)(Cl)Cl)[C@H](C)C(=O)O[C@@H](C(C)(C)O)c2nc(cs2)C(=O)OC1(C)C	7.7	1	IC50	42	in-envelope-novel	0.122	isavuconazole	True
CHEMBL508825	CC(C)=CCc1c(O)ccc(C(=O)[C@H]2[C@H](c3c(O)cc(-c4cc5ccc(O)cc5o4)cc3O)C=C(C)C[C@H]2c2ccc(O)cc2O)c1O	5.27	1	IC50	48	out-of-scope	0.103	ketoconazole	False
CHEMBL510949	C=C(C)CC[C@H](C[C@]12C[C@H](CC=C(C)C)C(C)(C)[C@](CC=C(C)C)(C(=O)C(C(=O)c3ccc(O)c(O)c3)=C1O)C2=O)C(=C)C	4.52	1	EC50	44	out-of-scope	0.119	posaconazole	False
CHEMBL511731	CC1(C)C=Cc2c(ccc3c2NC(=O)[C@@]32[C@H](O)[C@@]34NC(=O)[C@]5(CCCN5C3=O)C[C@H]4C2(C)C)O1	4.03	1	IC50	34	out-of-scope	0.143	posaconazole	False
CHEMBL511934	COc1cc(-c2cc(-c3ccc(Cl)c(Cl)c3)nc3[nH]nc(C)c23)cc(OC)c1OC	4.75	1	IC50	30	in-envelope-novel	0.115	miconazole	True
CHEMBL512142	CON1C(=O)C2NC(=O)[C@@]13Oc1cc(O)c(Cl)cc1[C@@H]3SSSS2	7.08	1	IC50	24	out-of-scope	0.138	luliconazole	False
CHEMBL520358	COc1cc(-c2ccccc2)cc(C(C)C#Cc2c(C)nc(N)nc2N)c1	7.26	2	IC50	27	in-envelope-novel	0.188	bifonazole	True
CHEMBL521055	COc1ccc(OC)c(CC#Cc2cnc(N)nc2N)c1	5.85	1	IC50	21	in-envelope-novel	0.134	ketoconazole	True
CHEMBL550897	CCCCCc1cc(O)c2c(c1)OC(C)(C)c1cc(O)c(C)cc1-2	5.34	1	IC50	24	out-of-scope	0.101	ketoconazole	False
CHEMBL554041	CCCCC(CC)CNC(=N)NC(=N)NCCCCCCNC(=N)NC(=N)NCC(CC)CCCC.Cl.Cl	5.27	1	IC50	38	out-of-scope	0.078	efinaconazole	False
CHEMBL558682	C=C(C)C(O)CCC1(C)C=Cc2c(O)cc(CCCCC)cc2O1	4.22	1	IC50	24	out-of-scope	0.115	posaconazole	False
CHEMBL561057	CC(C)=CCC/C(C)=C/CNCCNC1C2CC3CC(C2)CC1C3	5.0	1	IC50	24	out-of-scope	0.071	ketoconazole	False
CHEMBL562048	CCCCCCCCC/C=C/C(=O)N[C@H]1C[C@@]2(O)C(=O)C=C[C@@H](Cl)[C@@H]2O[C@H]1O	4.86	1	IC50	28	out-of-scope	0.108	ketoconazole	False
CHEMBL572485	COc1ccc(-c2cc(OC)cc(C(C)C#Cc3c(C)nc(N)nc3N)c2)cc1	7.52	1	IC50	29	in-envelope-novel	0.136	bifonazole	True
CHEMBL572717	COc1cc(CC#Cc2c(C)nc(N)nc2N)cc(-c2c(C)cccc2C)c1	7.26	1	IC50	28	in-envelope-novel	0.129	ketoconazole	True
CHEMBL572856	COc1cc([C@H](C#Cc2cnc(N)nc2N)OC)cc(OC)c1OC	5.6	1	IC50	25	in-envelope-novel	0.111	voriconazole	True
CHEMBL573075	COc1cc([C@@H](C)C#Cc2cnc(N)nc2N)cc(OC)c1OC	6.75	1	IC50	24	in-envelope-novel	0.127	voriconazole	True
CHEMBL573076	CC[C@H](C#Cc1c(C)nc(N)nc1N)c1cc(OC)c(OC)c(OC)c1	7.35	1	IC50	26	in-envelope-novel	0.107	efinaconazole	True
CHEMBL573077	COc1cc(-c2c(C)cccc2C)cc([C@@H](C)C#Cc2c(C)nc(N)nc2N)c1	7.35	1	IC50	29	in-envelope-novel	0.116	bifonazole	True
CHEMBL573117	COc1cc([C@@H](C)C#Cc2c(C)nc(N)nc2N)ccc1-c1ccccc1	7.26	1	IC50	27	in-envelope-novel	0.185	bifonazole	True
CHEMBL573306	COc1cc([C@H](C)C#Cc2c(C)nc(N)nc2N)ccc1-c1ccccc1	7.26	1	IC50	27	in-envelope-novel	0.185	bifonazole	True
CHEMBL573406	COc1cc([C@H](C)C#Cc2c(C)nc(N)nc2N)ccc1-c1ccccc1C	7.57	1	IC50	28	in-envelope-novel	0.13	bifonazole	True
CHEMBL573407	COc1ccc(-c2cc(OC)cc([C@@H](C)C#Cc3c(C)nc(N)nc3N)c2)cc1	7.52	1	IC50	29	in-envelope-novel	0.136	bifonazole	True
CHEMBL573810	COc1cc([C@H](C)C#Cc2cnc(N)nc2N)cc(OC)c1OC	6.75	1	IC50	24	in-envelope-novel	0.127	voriconazole	True
CHEMBL573811	COc1cc([C@@H](C#Cc2c(C)nc(N)nc2N)OC)cc(OC)c1OC	6.5	1	IC50	26	in-envelope-novel	0.096	isavuconazole	True
CHEMBL573880	COc1ccc(OC)c(C(O)C#Cc2c(C)nc(N)nc2N)c1	6.14	1	IC50	23	in-envelope-novel	0.117	posaconazole	True
CHEMBL574258	COc1cc(-c2c(C(C)C)cccc2C(C)C)cc([C@@H](C)C#Cc2c(C)nc(N)nc2N)c1	7.42	1	IC50	33	in-envelope-novel	0.111	bifonazole	True
CHEMBL574288	COc1ccc(OC)c([C@H](O)C#Cc2c(C)nc(N)nc2N)c1	6.14	1	IC50	23	in-envelope-novel	0.117	posaconazole	True
CHEMBL574329	COc1ccc(OC)c(C(C)C#Cc2c(C)nc(N)nc2N)c1	7.32	1	IC50	23	in-envelope-novel	0.11	itraconazole	True
CHEMBL574335	CCC(C#Cc1c(C)nc(N)nc1N)c1cc(OC)c(OC)c(OC)c1	7.35	1	IC50	26	in-envelope-novel	0.107	efinaconazole	True
CHEMBL574336	COc1cc(-c2ccc(C)cc2)cc([C@H](C)C#Cc2c(C)nc(N)nc2N)c1	7.66	1	IC50	28	in-envelope-novel	0.152	bifonazole	True
CHEMBL574553	COc1cc([C@@H](C)C#Cc2c(C)nc(N)nc2N)ccc1-c1ccccc1C	7.57	1	IC50	28	in-envelope-novel	0.13	bifonazole	True
CHEMBL574559	COc1cc(-c2ccccc2)cc(C(O)C#Cc2c(C)nc(N)nc2N)c1	7.04	1	IC50	27	in-envelope-novel	0.19	bifonazole	True
CHEMBL574563	CCc1nc(N)nc(N)c1C#C[C@H](C)c1cc(OC)c(OC)c(OC)c1	7.7	1	IC50	26	in-envelope-novel	0.129	isavuconazole	True
CHEMBL574564	COc1ccc(-c2cc(OC)cc([C@H](C)C#Cc3c(C)nc(N)nc3N)c2)cc1	7.52	1	IC50	29	in-envelope-novel	0.136	bifonazole	True
CHEMBL574741	CC[C@@H](C#Cc1c(C)nc(N)nc1N)c1cc(OC)c(OC)c(OC)c1	7.35	1	IC50	26	in-envelope-novel	0.107	efinaconazole	True
CHEMBL574789	COc1cc([C@@H](C)C#Cc2c(C)nc(N)nc2N)ccc1-c1c(C)cccc1C	7.5	1	IC50	29	in-envelope-novel	0.116	bifonazole	True
CHEMBL574949	COc1cc(-c2ccc(C(C)(C)C)cc2)cc([C@@H](C)C#Cc2c(C)nc(N)nc2N)c1	7.47	1	IC50	31	in-envelope-novel	0.13	isavuconazole	True
CHEMBL574951	COc1cc([C@H](O)C#Cc2cnc(N)nc2N)cc(OC)c1OC	4.92	1	IC50	24	in-envelope-novel	0.127	voriconazole	True
CHEMBL574952	COc1cc([C@@H](O)C#Cc2cnc(N)nc2N)cc(OC)c1OC	4.92	1	IC50	24	in-envelope-novel	0.127	voriconazole	True
CHEMBL575009	COc1cc(-c2cc(C)cc(C)c2)cc([C@H](C)C#Cc2c(C)nc(N)nc2N)c1	7.77	1	IC50	29	in-envelope-novel	0.104	bifonazole	True
CHEMBL575176	COc1cc([C@H](C)C#Cc2c(C)nc(N)nc2N)ccc1-c1c(C(C)C)cccc1C(C)C	7.39	1	IC50	33	in-envelope-novel	0.117	sertaconazole	True
CHEMBL575177	COc1ccc(C)c([C@@H](C#Cc2c(C)nc(N)nc2N)OC)c1	7.32	1	IC50	23	in-envelope-novel	0.11	itraconazole	True
CHEMBL575185	COc1cc(-c2ccccc2C)cc([C@H](C)C#Cc2c(C)nc(N)nc2N)c1	7.35	1	IC50	28	in-envelope-novel	0.129	bifonazole	True
CHEMBL575194	COc1cc(-c2ccccc2)cc([C@@H](O)C#Cc2c(C)nc(N)nc2N)c1	7.04	1	IC50	27	in-envelope-novel	0.19	bifonazole	True
CHEMBL575217	COc1cc(-c2cc(C)cc(C)c2)cc(C(C)C#Cc2c(C)nc(N)nc2N)c1	7.77	1	IC50	29	in-envelope-novel	0.104	bifonazole	True
CHEMBL575218	COc1cc(-c2ccc(C)cc2)cc([C@@H](C)C#Cc2c(C)nc(N)nc2N)c1	7.66	1	IC50	28	in-envelope-novel	0.152	bifonazole	True
CHEMBL575223	CCc1nc(N)nc(N)c1C#CC(C)c1cc(OC)c(OC)c(OC)c1	7.7	1	IC50	26	in-envelope-novel	0.129	isavuconazole	True
CHEMBL575394	COc1cc(-c2c(C(C)C)cccc2C(C)C)cc([C@H](C)C#Cc2c(C)nc(N)nc2N)c1	7.42	1	IC50	33	in-envelope-novel	0.111	bifonazole	True
CHEMBL575410	COc1cc([C@H](C#Cc2c(C)nc(N)nc2N)OC)cc(OC)c1OC	6.5	1	IC50	26	in-envelope-novel	0.096	isavuconazole	True
CHEMBL575626	COc1cc([C@@H](O)C#Cc2c(C)nc(N)nc2N)cc(OC)c1OC	6.01	1	IC50	25	in-envelope-novel	0.109	isavuconazole	True
CHEMBL575627	COc1ccc(OC)c([C@@H](C#Cc2c(C)nc(N)nc2N)OC)c1	6.26	1	IC50	24	in-envelope-novel	0.109	itraconazole	True
CHEMBL575632	COc1cc([C@@H](C)C#Cc2c(C)nc(N)nc2N)ccc1-c1c(C(C)C)cccc1C(C)C	7.39	1	IC50	33	in-envelope-novel	0.117	sertaconazole	True
CHEMBL576960	COc1cc(-c2cc(C)cc(C)c2)cc([C@@H](C)C#Cc2c(C)nc(N)nc2N)c1	7.77	1	IC50	29	in-envelope-novel	0.104	bifonazole	True
CHEMBL576976	COc1cc(-c2c(C)cccc2C)cc([C@H](C)C#Cc2c(C)nc(N)nc2N)c1	7.35	1	IC50	29	in-envelope-novel	0.116	bifonazole	True
CHEMBL577790	COc1cc([C@H](C)C#Cc2c(C)nc(N)nc2N)ccc1-c1c(C)cccc1C	7.5	1	IC50	29	in-envelope-novel	0.116	bifonazole	True
CHEMBL578424	COc1cc(-c2ccc(C(C)(C)C)cc2)cc(C(C)C#Cc2c(C)nc(N)nc2N)c1	7.47	1	IC50	31	in-envelope-novel	0.13	isavuconazole	True
CHEMBL578648	COc1cc(-c2ccc(C(C)(C)C)cc2)cc([C@H](C)C#Cc2c(C)nc(N)nc2N)c1	7.47	1	IC50	31	in-envelope-novel	0.13	isavuconazole	True
CHEMBL582843	COc1cc(C(C#Cc2c(C)nc(N)nc2N)C(C)C)cc(OC)c1OC	7.48	1	IC50	27	in-envelope-novel	0.106	isavuconazole	True
CHEMBL582881	COc1cc([C@H](O)C#Cc2c(C)nc(N)nc2N)cc(OC)c1OC	6.01	1	IC50	25	in-envelope-novel	0.109	isavuconazole	True
CHEMBL583184	COc1cc(-c2ccccc2)cc([C@H](O)C#Cc2c(C)nc(N)nc2N)c1	7.04	1	IC50	27	in-envelope-novel	0.19	bifonazole	True
CHEMBL583570	CCc1nc(N)nc(N)c1C#C[C@@H](C)c1cc(OC)c(OC)c(OC)c1	7.7	1	IC50	26	in-envelope-novel	0.129	isavuconazole	True
CHEMBL583704	COc1cc([C@@H](C#Cc2cnc(N)nc2N)OC)cc(OC)c1OC	5.6	1	IC50	25	in-envelope-novel	0.111	voriconazole	True
CHEMBL584164	COc1cc(-c2ccccc2C)cc([C@@H](C)C#Cc2c(C)nc(N)nc2N)c1	7.35	1	IC50	28	in-envelope-novel	0.129	bifonazole	True
CHEMBL584385	COc1ccc(OC)c([C@@H](O)C#Cc2c(C)nc(N)nc2N)c1	6.14	1	IC50	23	in-envelope-novel	0.117	posaconazole	True
CHEMBL584390	COc1ccc(OC)c(C(C#Cc2c(C)nc(N)nc2N)OC)c1	6.26	1	IC50	24	in-envelope-novel	0.109	itraconazole	True
CHEMBL584391	COc1cc(-c2ccc(C)cc2)cc(C(C)C#Cc2c(C)nc(N)nc2N)c1	7.66	3	IC50	28	in-envelope-novel	0.152	bifonazole	True
CHEMBL585363	COc1ccc(OC)c([C@H](C#Cc2c(C)nc(N)nc2N)OC)c1	6.26	1	IC50	24	in-envelope-novel	0.109	itraconazole	True
CHEMBL589301	O=C([C@@H]1O[C@H]2CN(Cc3ccccc3)C(=O)[C@@H]1O2)N1CCCCC1	7.52	1	IC50	24	out-of-scope	0.144	ketoconazole	False
CHEMBL591191	COc1ccc(C)c([C@H](C#Cc2c(C)nc(N)nc2N)OC)c1	7.32	1	IC50	23	in-envelope-novel	0.11	itraconazole	True
CHEMBL593164	C[C@H]1[C@@H](OC[C@@H](O)[C@@H](O)CO[C@H]2O[C@@H]3O[C@@]4(C)CC[C@H]5[C@H](C)CC[C@@H]([C@H]2C)[C@@]35OO4)O[C@@H]2O[C@@]3(C)CC[C@H]4[C@H](C)CC[C@@H]1[C@@]24OO3	5.21	1	IC50	46	out-of-scope	0.104	posaconazole	False
CHEMBL593922	C[C@H]1[C@@H](OCC(O)CO[C@H]2O[C@@H]3O[C@@]4(C)CC[C@H]5[C@H](C)CC[C@@H]([C@H]2C)[C@@]35OO4)O[C@@H]2O[C@@]3(C)CC[C@H]4[C@H](C)CC[C@@H]1[C@@]24OO3	6.1	1	IC50	44	out-of-scope	0.104	posaconazole	False
CHEMBL593924	C[C@H]1[C@@H](OCC[C@H](O)CO[C@H]2O[C@@H]3O[C@@]4(C)CC[C@H]5[C@H](C)CC[C@@H]([C@H]2C)[C@@]35OO4)O[C@@H]2O[C@@]3(C)CC[C@H]4[C@H](C)CC[C@@H]1[C@@]24OO3	4.99	1	IC50	45	out-of-scope	0.1	posaconazole	False
CHEMBL611026	C=C[C@@H](CO[C@H]1O[C@@H]2O[C@@]3(C)CC[C@H]4[C@H](C)CC[C@@H]([C@H]1C)[C@@]24OO3)O[C@H]1O[C@@H]2O[C@@]3(C)CC[C@H]4[C@H](C)CC[C@@H]([C@H]1C)[C@@]24OO3	5.84	1	IC50	44	out-of-scope	0.083	itraconazole	False
CHEMBL611027	C[C@H]1[C@@H](O[C@@H](CO[C@H]2O[C@@H]3O[C@@]4(C)CC[C@H]5[C@H](C)CC[C@@H]([C@H]2C)[C@@]35OO4)[C@H](O)CO)O[C@@H]2O[C@@]3(C)CC[C@H]4[C@H](C)CC[C@@H]1[C@@]24OO3	6.04	1	IC50	46	out-of-scope	0.098	posaconazole	False
CHEMBL611329	C[C@H]1[C@@H](OCC(CO[C@H]2O[C@@H]3O[C@@]4(C)CC[C@H]5[C@H](C)CC[C@@H]([C@H]2C)[C@@]35OO4)OS(C)(=O)=O)O[C@@H]2O[C@@]3(C)CC[C@H]4[C@H](C)CC[C@@H]1[C@@]24OO3	5.37	1	IC50	48	out-of-scope	0.092	itraconazole	False
CHEMBL612054	Oc1cccc2c1[nH]c1c(C3=C[C@@]4(O)CC/C=C\CCCCN5CC[C@@H]3[C@]3(CC6/C=C\CCCCN6[C@H]34)C5)nccc12	5.21	1	IC50	42	in-envelope-novel	0.094	ketoconazole	True
CHEMBL1081640	CCOC1OC(c2ccccc2)=Cc2nc3ccccc3cc21	4.7	1	IC50	23	in-envelope-novel	0.148	bifonazole	True
CHEMBL1097906	C=C1C(=O)O[C@@H]2C[C@]34O[C@H]3CC[C@H](C)[C@@]4(C)C[C@]12O	5.11	1	IC50	19	out-of-scope	0.102	ketoconazole	False
CHEMBL1182094	COc1ccc2c(Cc3ccc(C(C)(C)C)cc3)c3[n+](cc2c1OC)CCc1cc2c(cc1-3)OCO2	4.66	2	IC50	36	in-envelope-novel	0.1	efinaconazole	True
CHEMBL1200596	Oc1c(Cl)cc(Cl)c2cccnc12	5.92	4	IC50	13	in-envelope-novel	0.184	clotrimazole	True
CHEMBL1200883	CCCCCCCCCCCCCCCC[N+](C)(C)CCN(Cc1ccc(OC)cc1)c1ncccn1.[Br-]	4.89	1	IC50	38	in-envelope-novel	0.132	butoconazole	True
CHEMBL1230365	COc1cc(C(C)(C)C#Cc2c(C)nc(N)nc2N)cc(OC)c1OC	7.48	1	IC50	26	in-envelope-novel	0.097	isavuconazole	True
CHEMBL1253514	CCCCCCCCOc1ccc(NC(=O)C(CCCNC(=O)OC(C)(C)C)NC(=O)/C=C/c2ccc(O)c(O)c2)cc1	4.28	1	IC50	43	out-of-scope	0.134	ketoconazole	False
CHEMBL1253515	CCCCCCCCCCCCCCCC(=O)N[C@H]1C[C@@H](O)[C@@H](O)NC(=O)[C@@H]2[C@@H](O)[C@@H](C)CN2C(=O)[C@H]([C@@H](C)O)NC(=O)[C@H]([C@H](O)[C@@H](O)c2ccc(O)cc2)NC(=O)[C@@H]2C[C@@H](O)CN2C(=O)[C@H]([C@@H](C)O)NC1=O	5.1	1	IC50	73	out-of-scope	0.125	posaconazole	False
CHEMBL1254586	CCCCCCCCOc1ccc(NC(=O)C(CCCN)NC(=O)[C@]2(O)C[C@@H](O)[C@@H](O)[C@H](O)C2)cc1	4.28	1	IC50	36	out-of-scope	0.169	posaconazole	False
CHEMBL1254748	CCCCCCCCOc1ccc(NC(=O)C(CCCN)NC(=O)/C=C/c2ccc(O)c(O)c2)cc1	4.66	1	IC50	36	out-of-scope	0.144	ketoconazole	False
CHEMBL1254920	CCCCCCCCOc1ccc(NC(=O)C(NC(=O)/C=C/c2ccc(O)c(O)c2)C(C)OC(C)(C)C)cc1	4.43	1	IC50	39	out-of-scope	0.142	ketoconazole	False
CHEMBL1255007	CCCCCCCCOc1ccc(NC(=O)C(CC(=O)OC(C)(C)C)NC(=O)/C=C/c2ccc(O)c(O)c2)cc1	4.24	1	IC50	40	out-of-scope	0.14	ketoconazole	False
CHEMBL1256729	Cc1ccc(C(=O)N2CCN(c3ccnc4cc(Cl)ccc34)CC2)cc1	5.51	3	IC50	26	in-envelope-novel	0.256	ketoconazole	True
CHEMBL1269393	Oc1ccc(Oc2cc(O)c(O)cc2Br)cc1O	4.17	1	IC50	18	out-of-scope	0.111	oxiconazole	False
CHEMBL1269413	CCCCCCCCCC#CCCCCC(=O)O	4.3	7	IC50	18	out-of-scope	0.071	ketoconazole	False
CHEMBL1269419	Oc1cc(Br)c(Oc2cc(O)c(O)cc2Br)cc1O	4.51	1	IC50	19	out-of-scope	0.086	oxiconazole	False
CHEMBL1269420	O=C(c1ccc(O)c(O)c1)c1ccc(O)c(O)c1	4.65	1	IC50	18	out-of-scope	0.104	fluconazole	False
CHEMBL1269421	O=C(c1cc(O)c(O)c(Br)c1)c1cc(O)c(O)c(Br)c1	5.05	1	IC50	20	out-of-scope	0.098	fluconazole	False
CHEMBL1269459	Oc1ccc(CCc2ccc(O)c(O)c2)cc1O	4.23	1	IC50	18	out-of-scope	0.154	butoconazole	False
CHEMBL1269460	Oc1cc(Br)c(CCc2cc(O)c(O)cc2Br)cc1O	4.67	1	IC50	20	out-of-scope	0.105	oxiconazole	False
CHEMBL1269935	Oc1cc(Oc2cc(O)c(O)c(Br)c2Br)c(Br)c(Br)c1O	4.93	1	IC50	21	out-of-scope	0.1	fluconazole	False
CHEMBL1269936	O=C(c1cc(O)c(O)c(Br)c1)c1cc(O)c(O)c(Br)c1Br	5.58	1	IC50	21	out-of-scope	0.086	fluconazole	False
CHEMBL1270043	Oc1cc(Br)c(CCc2cc(O)c(O)c(Br)c2Br)cc1O	4.83	1	IC50	21	out-of-scope	0.111	fluconazole	False
CHEMBL1270044	Oc1cc(Br)c(COCc2cc(O)c(O)c(Br)c2Br)cc1O	4.81	1	IC50	22	out-of-scope	0.123	oxiconazole	False
CHEMBL1270734	COc1cc(C(C)C#Cc2c(C)nc(N)nc2N)c(OC)cc1-c1ccccc1	7.44	1	IC50	29	in-envelope-novel	0.149	bifonazole	True
CHEMBL1270837	COc1cc(-c2ccccc2)ccc1C(C)C#Cc1c(C)nc(N)nc1N	7.7	1	IC50	27	in-envelope-novel	0.188	bifonazole	True
CHEMBL1275976	CCCCCCCCCCC#CCCCCC(=O)O	4.13	4	IC50	19	out-of-scope	0.071	ketoconazole	False
CHEMBL1276312	CCCCCCCCCCCCCC#CCCCCC(=O)O	4.17	5	IC50	22	out-of-scope	0.071	ketoconazole	False
CHEMBL1313518	O=C(Cn1c2ccc(F)cc2c2nc3n(c(=O)c21)CCS3)N1CCCC1	5.47	2	IC50	26	in-envelope-novel	0.182	efinaconazole	True
CHEMBL1331147	CC1CCN(C(=O)Cn2c3ccccc3c3nc4n(c(=O)c32)CCCS4)CC1	4.795	2	IC50	28	in-envelope-novel	0.138	ketoconazole	True
CHEMBL1360505	O=C(c1ccc(Cl)cc1)N1CCN(c2ccnc3cc(Cl)ccc23)CC1	5.89	3	IC50	26	in-envelope-novel	0.267	ketoconazole	True
CHEMBL1364121	CCN(CCO)CCO.Oc1c(Cl)c(Cl)c(Cl)c(Cl)c1Cl	5.54	1	IC50	21	out-of-scope	0.119	butoconazole	False
CHEMBL1382917	CCN1/C(=C\c2ccc3ccccc3[n+]2CC)Sc2cc(C)ccc21.[I-]	5.55	3	IC50	26	in-envelope-novel	0.1	isavuconazole	True
CHEMBL1418290	O=C(Cn1c2ccccc2c2nc3n(c(=O)c21)CCS3)N1CCCC1	5.84	2	IC50	25	in-envelope-novel	0.115	luliconazole	True
CHEMBL1446034	COc1ccc(-n2nc(C(=O)NCC(=O)NCCC3=CCCCC3)c3ccccc3c2=O)c(OC)c1	7.565	2	EC50	36	in-envelope-novel	0.127	ketoconazole	True
CHEMBL1450615	Cc1ccccc1OCc1n(CC(=O)OC2CC(C)CCC2C(C)C)c2ccccc2[n+]1C.[Cl-]	5.01	3	IC50	34	in-envelope-novel	0.14	ketoconazole	True
CHEMBL1454910	O=[N+]([O-])c1ccc(O)c2ncccc12	6.0	3	IC50	14	in-envelope-novel	0.135	bifonazole	True
CHEMBL1484167	CCC(CO)N1C(C)=CC(=Cc2sc3ccccc3[n+]2Cc2ccccc2)C=C1C.[Br-]	5.77	3	IC50	31	in-envelope-novel	0.127	bifonazole	True
CHEMBL1485000	CCN(CC)CCN1c2ccccc2Sc2ccc3ccccc3c21	5.42	1	IC50	25	out-of-scope	0.119	sertaconazole	False
CHEMBL1519744	CC1CCN(C(=O)Cn2c3ccccc3c3nc4n(c(=O)c32)CCS4)CC1	5.38	2	IC50	27	in-envelope-novel	0.13	ketoconazole	True
CHEMBL1576740	Oc1c2nc3ccc(F)cc3c-2nc2n1CCS2	5.285	2	IC50	18	in-envelope-novel	0.2	efinaconazole	True
CHEMBL1585578	O=C(C1CCCCC1)N1CCN(c2ccnc3cc(Cl)ccc23)CC1	5.4	3	IC50	25	in-envelope-novel	0.256	ketoconazole	True
CHEMBL1630575	CC[C@H](C)C[C@H](C)CCCCCCCCC(=O)N[C@H]1C[C@@H](O)[C@@H](NCCN)NC(=O)[C@@H]2[C@@H](O)CCN2C(=O)[C@H]([C@H](O)CCN)NC(=O)[C@H]([C@H](O)[C@@H](O)c2ccc(O)cc2)NC(=O)[C@@H]2C[C@@H](O)CN2C(=O)[C@H]([C@@H](C)O)NC1=O	7.3	9	IC50	77	out-of-scope	0.125	posaconazole	False
CHEMBL1715130	Oc1c2nc3ccccc3c-2nc2n1CCS2	4.8	1	IC50	17	in-envelope-novel	0.143	bifonazole	True
CHEMBL1724463	CC1CCN(C(=O)Cn2c3ccc(F)cc3c3nc4n(c(=O)c32)CCCS4)CC1	5.25	2	IC50	29	in-envelope-novel	0.181	efinaconazole	True
CHEMBL1778849	O=C(C(=O)N1CCCC1)c1cn(CCCCn2cc(C(=O)C(=O)N3CCCC3)c3ccccc32)c2ccccc12	4.11	1	IC50	40	in-envelope-novel	0.117	ketoconazole	True
CHEMBL1778862	O=C(NCc1ccccc1)C(=O)c1cn(Cc2ccc(Cn3cc(C(=O)C(=O)NCc4ccccc4)c4ccccc43)cc2)c2ccccc12	4.7	1	IC50	50	out-of-domain	0.141	fenticonazole	False
CHEMBL1791178	NC(=O)OCC(O)C(O)C(N)C(=O)NC(C(=O)O)[C@H]1O[C@@H](n2cc(C(=O)O)c(=O)[nH]c2=O)[C@H](O)[C@@H]1O	6.23	1	Ki	36	in-envelope-novel	0.1	posaconazole	True
CHEMBL1791436	CCCCCCCC(=O)NC(Cc1ccccc1)C(=O)NC(C(=O)NC(C(=O)O)[C@H]1O[C@@H](n2cc(C(=O)O)c(=O)[nH]c2=O)[C@H](O)[C@@H]1O)C(O)C(O)COC(N)=O	5.15	1	Ki	56	out-of-domain	0.113	posaconazole	False
CHEMBL1791438	NC(Cc1ccccc1)C(=O)N/C(=C/c1ccccc1)C(=O)NC(C(=O)O)[C@H]1O[C@@H](n2ccc(=O)[nH]c2=O)[C@H](O)[C@@H]1O	4.95	1	Ki	42	in-envelope-novel	0.114	fenticonazole	True
CHEMBL1793852	CCC(C)CC(C)CCCCCCCCC(=O)N[C@@H]1C[C@@H](O)[C@@H](NCCN)NC(=O)[C@@H]2C[C@@H](O)CN2C(=O)[C@H]([C@@H](O)CCN)NC(=O)[C@H]([C@H](O)[C@@H](O)c2ccc(O)cc2)NC(=O)[C@@H]2C[C@@H](O)CN2C(=O)[C@H]([C@@H](C)O)NC1=O	8.89	1	IC50	77	out-of-scope	0.118	posaconazole	False
CHEMBL1818094	CO[C@@H]1O[C@H](OC)[C@](O)(CC[C@H]2/C(=C/OS(=O)(=O)[O-])CC[C@H]3[C@]2(C)CC[C@H]2C(C)(C)CCC[C@]32C)[C@H]1O.[Na+]	4.12	1	IC50	38	out-of-scope	0.083	posaconazole	False
CHEMBL1818096	CC1=CC[C@H]2C(C)(C)CCC[C@]2(C)[C@H]1C[C@@H](OS(=O)(=O)[O-])[C@H](C)CCC/C(C)=C\Cc1cc(O)ccc1O.[Na+]	4.28	1	IC50	39	out-of-scope	0.108	posaconazole	False
CHEMBL1818097	CC1=CCC[C@@H](C)[C@]1(C)CC/C(C)=C/CCC(CCCc1ccoc1)COS(=O)(=O)[O-].[Na+]	4.62	1	IC50	32	out-of-scope	0.114	posaconazole	False
CHEMBL1818098	CC1(C)CCC[C@]2(C)[C@H]3CC/C(=C\OS(=O)(=O)[O-])[C@H](CCc4ccoc4)[C@@]3(C)CC[C@@H]12.C[N+](C)=C(N)N	4.77	1	IC50	37	out-of-scope	0.099	ketoconazole	False
CHEMBL1818099	CC1(C)CCC[C@]2(C)[C@H]3CC/C(=C\OS(=O)(=O)[O-])[C@H](CCc4ccoc4)[C@@]3(C)CC[C@@H]12.[Na+]	5.3	1	IC50	32	out-of-scope	0.096	ketoconazole	False
CHEMBL1818100	CC1(C)CCC[C@]2(C)[C@H]3CC/C(=C\OS(=O)(=O)[O-])[C@H](CCC4=CC(=O)O[C@@H]4O)[C@@]3(C)CC[C@@H]12.[Na+]	4.25	1	IC50	34	out-of-scope	0.109	posaconazole	False
CHEMBL1818102	CO[C@@H]1C=C(CC[C@H]2/C(=C/OS(=O)(=O)[O-])CC[C@H]3[C@]2(C)CC[C@H]2C(C)(C)CCC[C@]32C)C(=O)O1.[Na+]	4.19	1	IC50	35	out-of-scope	0.092	posaconazole	False
CHEMBL1818104	CO[C@H]1C=C(CC[C@H]2/C(=C/OS(=O)(=O)[O-])CC[C@H]3[C@]2(C)CC[C@H]2C(C)(C)CCC[C@]32C)[C@@H](OC)O1.[Na+]	4.06	1	IC50	36	out-of-scope	0.083	posaconazole	False
CHEMBL1818105	CC1(C)CCC[C@]2(C)[C@H]3CC/C(=C\OS(=O)(=O)[O-])[C@H](CCC4=CCNC4=O)[C@@]3(C)CC[C@@H]12.[Na+]	4.21	1	IC50	33	out-of-scope	0.085	ketoconazole	False
CHEMBL1822266	COc1ccc(C(=O)N2CCN(c3ccnc4cc(Cl)ccc34)CC2)cc1	4.82	3	IC50	27	in-envelope-novel	0.289	ketoconazole	True
CHEMBL1822267	O=C(c1ccc(F)cc1)N1CCN(c2ccnc3cc(Cl)ccc23)CC1	5.38	3	IC50	26	in-envelope-novel	0.242	ketoconazole	True
CHEMBL1822268	O=C(c1cccc(Cl)c1)N1CCN(c2ccnc3cc(Cl)ccc23)CC1	5.11	3	IC50	26	in-envelope-novel	0.244	ketoconazole	True
CHEMBL1822269	O=C(c1ccccc1Cl)N1CCN(c2ccnc3cc(Cl)ccc23)CC1	4.85	3	IC50	26	in-envelope-novel	0.256	ketoconazole	True
CHEMBL1822270	O=C(c1ccc(Cl)c(Cl)c1)N1CCN(c2ccnc3cc(Cl)ccc23)CC1	5.68	3	IC50	27	in-envelope-novel	0.256	ketoconazole	True
CHEMBL1822271	O=C(c1ccccc1)N1CCN(c2ccnc3cc(Cl)ccc23)CC1	5.21	3	IC50	25	in-envelope-novel	0.247	ketoconazole	True
CHEMBL1822272	CCCC(=O)N1CCN(c2ccnc3cc(Cl)ccc23)CC1	4.82	3	IC50	22	in-envelope-novel	0.276	ketoconazole	True
CHEMBL1822273	CC(C)C(=O)N1CCN(c2ccnc3cc(Cl)ccc23)CC1	4.98	2	IC50	22	in-envelope-novel	0.264	ketoconazole	True
CHEMBL1822274	O=C(C1CCCC1)N1CCN(c2ccnc3cc(Cl)ccc23)CC1	5.28	3	IC50	24	in-envelope-novel	0.258	ketoconazole	True
CHEMBL1822275	O=C(Nc1ccc(Cl)cc1)N1CCN(c2ccnc3cc(Cl)ccc23)CC1	5.38	3	IC50	27	in-envelope-novel	0.273	ketoconazole	True
CHEMBL1822276	O=C(c1ccc(Cl)nc1)N1CCN(c2ccnc3cc(Cl)ccc23)CC1	4.96	3	IC50	26	in-envelope-novel	0.239	ketoconazole	True
CHEMBL1822277	O=C(c1ccc(Cl)cn1)N1CCN(c2ccnc3cc(Cl)ccc23)CC1	5.31	3	IC50	26	in-envelope-novel	0.244	ketoconazole	True
CHEMBL1822278	O=C(c1csc2ccccc12)N1CCN(c2ccnc3cc(Cl)ccc23)CC1	5.4	3	IC50	28	in-envelope-novel	0.227	ketoconazole	True
CHEMBL1822279	O=C(c1ccc(Cl)cc1)N1CCN(c2ccnc3ccc(Cl)cc23)CC1	5.41	2	IC50	26	in-envelope-novel	0.267	ketoconazole	True
CHEMBL1822280	COc1ccc2c(N3CCN(C(=O)c4ccc(Cl)cc4)CC3)ccnc2c1	5.09	2	IC50	27	in-envelope-novel	0.289	ketoconazole	True
CHEMBL1822281	Cc1cc(N2CCN(C(=O)c3ccc(Cl)cc3)CC2)c2ccccc2n1	5.14	1	IC50	26	in-envelope-novel	0.231	ketoconazole	True
CHEMBL1822282	O=C(c1ccc(Cl)cc1)N1CCN(c2ccnc3ccccc23)CC1	5.035	2	IC50	25	in-envelope-novel	0.239	ketoconazole	True
CHEMBL1822283	O=C(c1ccc(Cl)cc1)N1CCN(c2ccccn2)CC1	4.62	1	IC50	21	in-envelope-novel	0.253	ketoconazole	True
CHEMBL1822284	O=C(c1ccc(Cl)cc1)N1CCN(c2cccnc2)CC1	5.14	1	IC50	21	in-envelope-novel	0.28	ketoconazole	True
CHEMBL1822285	O=C(c1ccc(Cl)cc1)N1CCN(c2ccncc2)CC1	5.14	1	IC50	21	in-envelope-novel	0.312	ketoconazole	True
CHEMBL1822286	Cc1ccc(N2CCN(C(=O)c3ccc(Cl)cc3)CC2)nn1	4.88	2	IC50	22	in-envelope-novel	0.235	ketoconazole	True
CHEMBL1822287	O=C(c1ccc(Cl)cc1)N1CCN(c2ncccn2)CC1	4.945	2	IC50	21	in-envelope-novel	0.278	ketoconazole	True
CHEMBL1822288	O=C(c1ccc(Cl)cc1)N1CCN(c2cnccn2)CC1	4.85	2	IC50	21	in-envelope-novel	0.265	ketoconazole	True
CHEMBL1822289	O=C(c1ccc(Cl)cc1)N1CCN(c2ncnc3ccccc23)CC1	5.14	2	IC50	25	in-envelope-novel	0.225	ketoconazole	True
CHEMBL1822290	O=C(c1ccc(Cl)cc1)N1CCN(c2nc3ccccc3s2)CC1	5.115	2	IC50	24	in-envelope-novel	0.211	ketoconazole	True
CHEMBL1822291	Cn1ccnc1N1CCN(C(=O)c2ccc(Cl)cc2)CC1	5.21	1	IC50	21	in-envelope-novel	0.277	ketoconazole	True
CHEMBL1822292	O=C(c1ccc(Cl)cc1)N1CCN(c2nccs2)CC1	4.94	2	IC50	20	in-envelope-novel	0.25	ketoconazole	True
CHEMBL1822293	O=C(c1ccc(Cl)cc1)N1CCN(c2ccc(Cl)cc2)CC1	4.89	2	IC50	22	out-of-scope	0.297	ketoconazole	False
CHEMBL1828676	CCC[C@H](N)c1nc2ccccc2n1Cc1ccc(Cl)cc1	5.7	1	IC50	22	in-envelope-novel	0.239	butoconazole	True
CHEMBL1828677	CC(C)(N)c1nc2ccccc2n1Cc1ccc(Cl)cc1	5.3	1	IC50	21	in-envelope-novel	0.215	butoconazole	True
CHEMBL1828678	Cc1cccc(Cn2c([C@@H](N)C(C)C)nc3ccccc32)c1	5.48	1	IC50	22	in-envelope-novel	0.148	bifonazole	True
CHEMBL1828679	CC(C)[C@H](N)c1nc2ccccc2n1Cc1cccc(F)c1	5.66	1	IC50	22	in-envelope-novel	0.182	voriconazole	True
CHEMBL1828680	C[C@H](N)c1nc2ccccc2n1Cc1cccc(Cl)c1	5.11	1	IC50	20	in-envelope-novel	0.197	fenticonazole	True
CHEMBL1831234	CC(C)[C@H](N)c1nc2ccccc2n1Cc1cccc(Cl)c1	6.12	1	IC50	22	in-envelope-novel	0.192	fenticonazole	True
CHEMBL1831235	CC(C)C[C@H](N)c1nc2ccccc2n1Cc1ccc(Cl)cc1	5.4	1	IC50	23	in-envelope-novel	0.221	butoconazole	True
CHEMBL1831236	CCC[C@H](N)c1nc2ccccc2n1Cc1cccc(C)c1	5.7	1	IC50	22	in-envelope-novel	0.147	butoconazole	True
CHEMBL1873833	CCN(CC)C(=O)Cn1c2ccccc2c2nc3n(c(=O)c21)CCS3	5.64	1	IC50	25	in-envelope-novel	0.148	efinaconazole	True
CHEMBL1908377	Cc1cc(/C=C/c2ccc3cc(N(C)C)ccc3[n+]2C)c(C)n1-c1ccccc1.Cc1cc(/C=C/c2ccc3cc(N(C)C)ccc3[n+]2C)c(C)n1-c1ccccc1.O=C([O-])c1cc2ccccc2c(Cc2c(O)c(C(=O)[O-])cc3ccccc23)c1O	5.17	1	IC50	87	out-of-domain	0.096	ketoconazole	False
CHEMBL1911793	O=[N+]([O-])c1cccc(S(=O)(=O)OC(CNCc2ccccc2)c2ccccc2)c1	4.51	1	IC50	29	out-of-scope	0.141	fenticonazole	False
CHEMBL1911794	O=S(=O)(OC(CNCc1ccccc1)c1ccccc1)c1c(Cl)cccc1Cl	4.74	1	IC50	28	out-of-scope	0.184	fenticonazole	False
CHEMBL1911795	O=S(=O)(OC(CNCc1ccccc1)c1ccccc1)c1ccc(F)cc1	4.38	1	IC50	27	out-of-scope	0.153	bifonazole	False
CHEMBL1911799	CC(C)(C)OC(=O)N(Cc1ccccc1)CC(OS(=O)(=O)c1ccc(F)cc1)c1ccccc1	5.82	1	IC50	34	out-of-scope	0.138	voriconazole	False
CHEMBL1911800	Cc1cc(C)cc(S(=O)(=O)OC(CN(Cc2ccccc2)C(=O)OC(C)(C)C)c2ccccc2)c1	4.38	1	IC50	35	out-of-scope	0.145	bifonazole	False
CHEMBL1911802	CC(C)(C)OC(=O)N(Cc1ccccc1)CC(OS(=O)(=O)c1ccc(C#N)cc1)c1ccccc1	5.07	1	IC50	35	out-of-scope	0.162	isavuconazole	False
CHEMBL1911804	CC(C)(C)OC(=O)N(Cc1ccccc1)CC(OS(=O)(=O)c1ccccc1C(F)(F)F)c1ccccc1	5.19	1	IC50	37	out-of-scope	0.127	bifonazole	False
CHEMBL1911806	Cc1ccc(S(=O)(=O)OC(CN(Cc2ccccc2)C(=O)OC(C)(C)C)c2ccccc2)cc1	5.39	1	IC50	34	out-of-scope	0.147	bifonazole	False
CHEMBL1911807	CC(C)(C)OC(=O)N(Cc1ccccc1)CC(OS(=O)(=O)c1ccc([N+](=O)[O-])cc1[N+](=O)[O-])c1ccccc1	6.27	1	IC50	39	out-of-scope	0.124	fenticonazole	False
CHEMBL1911808	CC(C)c1cc(C(C)C)c(S(=O)(=O)OC(CN(Cc2ccccc2)C(=O)OC(C)(C)C)c2ccccc2)c(C(C)C)c1	4.9	1	IC50	42	out-of-scope	0.143	fenticonazole	False
CHEMBL1922393	CCCCCC(c1cc(Br)c(O)cc1O)c1cc(Br)c(O)cc1O	4.55	1	IC50	24	out-of-scope	0.111	efinaconazole	False
CHEMBL1922394	Oc1ccc(C(c2cc(Br)c(O)cc2O)c2cc(Br)c(O)cc2O)cc1	4.59	1	IC50	26	out-of-scope	0.122	bifonazole	False
CHEMBL1922395	Oc1cc(O)c(C(c2cc(Br)c(O)cc2O)c2c(Cl)cccc2Cl)cc1Br	4.75	1	IC50	27	out-of-scope	0.18	butoconazole	False
CHEMBL1922396	O=[N+]([O-])c1cccc(C(c2cc(Br)c(O)cc2O)c2cc(Br)c(O)cc2O)c1	4.57	1	IC50	28	out-of-scope	0.121	bifonazole	False
CHEMBL1922397	O=[N+]([O-])c1ccc(C(c2cc(Br)c(O)cc2O)c2cc(Br)c(O)cc2O)cc1	4.68	1	IC50	28	out-of-scope	0.107	bifonazole	False
CHEMBL1922398	CCCCCC(c1ccc(O)cc1O)c1cc(Br)c(O)cc1O	4.33	1	IC50	23	out-of-scope	0.13	miconazole	False
CHEMBL1922399	Oc1ccc(C(c2ccc(O)cc2O)c2cc(Br)c(O)cc2O)cc1	4.04	1	IC50	25	out-of-scope	0.125	miconazole	False
CHEMBL1922400	Oc1ccc(C(c2cc(Br)c(O)cc2O)c2c(Cl)cccc2Cl)c(O)c1	4.1	1	IC50	26	out-of-scope	0.187	sertaconazole	False
CHEMBL1922401	O=[N+]([O-])c1cccc(C(c2ccc(O)cc2O)c2cc(Br)c(O)cc2O)c1	4.16	1	IC50	27	out-of-scope	0.116	sertaconazole	False
CHEMBL1922402	O=[N+]([O-])c1ccc(C(c2ccc(O)cc2O)c2cc(Br)c(O)cc2O)cc1	4.38	1	IC50	27	out-of-scope	0.11	miconazole	False
CHEMBL1923809	C/C=C1\NC(=O)[C@H](Cc2ccccc2)NC(=O)[C@@H](C(C)C)NC(=O)[C@@H]([C@@H](C)CC)NC(=O)[C@H](NC(=O)[C@H](NC(=O)[C@H](CCCNCc2ccc(F)c(C)c2)NC(=O)[C@H]2CCCN2C(=O)[C@H](NC(=O)[C@@H](NC(=O)[C@@H](NC(=O)[C@H](NC(=O)CCCC(C)C)C(C)C)[C@@H](C)O)C(C)C)C(C)C)[C@@H](C)CC)[C@@H](C)OC(=O)[C@H](C(C)C)NC1=O	5.44	1	IC50	114	out-of-scope	0.139	posaconazole	False
CHEMBL1923810	C/C=C1\NC(=O)[C@H](Cc2ccccc2)NC(=O)[C@@H](C(C)C)NC(=O)[C@@H]([C@@H](C)CC)NC(=O)[C@H](NC(=O)[C@H](NC(=O)[C@H](CCCNCc2ccc(N3CCOCC3)cc2)NC(=O)[C@H]2CCCN2C(=O)[C@H](NC(=O)[C@@H](NC(=O)[C@@H](NC(=O)[C@H](NC(=O)CCCC(C)C)C(C)C)[C@@H](C)O)C(C)C)C(C)C)[C@@H](C)CC)[C@@H](C)OC(=O)[C@H](C(C)C)NC1=O	5.24	1	IC50	118	out-of-scope	0.141	posaconazole	False
CHEMBL1950092	CCCCCCCCNC(=O)[C@H](Cc1ccccc1)NC(=O)[C@H](CCCCNC(=O)[C@@H](N)CCCCNC(=O)OCc1ccccc1Cl)NC(=O)[C@@H](N)CCCCNC(=O)OCc1ccccc1Cl.Cl.Cl	4.77	1	EC50	71	out-of-scope	0.163	butoconazole	False
CHEMBL1950093	CCCCCCCCCCCCNC(=O)[C@H](Cc1ccccc1)NC(=O)[C@H](CCCCNC(=O)[C@@H](N)CCCCNC(=O)OCc1ccccc1Cl)NC(=O)[C@@H](N)CCCCNC(=O)OCc1ccccc1Cl.Cl.Cl	4.89	1	EC50	75	out-of-scope	0.163	butoconazole	False
CHEMBL1976562	CC1OC(CC(=O)O)Cc2c(O)c3c(c(O)c21)C(=O)C=C(C1=CC(=O)c2c(O)c4c(c(O)c2C1=O)CC(CC(=O)O)OC4C)C3=O	5.48	1	IC50	46	out-of-scope	0.12	ketoconazole	False
CHEMBL2016590	CCN(CC)C(=O)Cn1c2ccc(F)cc2c2nc3n(c(=O)c21)CCS3	6.3	1	IC50	26	in-envelope-novel	0.221	efinaconazole	True
CHEMBL2017768	O=C(Cn1c2ccc(F)cc2c2nc3n(c(=O)c21)CCS3)N1CCCCC1	6.3	1	IC50	27	in-envelope-novel	0.18	efinaconazole	True
CHEMBL2017769	O=C(Cn1c2ccc(F)cc2c2nc3n(c(=O)c21)CCS3)N1CCC(F)(F)CC1	6.16	1	IC50	29	in-envelope-novel	0.187	efinaconazole	True
CHEMBL2017770	O=C(Cn1c2ccc(F)cc2c2nc3n(c(=O)c21)CCS3)N1CCCCCC1	5.66	1	IC50	28	in-envelope-novel	0.18	efinaconazole	True
CHEMBL2017771	O=C(Cn1c2ccc(F)cc2c2nc3n(c(=O)c21)CCS3)N1CC=CC1	6.3	1	IC50	26	in-envelope-novel	0.18	efinaconazole	True
CHEMBL2017772	O=C(Cn1c2ccc(F)cc2c2nc3n(c(=O)c21)CCS3)N1CCC(F)(F)C1	5.96	2	IC50	28	in-envelope-novel	0.183	efinaconazole	True
CHEMBL2017773	COC(=O)Cn1c2ccc(F)cc2c2nc3n(c(=O)c21)CCS3	5.34	2	IC50	23	in-envelope-novel	0.195	efinaconazole	True
CHEMBL2017776	O=C(Cn1c2ccccc2c2nc3n(c(=O)c21)CCS3)N1CCCCC1	5.63	2	IC50	26	in-envelope-novel	0.114	luliconazole	True
CHEMBL2017778	O=C(Cn1c2ccccc2c2nc3n(c(=O)c21)CCS3)N1CCOCC1	5.275	2	IC50	26	in-envelope-novel	0.132	ketoconazole	True
CHEMBL2017779	CN1CCN(C(=O)Cn2c3ccccc3c3nc4n(c(=O)c32)CCS4)CC1	4.9	2	IC50	27	in-envelope-novel	0.132	ketoconazole	True
CHEMBL2017780	O=C(Cn1c2ccccc2c2nc3n(c(=O)c21)CCS3)N1CC=CC1	5.63	2	IC50	25	in-envelope-novel	0.114	luliconazole	True
CHEMBL2017781	O=C(Cn1c2ccccc2c2nc3n(c(=O)c21)CCS3)N1CCC(F)(F)C1	5.11	2	IC50	27	in-envelope-novel	0.126	efinaconazole	True
CHEMBL2017783	O=C(Cn1c2ccccc2c2nc3n(c(=O)c21)CCS3)NCCc1ccc(Cl)cc1	4.63	1	IC50	30	in-envelope-novel	0.214	butoconazole	True
CHEMBL2017784	COC(=O)Cn1c2ccccc2c2nc3n(c(=O)c21)CCS3	4.99	2	IC50	22	in-envelope-novel	0.125	ketoconazole	True
CHEMBL2042021	CC1(C)C=Cc2c(ccc3c2[N+]([O-])=C2C(C)(C)[C@@H]4C[C@]56CCCN5C(=O)[C@]4(NC6=O)[C@H]4N5C(=O)[C@@]67CCCN6C(=O)[C@@]56[C@H](c5c([nH]c8c9c(ccc58)OC(C)(C)C=C9)C(C)(C)[C@@H]6C7)[C@]234)O1	5.85	1	IC50	65	out-of-domain	0.119	posaconazole	False
CHEMBL2042023	CC1(C)C=Cc2c(ccc3c4c([nH]c23)C(C)(C)[C@@H]2C[C@]35CCCN3C(=O)[C@]2(NC5=O)[C@H]4O)O1	4.01	1	IC50	33	in-envelope-novel	0.123	posaconazole	True
CHEMBL2042024	CC1(C)C=Cc2c(ccc3c4c([nH]c23)C(C)(C)[C@@H]2C[C@]35CCCN3C(=O)[C@@]2(C4)NC5=O)O1	4.26	1	IC50	32	in-envelope-novel	0.116	posaconazole	True
CHEMBL2042025	CC1(C)C=Cc2c(ccc3c2[N+]([O-])=C2C3=C[C@@]34NC(=O)[C@]5(CCCN5C3=O)C[C@H]4C2(C)C)O1	4.36	1	IC50	33	out-of-scope	0.122	posaconazole	False
CHEMBL2042026	CC1(C)C=Cc2c(ccc3c2[N+]([O-])=C2C(C)(C)[C@@H]4C[C@]56CCCN5C(=O)[C@]4(NC6=O)[C@H]4N5C(=O)[C@@]67CCCN6C(=O)[C@@]56[C@@H]([C@]234)[C@]2(O)C(=[N+]([O-])c3c2ccc2c3C=CC(C)(C)O2)C(C)(C)[C@@H]6C7)O1	4.33	1	IC50	67	out-of-scope	0.133	posaconazole	False
CHEMBL2042027	C/C=C/C=C/C=C/[C@H]1C[C@@H](O)CC(=O)[C@@H]1C	4.49	1	IC50	16	out-of-scope	0.087	posaconazole	False
CHEMBL2042028	C/C=C/C=C/C=C/[C@H]1C[C@@H](O)C[C@@H](O)[C@@H]1C	4.01	1	IC50	16	out-of-scope	0.059	posaconazole	False
CHEMBL2047351	CC(C)[C@@H]1OC(=O)/C=C/C=C/C=C/C=C/C=C/C=C/C[C@@H](O)C[C@H](O)C[C@H](O)C[C@H](O)C[C@@H](O)C[C@H](O)C[C@@H](O)C[C@@H](O)C[C@@H](O)CC[C@@H]1C	4.93	1	IC50	50	out-of-scope	0.119	posaconazole	False
CHEMBL2048337	O=C(c1ccc(O)cc1)c1nccc2c1[nH]c1ccc(Br)cc12	4.3	1	IC50	23	in-envelope-novel	0.117	oxiconazole	True
CHEMBL2048341	Oc1ccc(C(O)c2nccc3c2[nH]c2ccccc23)cc1	4.16	1	IC50	22	in-envelope-novel	0.2	bifonazole	True
CHEMBL2063002	CC(=O)O[C@H]1C[C@@H](O)C[C@H](O)C[C@@H](O)[C@@H]2O[C@H]2[C@@H](C)[C@@H]([C@@H](C)[C@@H](O)[C@H](C)[C@@H](O)[C@@H](C)[C@@H](C)O[C@H]2CC[C@H](O[C@@H]3CC[C@@H](OC(=O)[C@H](C)[C@@H](O)/C(C)=C/c4ccc5c(c4)C(=O)C=CC5=O)[C@H](C)O3)[C@H](C)O2)OC(=O)/C=C/[C@H](C)[C@@H](O)C[C@H](O)/C=C/CC[C@@H](C)[C@@H](O)[C@H](O)[C@@]2(O)O[C@@H](C1)C[C@@H](O)[C@@H]2O	5.91	1	IC50	102	out-of-scope	0.133	posaconazole	False
CHEMBL2103748	CCCCCCCCOc1ccc(C(=O)N[C@H]2C[C@@H](O)[C@@H](O)NC(=O)[C@@H]3[C@@H](O)[C@@H](C)CN3C(=O)[C@H]([C@@H](C)O)NC(=O)[C@H]([C@H](O)[C@@H](O)c3ccc(O)cc3)NC(=O)[C@@H]3C[C@@H](O)CN3C(=O)[C@H]([C@@H](C)O)NC2=O)cc1	6.0	1	IC50	73	out-of-scope	0.159	posaconazole	False
CHEMBL2171697	C[N+](C)(C)c1ccc(-c2c3nc(c(-c4ccc([N+](C)(C)C)cc4)c4ccc([nH]4)c(-c4ccc([N+](C)(C)C)cc4)c4nc(c(-c5ccc([N+](C)(C)C)cc5)c5ccc2[nH]5)C=C4)C=C3)cc1	6.64	1	IC50	64	out-of-domain	0.115	bifonazole	False
CHEMBL2171698	C[N+](C)(C)c1ccc(-c2c3nc(c(-c4ccc([N+](C)(C)C)cc4)c4ccc([nH]4)c(-c4ccc([N+](C)(C)C)cc4)c4nc(c(-c5ccc(C(F)(F)F)cc5)c5ccc2[nH]5)C=C4)C=C3)cc1	6.8	1	IC50	64	out-of-domain	0.125	isavuconazole	False
CHEMBL2204150	O=C1O/C(=C\c2ccc(O)c(Br)c2)C(c2ccc(O)c(Br)c2)=C1C(=O)c1cc(Br)c(O)c(Br)c1	4.77	1	IC50	34	out-of-scope	0.107	ketoconazole	False
CHEMBL2204151	O=C1O/C(=C\c2ccc(O)c(Br)c2)C(c2cc(Br)c(O)c(Br)c2)=C1C(=O)c1cc(Br)c(O)c(Br)c1	4.96	1	IC50	35	out-of-scope	0.108	ketoconazole	False
CHEMBL2204152	O=C1O/C(=C\c2cc(Br)c(O)c(Br)c2)C(c2ccc(O)c(Br)c2)=C1C(=O)c1cc(Br)c(O)c(Br)c1	5.05	3	IC50	35	out-of-scope	0.108	ketoconazole	False
CHEMBL2204154	O=C1O/C(=C\c2cc(Br)c(O)c(Br)c2)C(c2cc(Br)c(O)c(Br)c2)=C1C(=O)c1cc(Br)c(O)c(Br)c1	4.21	1	IC50	36	out-of-scope	0.103	ketoconazole	False
CHEMBL2204155	COc1c(Br)cc([C@H](O)C2=C(c3ccc(O)c(Br)c3)/C(=C/c3ccc(O)c(Br)c3)OC2=O)cc1Br	4.305	2	IC50	35	out-of-scope	0.11	bifonazole	False
CHEMBL2204157	COC(=O)C1=C(c2cc(Br)c(O)c(Br)c2)C(=O)OC1=C(c1cc(Br)c(O)c(Br)c1)c1cc(Br)c(O)c(Br)c1	4.98	2	IC50	38	out-of-scope	0.125	ketoconazole	False
CHEMBL2204158	COC(=O)C(C(=O)c1cc(Br)c(O)c(Br)c1)=C(C(=O)OC)c1cc(Br)c(O)c(Br)c1	4.58	1	IC50	30	out-of-scope	0.1	ketoconazole	False
CHEMBL2204159	COC(=O)C(C(=O)c1cc(Br)c(O)c(Br)c1)=C(C(=O)OC)c1ccc(O)c(Br)c1	4.32	1	IC50	29	out-of-scope	0.106	ketoconazole	False
CHEMBL2206669	O=C([C@H]1O[C@@H]2CN(Cc3ccccc3)C(=O)[C@H]1O2)N1CCCCC1	6.01	1	IC50	24	out-of-scope	0.144	ketoconazole	False
CHEMBL2206670	CC(C)C[C@@H](CO)NC(=O)C1O[C@H]2CN(Cc3ccccc3)C(=O)[C@@H]1O2	6.26	1	IC50	26	out-of-scope	0.146	fenticonazole	False
CHEMBL2206671	CC(C)C[C@@H](CO)NC(=O)C1O[C@@H]2CN(Cc3ccccc3)C(=O)[C@H]1O2	5.96	1	IC50	26	out-of-scope	0.146	fenticonazole	False
CHEMBL2206674	COC(=O)[C@H](CC(C)C)N1C[C@@H]2O[C@@H](C(=O)N3CCCCC3)[C@@H](O2)C1=O	6.05	1	IC50	26	out-of-scope	0.13	posaconazole	False
CHEMBL2206676	COC(=O)[C@@H](CC(C)C)N1C[C@@H]2O[C@@H](C(=O)N3CCCCC3)[C@@H](O2)C1=O	6.05	1	IC50	26	out-of-scope	0.13	posaconazole	False
CHEMBL2206677	COC(=O)[C@@H](CC(C)C)N1C[C@H]2O[C@H](C(=O)N3CCCCC3)[C@H](O2)C1=O	6.13	1	IC50	26	out-of-scope	0.13	posaconazole	False
CHEMBL2206678	CCCCNC(=O)[C@H](C[C@H](O)[C@H](CC1CCCCC1)NC(=O)[C@H](CCCC)N1CCN(C(=O)N2CCN(C)CC2)[C@H](Cc2ccccc2)C1=O)C(C)C.Cl	7.92	1	Ki	54	out-of-scope	0.139	posaconazole	False
CHEMBL2295881	CC(C)[C@H](N)C(=O)OC1Cc2c(cccc2N(C)CC#CC#CC(C)(C)C)NC1=O	4.42	1	IC50	30	out-of-scope	0.123	ketoconazole	False
CHEMBL2296995	Oc1ccc(/C=N/NC(=S)N2CCNCC2)cc1	5.71	1	IC50	18	out-of-scope	0.103	efinaconazole	False
CHEMBL2296996	C/C(=N\NC(=S)N1CCNCC1)c1ccc(O)cc1	5.59	1	IC50	19	out-of-scope	0.115	efinaconazole	False
CHEMBL2296997	C/C(=N\NC(=S)N1CCNCC1)c1cccc([N+](=O)[O-])c1	5.7	1	IC50	21	out-of-scope	0.118	ketoconazole	False
CHEMBL2296998	COc1ccc(/C=N/NC(=S)N2CCNCC2)cc1	5.67	1	IC50	19	out-of-scope	0.126	ketoconazole	False
CHEMBL2296999	S=C(N/N=C/c1ccc(Cl)cc1)N1CCNCC1	5.73	1	IC50	18	out-of-scope	0.143	ketoconazole	False
CHEMBL2297000	C/C(=N/NC(=S)N1CCNCC1)c1ccccc1	5.43	1	IC50	18	out-of-scope	0.123	bifonazole	False
CHEMBL2297001	S=C(N/N=C/c1ccccc1)N1CCNCC1	5.73	1	IC50	17	out-of-scope	0.125	bifonazole	False
CHEMBL2297002	C/C(=N\NC(=S)N1CCNCC1)c1ccc(Cl)cc1	5.47	1	IC50	19	out-of-scope	0.167	ketoconazole	False
CHEMBL2297003	Cc1ccc(/C=N/NC(=S)N2CCNCC2)cc1	5.43	1	IC50	18	out-of-scope	0.115	efinaconazole	False
CHEMBL2297230	S=C(NN=C(c1ccccc1)c1ccccc1)N1CCNCC1	5.83	1	IC50	23	out-of-scope	0.127	bifonazole	False
CHEMBL2335416	COc1cc(C(C)C#Cc2c(C)nc(N)nc2N)cc(N2CCOCC2)c1	7.68	1	IC50	27	in-envelope-novel	0.167	posaconazole	True
CHEMBL2335417	CCc1nc(N)nc(N)c1C#CC(C)c1cc(OC)cc(N2CCOCC2)c1	7.64	1	IC50	28	in-envelope-novel	0.177	itraconazole	True
CHEMBL2335418	COc1cc(-c2ccncc2)cc(C(C)C#Cc2c(C)nc(N)nc2N)c1	7.21	1	IC50	27	in-envelope-novel	0.149	bifonazole	True
CHEMBL2335419	CCc1nc(N)nc(N)c1C#CC(C)c1cc(OC)cc(-c2ccncc2)c1	7.22	1	IC50	28	in-envelope-novel	0.153	isavuconazole	True
CHEMBL2335420	CCc1nc(N)nc(N)c1C#CCc1cc(OC)cc(-c2cccc3cnccc23)c1	7.15	1	IC50	31	in-envelope-novel	0.12	sertaconazole	True
CHEMBL2335421	CCc1nc(N)nc(N)c1C#CC(C)c1cc(OC)cc(-c2cccc3cnccc23)c1	7.77	1	IC50	32	in-envelope-novel	0.128	isavuconazole	True
CHEMBL2335422	CCc1nc(N)nc(N)c1C#CCc1cc(OC)cc(-c2ccc3c(c2)OCCO3)c1	7.11	1	IC50	31	in-envelope-novel	0.114	isavuconazole	True
CHEMBL2335423	CCc1nc(N)nc(N)c1C#CC(C)c1cc(OC)cc(-c2ccc3c(c2)OCCO3)c1	7.64	1	IC50	32	in-envelope-novel	0.132	isavuconazole	True
CHEMBL2356578	Cc1cc(OCCOCC[N+](C)(C)Cc2ccccc2)ccc1C(C)(C)CC(C)(C)C.[Cl-]	5.05	1	IC50	32	out-of-scope	0.127	clotrimazole	False
CHEMBL2369134	CCCCCCCCCCCCC[C@@H]1CC(=O)N[C@@H]([C@@H](C)O)C(=O)N[C@H](C)C(=O)N[C@@H](Cc2ccc(O)cc2)C(=O)N[C@@H](C(C)C)C(=O)N2C[C@H](O)C[C@H]2C(=O)N[C@@H]([C@@H](C)O)C(=O)N[C@@H]([C@@H](C)O)C(=O)N2CC[C@H](O)[C@H]2C(=O)N[C@@H]([C@H](O)CC(N)=O)C(=O)NCC(=O)N[C@@H]([C@@H](C)O)C(=O)N[C@@H](CCCNC(=O)C(N)CCCN)C(=O)O1	8.1	1	IC50	116	out-of-scope	0.118	ketoconazole	False
CHEMBL2370264	CCCCCCCCOc1ccc(C(=O)N[C@H]2CCCNC(=O)[C@@H]3[C@@H](O)[C@@H](C)CN3C(=O)[C@H]([C@@H](C)O)NC(=O)[C@H](CCc3ccc(O)cc3)NC(=O)[C@@H]3C[C@@H](O)CN3C(=O)[C@H]([C@@H](C)O)NC2=O)cc1	5.52	1	IC50	69	out-of-scope	0.153	posaconazole	False
CHEMBL2370269	CCCCCCCCOc1ccc(C(=O)N[C@H]2CCCNC(=O)[C@@H]3C[C@@H](O)CN3C(=O)[C@H]([C@@H](C)O)NC(=O)[C@H](CCc3ccc(O)cc3)NC(=O)[C@@H]3C[C@@H](O)CN3C(=O)[C@H]([C@@H](C)O)NC2=O)cc1	5.0	1	IC50	68	out-of-scope	0.147	posaconazole	False
CHEMBL2370274	CCCCCCCCOc1ccc(C(=O)N[C@H]2CCCNC(=O)[C@@H]3CCCN3C(=O)[C@H]([C@@H](C)O)NC(=O)[C@H](CCc3ccc(O)cc3)NC(=O)[C@@H]3C[C@@H](O)CN3C(=O)[C@H]([C@@H](C)O)NC2=O)cc1	5.0	1	IC50	67	out-of-scope	0.149	posaconazole	False
CHEMBL2370651	CCCCCCCCCCCCC[C@@H]1CC(=O)N[C@@H]([C@H](C)O)C(=O)N[C@H](C)C(=O)N[C@@H](Cc2ccc(O)cc2)C(=O)N[C@@H](C(C)C)C(=O)N2C[C@H](O)C[C@H]2C(=O)N[C@@H]([C@@H](C)O)C(=O)N[C@@H]([C@@H](C)O)C(=O)N2CC[C@H](O)[C@H]2C(=O)N[C@@H]([C@H](O)CC(N)=O)C(=O)NCC(=O)N[C@@H]([C@@H](C)O)C(=O)N[C@@H](CCCNC(C)=O)C(=O)O1	6.64	1	IC50	111	out-of-scope	0.123	ketoconazole	False
CHEMBL2370652	CCCCCCCCCCCCC[C@@H]1CC(=O)N[C@@H]([C@@H](C)O)C(=O)N[C@H](C)C(=O)N[C@@H](Cc2ccc(O)cc2)C(=O)N[C@@H](C(C)C)C(=O)N2C[C@H](O)C[C@H]2C(=O)N[C@@H]([C@@H](C)O)C(=O)N[C@@H]([C@@H](C)O)C(=O)N2CC[C@H](O)[C@H]2C(=O)N[C@@H]([C@H](O)CC(N)=O)C(=O)NCC(=O)N[C@H]([C@@H](C)O)C(=O)N[C@@H](CCCNC(=O)CN)C(=O)O1	7.7	1	IC50	112	out-of-scope	0.121	ketoconazole	False
CHEMBL2370654	CCCCCCCCCCCCC[C@@H]1CC(=O)N[C@@H]([C@@H](C)O)C(=O)N[C@H](C)C(=O)N[C@@H](Cc2ccc(O)cc2)C(=O)N[C@@H](C(C)C)C(=O)N2C[C@H](O)C[C@H]2C(=O)N[C@@H]([C@@H](C)O)C(=O)N[C@@H]([C@@H](C)O)C(=O)N2CC[C@H](O)[C@H]2C(=O)N[C@@H]([C@H](O)CC(N)=O)C(=O)NCC(=O)N[C@@H]([C@@H](C)O)C(=O)N[C@H](CCCNC(=O)C(N)CCCN)C(=O)O1	8.3	1	IC50	116	out-of-scope	0.118	ketoconazole	False
CHEMBL2370655	CCCCCCCCCCCCC[C@@H]1CC(=O)N[C@@H]([C@@H](C)O)C(=O)N[C@H](C)C(=O)N[C@@H](Cc2ccc(O)cc2)C(=O)N[C@@H](C(C)C)C(=O)N2C[C@H](O)C[C@H]2C(=O)N[C@@H]([C@@H](C)O)C(=O)N[C@@H]([C@@H](C)O)C(=O)N2CC[C@H](O)[C@H]2C(=O)N[C@@H]([C@H](O)CC(N)=O)C(=O)NCC(=O)N[C@@H]([C@@H](C)O)C(=O)N[C@@H](CCCNC(=O)OC(C)(C)C)C(=O)O1	7.92	1	IC50	115	out-of-scope	0.119	ketoconazole	False
CHEMBL2370657	CCCCCCCCCCCCC[C@@H]1CC(=O)N[C@@H]([C@@H](C)O)C(=O)N[C@H](C)C(=O)N[C@@H](Cc2ccc(O)cc2)C(=O)N[C@@H](C(C)C)C(=O)N2C[C@H](O)C[C@H]2C(=O)N[C@@H]([C@@H](C)O)C(=O)N[C@@H]([C@@H](C)O)C(=O)N2CC[C@H](O)[C@H]2C(=O)N[C@@H]([C@H](O)CC#N)C(=O)NCC(=O)N[C@@H]([C@@H](C)O)C(=O)N[C@@H](CCN)C(=O)O1	7.72	1	IC50	106	out-of-scope	0.125	posaconazole	False
CHEMBL2370664	CCCCCCCCCCCCC[C@@H]1CC(=O)N[C@@H]([C@@H](C)O)C(=O)N[C@H](C)C(=O)N[C@@H](Cc2ccc(O)cc2)C(=O)N[C@@H](C(C)C)C(=O)N2C[C@H](O)C[C@H]2C(=O)N[C@@H]([C@@H](C)O)C(=O)N[C@@H]([C@@H](C)O)C(=O)N2CC[C@H](O)[C@H]2C(=O)N[C@@H]([C@H](O)CC(N)=O)C(=O)NCC(=O)N[C@@H]([C@@H](C)O)C(=O)N[C@@H](CCCN(C)C)C(=O)O1	7.35	1	IC50	110	out-of-scope	0.117	ketoconazole	False
CHEMBL2370665	CCCCCCCCCCCCC[C@@H]1CC(=O)N[C@@H]([C@@H](C)O)C(=O)N[C@H](C)C(=O)N[C@@H](Cc2ccc(O)cc2)C(=O)N[C@@H](C(C)C)C(=O)N2C[C@H](O)C[C@H]2C(=O)N[C@@H]([C@@H](C)O)C(=O)N[C@@H]([C@@H](C)O)C(=O)N2CC[C@H](O)[C@H]2C(=O)N[C@@H]([C@H](O)CC(N)=O)C(=O)NCC(=O)N[C@H]([C@@H](C)O)C(=O)N[C@@H](CCCN(CCN)CCN)C(=O)O1	8.7	1	IC50	114	out-of-scope	0.115	ketoconazole	False
CHEMBL2370666	CCCCCCCCCCCCC[C@@H]1CC(=O)N[C@@H]([C@@H](C)O)C(=O)N[C@H](C)C(=O)N[C@@H](Cc2ccc(O)cc2)C(=O)N[C@@H](C(C)C)C(=O)N2C[C@H](O)C[C@H]2C(=O)N[C@@H]([C@@H](C)O)C(=O)N[C@@H]([C@@H](C)O)C(=O)N2CC[C@H](O)[C@H]2C(=O)N[C@@H]([C@H](O)CCN)C(=O)NCC(=O)N[C@@H]([C@@H](C)O)C(=O)N[C@@H](CCN)C(=O)O1	8.22	1	IC50	106	out-of-scope	0.121	posaconazole	False
CHEMBL2370668	CCCCCCCCCCCCC[C@@H]1CC(=O)N[C@@H]([C@@H](C)O)C(=O)N[C@H](C)C(=O)N[C@@H](Cc2ccc(OC)cc2)C(=O)N[C@@H](C(C)C)C(=O)N2C[C@H](O)C[C@H]2C(=O)N[C@@H]([C@@H](C)O)C(=O)N[C@@H]([C@@H](C)O)C(=O)N2CC[C@H](O)[C@H]2C(=O)N[C@@H]([C@H](O)CC(N)=O)C(=O)NCC(=O)N[C@@H]([C@@H](C)O)C(=O)N[C@@H](CCCN)C(=O)O1	7.62	1	IC50	109	out-of-scope	0.138	ketoconazole	False
CHEMBL2371681	CCCCCCCCCCCCC[C@@H]1CC(=O)N[C@@H]([C@@H](C)O)C(=O)N[C@H](C)C(=O)N[C@@H](Cc2ccc(O)cc2)C(=O)N[C@@H](C(C)C)C(=O)N2C[C@H](O)C[C@H]2C(=O)N[C@@H]([C@@H](C)O)C(=O)N[C@@H]([C@@H](C)O)C(=O)N2CC[C@H](O)[C@H]2C(=O)N[C@@H]([C@H](O)CC(N)=O)C(=O)NCC(=O)N[C@@H]([C@@H](C)O)C(=O)N[C@@H](CCCN(CCN)C(=O)[C@H](CCCN)N(CCN)CCN)C(=O)O1	9.7	1	IC50	125	out-of-scope	0.115	ketoconazole	False
CHEMBL2371715	CCCCCCCCCCCCC[C@@H]1CC(=O)N[C@@H]([C@@H](C)O)C(=O)N[C@H](C)C(=O)N[C@@H](Cc2ccc(O)cc2)C(=O)N[C@@H](C(C)C)C(=O)N2C[C@H](O)C[C@H]2C(=O)N[C@@H]([C@@H](C)O)C(=O)N[C@@H]([C@@H](C)O)C(=O)N2CC[C@H](O)[C@H]2C(=O)N[C@@H]([C@H](O)CC(N)=O)C(=O)NCC(=O)N[C@@H]([C@@H](C)O)C(=O)N[C@@H](CCCN(CCCN)C(=O)[C@H](N)CCCN)C(=O)O1	9.08	1	IC50	120	out-of-scope	0.117	ketoconazole	False
CHEMBL2371727	CCCCCCCCCCCCC[C@@H]1CC(=O)N[C@@H]([C@@H](C)O)C(=O)N[C@H](C)C(=O)N[C@@H](Cc2ccc(O)cc2)C(=O)N[C@@H](C(C)C)C(=O)N2C[C@H](O)C[C@H]2C(=O)N[C@@H]([C@@H](C)O)C(=O)N[C@@H]([C@@H](C)O)C(=O)N2CC[C@H](O)[C@H]2C(=O)N[C@@H]([C@H](O)CC(N)=O)C(=O)NCC(=O)N[C@@H]([C@@H](C)O)C(=O)N[C@@H](CCCN(CCCN)C(=O)[C@@H](N)CCCN)C(=O)O1	9.05	1	IC50	120	out-of-scope	0.117	ketoconazole	False
CHEMBL2371765	CCCCCCCCCCCCC[C@@H]1CC(=O)N[C@@H]([C@@H](C)O)C(=O)N[C@H](C)C(=O)N[C@@H](Cc2ccc(O)cc2)C(=O)N[C@@H](C(C)C)C(=O)N2C[C@H](O)C[C@H]2C(=O)N[C@@H]([C@@H](C)O)C(=O)N[C@@H]([C@@H](C)O)C(=O)N2CC[C@H](O)[C@H]2C(=O)N[C@@H]([C@H](O)CC(N)=O)C(=O)NCC(=O)N[C@@H]([C@@H](C)O)C(=O)N[C@@H](CCCNC(=O)[C@@H](CCCN)N(CCN)CCN)C(=O)O1	9.2	1	IC50	122	out-of-scope	0.114	ketoconazole	False
CHEMBL2371766	CCCCCCCCCCCCC[C@@H]1CC(=O)N[C@@H]([C@@H](C)O)C(=O)N[C@H](C)C(=O)N[C@@H](Cc2ccc(O)cc2)C(=O)N[C@@H](C(C)C)C(=O)N2C[C@H](O)C[C@H]2C(=O)N[C@@H]([C@@H](C)O)C(=O)N[C@@H]([C@@H](C)O)C(=O)N2CC[C@H](O)[C@H]2C(=O)N[C@@H]([C@H](O)CC(N)=O)C(=O)NCC(=O)N[C@@H]([C@@H](C)O)C(=O)N[C@@H](CCCNC(=O)[C@H](CCCN)N(CCN)CCN)C(=O)O1	9.05	1	IC50	122	out-of-scope	0.114	ketoconazole	False
CHEMBL2372825	CC[C@@H](C)[C@@H](NC(=O)[C@@H](Cc1ccccc1)NC(=O)[C@H](Cc1c[nH]c2ccccc12)NC(=O)[C@@H](N)CCCN=C(N)N)C(=O)N[C@H](Cc1ccccc1)C(=O)N[C@H](CCCCN)C(N)=O	4.84	1	IC50	65	out-of-domain	0.096	efinaconazole	False
CHEMBL2372827	CC[C@@H](C)[C@@H](NC(=O)[C@@H](Cc1ccccc1)NC(=O)[C@H](Cc1c[nH]c2ccccc12)NC(=O)[C@@H](N)CCCN=C(N)N)C(=O)N[C@H](Cc1ccccc1)C(=O)N[C@H](Cc1c[nH]cn1)C(N)=O	5.16	2	IC50	66	out-of-domain	0.102	bifonazole	False
CHEMBL2372828	CC[C@@H](C)[C@@H](NC(=O)[C@@H](Cc1ccccc1)NC(=O)[C@H](Cc1c[nH]c2ccccc12)NC(=O)[C@@H](N)CCCN=C(N)N)C(=O)N[C@H](Cc1ccccc1)C(=O)NCC(N)=O	4.47	1	IC50	60	out-of-domain	0.098	bifonazole	False
CHEMBL2372835	CC[C@@H](C)[C@@H](NC(=O)[C@@H](Cc1ccccc1)NC(=O)[C@H](Cc1c[nH]c2ccccc12)NC(=O)[C@@H](N)CCCN=C(N)N)C(=O)N[C@H](Cc1ccccc1)C(=O)N[C@H](Cc1ccc(O)cc1)C(N)=O	4.8	1	IC50	68	out-of-domain	0.105	butoconazole	False
CHEMBL2372836	CC[C@@H](C)[C@@H](NC(=O)[C@@H](Cc1ccccc1)NC(=O)[C@H](Cc1c[nH]c2ccccc12)NC(=O)[C@@H](N)CCCN=C(N)N)C(=O)N[C@H](Cc1ccccc1)C(=O)N[C@H](Cc1c[nH]c2ccccc12)C(N)=O	4.6	1	IC50	70	out-of-domain	0.102	bifonazole	False
CHEMBL2372844	CC[C@@H](C)[C@@H](NC(=O)[C@@H](Cc1ccccc1)NC(=O)[C@H](Cc1c[nH]c2ccccc12)NC(=O)[C@@H](N)CCCN=C(N)N)C(=O)N[C@H](Cc1ccccc1)C(=O)N[C@H](CCC(N)=O)C(N)=O	4.52	1	IC50	65	out-of-domain	0.097	bifonazole	False
CHEMBL2372850	CC[C@@H](C)[C@@H](NC(=O)[C@@H](Cc1ccccc1)NC(=O)[C@H](Cc1c[nH]c2ccccc12)NC(=O)[C@@H](N)CCCN=C(N)N)C(=O)N[C@H](Cc1ccccc1)C(=O)N1CCC[C@H]1C(N)=O	4.29	1	IC50	63	out-of-domain	0.108	posaconazole	False
CHEMBL2372852	CC[C@@H](C)[C@@H](NC(=O)[C@@H](Cc1ccccc1)NC(=O)[C@H](Cc1c[nH]c2ccccc12)NC(=O)[C@@H](N)CCCN=C(N)N)C(=O)N[C@H](Cc1ccccc1)C(=O)N[C@H](CCSC)C(N)=O	4.61	1	IC50	64	out-of-domain	0.096	efinaconazole	False
CHEMBL2372853	CC[C@@H](C)[C@@H](NC(=O)[C@@H](Cc1ccccc1)NC(=O)[C@H](Cc1c[nH]c2ccccc12)NC(=O)[C@@H](N)CCCN=C(N)N)C(=O)N[C@H](Cc1ccccc1)C(=O)N[C@H](CC(C)C)C(N)=O	4.83	1	IC50	64	out-of-domain	0.098	bifonazole	False
CHEMBL2372855	CC[C@@H](C)[C@@H](NC(=O)[C@@H](Cc1ccccc1)NC(=O)[C@H](Cc1c[nH]c2ccccc12)NC(=O)[C@@H](N)CCCN=C(N)N)C(=O)N[C@H](Cc1ccccc1)C(=O)N[C@H](Cc1ccccc1)C(N)=O	4.86	1	IC50	67	out-of-domain	0.102	bifonazole	False
CHEMBL2387201	CCCCCOc1ccc(-c2cc(-c3ccc(C(=O)N[C@H]4C[C@@H](O)[C@@H](O)NC(=O)[C@@H]5[C@@H](O)CCN5C(=O)[C@H]([C@H](O)CC(N)=O)NC(=O)[C@H]([C@H](O)[C@@H](O)c5ccc(O)cc5)NC(=O)[C@@H]5C[C@@H](O)CN5C(=O)[C@H]([C@@H](C)O)NC4=O)cc3)no2)cc1	8.55	1	IC50	83	out-of-domain	0.158	posaconazole	False
CHEMBL2387202	CCCCCOc1ccc(-c2cc(-c3ccc(C(=O)N[C@H]4C[C@@H](O)[C@@H](O)NC(=O)[C@@H]5[C@@H](O)[C@@H](C)CN5C(=O)[C@H]([C@@H](C)O)NC(=O)[C@H]([C@H](O)[C@@H](O)c5ccc(O)cc5)NC(=O)[C@@H]5C[C@@H](O)CN5C(=O)[C@H]([C@@H](C)O)NC4=O)cc3)no2)cc1	8.36	1	IC50	81	out-of-domain	0.166	posaconazole	False
CHEMBL2387203	CC[C@H](C)C[C@H](C)CCCCCCCCC(=O)N[C@H]1C[C@@H](O)[C@@H](O)NC(=O)[C@@H]2[C@@H](O)[C@@H](C)CN2C(=O)[C@H]([C@H](O)CC(N)=O)NC(=O)[C@H]([C@H](O)[C@@H](O)c2ccc(O)cc2)NC(=O)[C@@H]2C[C@@H](O)CN2C(=O)[C@H]([C@@H](C)O)NC1=O	7.75	1	IC50	76	out-of-scope	0.12	posaconazole	False
CHEMBL2387205	CCCCCOc1ccc(-c2cc(-c3ccc(C(=O)N[C@H]4C[C@@H](O)[C@@H](O)NC(=O)[C@@H]5[C@@H](O)[C@@H](C)CN5C(=O)[C@H]([C@H](O)CC(N)=O)NC(=O)[C@H]([C@H](O)[C@@H](O)c5ccc(O)cc5)NC(=O)[C@@H]5C[C@@H](O)CN5C(=O)[C@H]([C@@H](C)O)NC4=O)cc3)no2)cc1	7.46	1	IC50	84	out-of-domain	0.157	posaconazole	False
CHEMBL2402008	COc1ccc(/C=C2\OC(=O)C([C@@H](O)c3cc(Br)c(OC)c(Br)c3)=C2c2cc(Br)c(O)c(Br)c2)cc1	4.76	1	IC50	36	out-of-scope	0.126	posaconazole	False
CHEMBL2402010	COC(=O)/C(C(=O)c1cc(Br)c(O)c(Br)c1)=C(\C(=O)OC)c1cc(Br)c(O)c(Br)c1	4.12	1	IC50	30	out-of-scope	0.1	ketoconazole	False
CHEMBL3037784	CC[C@H](C)C[C@H](C)CCCCCCCCC(=O)N[C@H]1C[C@@H](O)[C@@H](O)NC(=O)[C@@H]2[C@@H](O)CCN2C(=O)[C@H]([C@H](O)CC(N)=O)NC(=O)[C@H]([C@H](O)[C@@H](O)c2ccc(O)cc2)NC(=O)[C@@H]2C[C@@H](O)CN2C(=O)[C@H]([C@@H](C)O)NC1=O	7.305	2	IC50	75	out-of-scope	0.121	posaconazole	False
CHEMBL3038230	CC[C@@H](C)[C@@H](NC(=O)[C@@H](Cc1ccccc1)NC(=O)[C@H](NC(=O)[C@@H](Cc1ccccc1)NC(=O)[C@H](Cc1c[nH]c2ccccc12)NC(=O)[C@@H](N)CCCN=C(N)N)[C@H](C)CC)C(N)=O	4.34	1	IC50	64	out-of-domain	0.102	bifonazole	False
CHEMBL3085546	NCCCC[C@H](NC(=O)[C@@H](Cc1ccccc1)NC(=O)[C@H](Cc1ccccc1)NC(=O)[C@@H](Cc1ccccc1)NC(=O)[C@@H](Cc1c[nH]c2ccccc12)NC(=O)[C@@H](N)Cc1c[nH]cn1)C(N)=O	4.54	3	IC50	67	out-of-domain	0.106	bifonazole	False
CHEMBL3234115	COc1ccc(-c2ccccc2)cc1C(C)C#Cc1c(C)nc(N)nc1N	7.52	1	IC50	27	in-envelope-novel	0.188	bifonazole	True
CHEMBL3234116	CCc1nc(N)nc(N)c1C#CC(C)c1ccc(-c2ccccc2)cc1OC	7.31	1	IC50	28	in-envelope-novel	0.179	bifonazole	True
CHEMBL3234117	CCc1nc(N)nc(N)c1C#CC(C)c1ccc(-c2ccncc2)cc1OC	7.48	1	IC50	28	in-envelope-novel	0.165	isavuconazole	True
CHEMBL3234118	CCc1nc(N)nc(N)c1C#CC(C)c1ccc(-c2ccc(O)cc2)cc1OC	7.41	1	IC50	29	in-envelope-novel	0.153	isavuconazole	True
CHEMBL3234119	CCc1nc(N)nc(N)c1C#CC(C)c1ccc(-c2ccc(C)cc2)cc1OC	7.32	1	IC50	29	in-envelope-novel	0.143	isavuconazole	True
CHEMBL3234120	CCc1nc(N)nc(N)c1C#CC(C)c1ccc(-c2ccc(C#N)cc2)cc1OC	7.3	1	IC50	30	in-envelope-novel	0.223	isavuconazole	True
CHEMBL3234317	CCc1nc(N)nc(N)c1C#CC(C)c1ccc(-c2ccc(OC(N)=O)cc2)cc1OC	7.75	1	IC50	32	in-envelope-novel	0.144	isavuconazole	True
CHEMBL3234318	CCc1nc(N)nc(N)c1C#CC(C)c1ccc(-c2ccc(C(=O)OC)cc2)cc1OC	7.34	1	IC50	32	in-envelope-novel	0.146	isavuconazole	True
CHEMBL3234319	CCc1nc(N)nc(N)c1C#CC(C)c1ccc(-c2ccc(N(C)C)cc2)cc1OC	7.19	1	IC50	31	in-envelope-novel	0.139	isavuconazole	True
CHEMBL3234320	CCc1nc(N)nc(N)c1C#CC(C)c1ccc(-c2ccc(F)cc2)cc1OC	7.37	1	IC50	29	in-envelope-novel	0.189	isavuconazole	True
CHEMBL3234321	CCc1nc(N)nc(N)c1C#CC(C)c1ccc(-c2ccccc2)cc1	7.64	1	IC50	26	in-envelope-novel	0.25	bifonazole	True
CHEMBL3234322	CCc1nc(N)nc(N)c1C#CC(C)c1ccc(-c2ccccc2)nc1	7.26	1	IC50	26	in-envelope-novel	0.188	bifonazole	True
CHEMBL3234323	CCc1nc(N)nc(N)c1C#CC(C)c1ccc(-c2ccc(C)cc2)nc1	7.31	1	IC50	27	in-envelope-novel	0.158	isavuconazole	True
CHEMBL3234324	CCc1nc(N)nc(N)c1C#CC(C)c1cnc(-c2ccccc2)nc1	7.43	1	IC50	26	in-envelope-novel	0.175	bifonazole	True
CHEMBL3261880	CC(C)=CCC/C(C)=C/CNCCOC1C2CC3CC(C2)CC1C3	4.44	1	IC50	24	out-of-scope	0.081	ketoconazole	False
CHEMBL3261883	CC(C)=CCC/C(C)=C/CNCCCOC1C2CC3CC(C2)CC1C3	4.72	1	IC50	25	out-of-scope	0.08	posaconazole	False
CHEMBL3261884	CC(C)=CCC/C(C)=C/C[N+](C)(C)CCOC1C2CC3CC(C2)CC1C3.[I-]	4.43	1	IC50	27	out-of-scope	0.079	ketoconazole	False
CHEMBL3261888	CC(C)=CCC/C(C)=C/CNCCOc1ccccc1	4.13	1	IC50	20	out-of-scope	0.117	ketoconazole	False
CHEMBL3261889	CC(C)=CCC/C(C)=C/CNCCOc1cccc2ccccc12	4.43	1	IC50	24	out-of-scope	0.128	sertaconazole	False
CHEMBL3261890	CC(C)=CCC/C(C)=C/CNCCO[C@@H]1C[C@@H]2CC[C@@]1(C)C2(C)C	4.72	1	IC50	24	out-of-scope	0.075	ketoconazole	False
CHEMBL3344123	CC[C@H](C)C[C@H](C)C[C@H](C)[C@@H](O[C@@H]1O[C@H](CO)[C@@H](O)[C@H](O)[C@@H]1O)[C@@H](C)/C=C(\C)[C@@H](O)[C@@H](C)/C=C(\C)[C@@H](O)[C@@H](C)/C=C(\C)C(=O)OC[C@@H](O)[C@@H](O)[C@H](O)[C@H](O)CO	5.96	1	IC50	56	out-of-scope	0.113	posaconazole	False
CHEMBL3344124	CC[C@H](C)C[C@H](C)C[C@H](C)[C@@H](O[C@@H]1O[C@H](CO)[C@@H](O)[C@H](O)[C@@H]1O)[C@@H](C)/C=C(\C)[C@@H](O)[C@@H](C)/C=C(\C)[C@@H](O)[C@@H](C)/C=C(\C)C(=O)OC[C@@H](O)[C@@H](O)[C@H](O)CO	5.82	1	IC50	54	out-of-scope	0.113	posaconazole	False
CHEMBL3344125	CC[C@H](C)C[C@H](C)C[C@H](C)[C@@H](O[C@@H]1O[C@H](COC(C)=O)[C@@H](O)[C@H](O)[C@@H]1O)[C@@H](C)/C=C(\C)[C@@H](O)[C@@H](C)/C=C(\C)[C@@H](O)[C@@H](C)/C=C(\C)C(=O)OC[C@@H](O)[C@@H](O)[C@H](O)[C@H](O)CO	5.13	2	IC50	59	out-of-scope	0.119	posaconazole	False
CHEMBL3344126	CC[C@H](C)C[C@H](C)C[C@H](C)[C@@H](O[C@@H]1O[C@H](COC(C)=O)[C@@H](O)[C@H](O)[C@@H]1O)[C@@H](C)/C=C(\C)[C@@H](O)[C@@H](C)/C=C(\C)[C@@H](O)[C@@H](C)/C=C(\C)C(=O)OC[C@@H](O)[C@@H](O)[C@H](O)CO	5.155	2	IC50	57	out-of-scope	0.119	posaconazole	False
CHEMBL3344127	CCC(C)CC(C)CC(C)C(O[C@@H]1O[C@H](CO)[C@@H](O)[C@H](O)[C@@H]1O)C(C)/C=C(\C)C(O)C(C)/C=C(\C)C(O)C(C)CC(=O)O	5.3	1	IC50	43	out-of-scope	0.121	posaconazole	False
CHEMBL3344128	CC[C@H](C)C[C@H](C)C[C@H](C)[C@@H](O[C@@H]1O[C@H](COC(C)=O)[C@@H](O)[C@H](O)[C@@H]1O)[C@@H](C)/C=C(\C)[C@@H](O)[C@@H](C)/C=C(\C)[C@@H](O)[C@@H](C)/C=C(\C)[C@@H](O)[C@@H](C)C(=O)OC[C@@H](O)[C@@H](O)[C@H](O)[C@H](C)CO	5.22	2	IC50	63	out-of-scope	0.119	posaconazole	False
CHEMBL3344129	CC[C@H](C)C[C@H](C)C[C@H](C)[C@@H](O[C@@H]1O[C@H](CO)[C@@H](O)[C@H](O)[C@@H]1O)[C@@H](C)/C=C(\C)[C@@H](O)[C@@H](C)/C=C(\C)[C@@H](O)[C@@H](C)/C=C(\C)[C@@H](O)[C@@H](C)C(=O)O	5.62	1	IC50	49	out-of-scope	0.123	posaconazole	False
CHEMBL3359320	CCC(C)NCC(O)Cn1c2ccc(Cl)cc2c2cc(Cl)ccc21	5.965	2	IC50	24	in-envelope-novel	0.194	miconazole	True
CHEMBL3596266	CC[C@H](C)C[C@H](C)CCCCCCCCC(=O)N[C@H]1C[C@@H](O)[C@@H](OCCN)NC(=O)[C@@H]2[C@@H](O)CCN2C(=O)[C@H]([C@H](O)CCN)NC(=O)[C@H]([C@H](O)[C@@H](O)c2ccc(O)cc2)NC(=O)[C@@H]2C[C@@H](O)CN2C(=O)[C@H]([C@@H](C)O)NC1=O	9.0	1	IC50	77	out-of-scope	0.131	posaconazole	False
CHEMBL3739708	CC(C)c1ccc2c(c1)C(=O)CC1C(C)(C)[C@@H](O)CC[C@]21C	4.01	1	IC50	22	out-of-scope	0.14	posaconazole	False
CHEMBL3779930	Cc1ccc2nc(Cl)c(C3C4=C(CC(C)(C)CC4=O)n4c(=O)c5ccccc5c(=O)n43)cc2c1	4.29	1	IC50	34	in-envelope-novel	0.146	sertaconazole	True
CHEMBL3780193	CC1(C)CC(=O)C2=C(C1)n1c(=O)c3ccccc3c(=O)n1C2c1cc2ccccc2n2nnnc12	4.3	1	IC50	35	in-envelope-novel	0.11	sertaconazole	True
CHEMBL3780280	Cc1ccc2cc(C3C4=C(CC(C)(C)CC4=O)n4c(=O)c5ccccc5c(=O)n43)c3nnnn3c2c1	4.17	1	IC50	36	in-envelope-novel	0.106	sertaconazole	True
CHEMBL3780291	Cc1ccc2cc(C3C4=C(CC(C)(C)CC4=O)n4c(=O)c5ccccc5c(=O)n43)c(Cl)nc2c1	4.3	1	IC50	34	in-envelope-novel	0.146	sertaconazole	True
CHEMBL3780328	Cc1ccc2c(c1)cc(C1C3=C(CC(C)(C)CC3=O)n3c(=O)c4ccccc4c(=O)n31)c1nnnn12	4.15	1	IC50	36	in-envelope-novel	0.106	sertaconazole	True
CHEMBL3780333	COc1ccc2cc(C3C4=C(CC(C)(C)CC4=O)n4c(=O)c5ccccc5c(=O)n43)c(Cl)nc2c1	4.46	1	IC50	35	in-envelope-novel	0.155	ketoconazole	True
CHEMBL3780439	COc1ccc2nc(Cl)c(C3C4=C(CC(C)(C)CC4=O)n4c(=O)c5ccccc5c(=O)n43)cc2c1	4.44	1	IC50	35	in-envelope-novel	0.155	ketoconazole	True
CHEMBL3781097	CC1(C)CC(=O)C2=C(C1)n1c(=O)c3ccccc3c(=O)n1C2c1cc2ccccc2nc1Cl	4.1	1	IC50	33	in-envelope-novel	0.152	sertaconazole	True
CHEMBL3781116	COc1ccc2cc(C3C4=C(CC(C)(C)CC4=O)n4c(=O)c5ccccc5c(=O)n43)c3nnnn3c2c1	4.36	1	IC50	37	in-envelope-novel	0.128	ketoconazole	True
CHEMBL3781486	Cc1cccc2cc(C3C4=C(CC(C)(C)CC4=O)n4c(=O)c5ccccc5c(=O)n43)c(Cl)nc12	4.43	1	IC50	34	in-envelope-novel	0.16	sertaconazole	True
CHEMBL3781750	COc1ccc2c(c1)cc(C1C3=C(CC(C)(C)CC3=O)n3c(=O)c4ccccc4c(=O)n31)c1nnnn12	4.09	1	IC50	37	in-envelope-novel	0.128	ketoconazole	True
CHEMBL3781826	Cc1cccc2cc(C3C4=C(CC(C)(C)CC4=O)n4c(=O)c5ccccc5c(=O)n43)c3nnnn3c12	4.21	1	IC50	36	in-envelope-novel	0.124	luliconazole	True
CHEMBL3883463	Cc1c(Cl)ccc2c1NC(=O)[C@@]21[C@H]2C(=O)N(c3ccccc3)C(=O)[C@H]2[C@H]2CN(C(=O)OCc3ccccc3)CCN21	9.52	1	EC50	41	out-of-scope	0.204	ketoconazole	False
CHEMBL3883789	COc1cc(Br)ccc1-n1cc(C(=O)N[C@@H](CCCCNC(=O)OCc2ccccc2Cl)C(=O)NCCC2=CCCCC2)c2ccccc2c1=O	7.64	1	EC50	51	out-of-domain	0.149	butoconazole	False
CHEMBL3883818	COc1cc(Br)ccc1-n1cc(C(=O)NCC(=O)NCCC2=CCCCC2)c2ccccc2c1=O	8.22	3	EC50	35	in-envelope-novel	0.108	ketoconazole	True
CHEMBL3884009	COc1cc(Br)ccc1-n1nc(C(=O)NCC(=O)NCCC2=CCCCC2)c2ccccc2c1=O	8.4	3	EC50	35	in-envelope-novel	0.114	fenticonazole	True
CHEMBL3884037	COc1cc(Br)ccc1-n1cc(C(=O)NCC(=O)NCCC2=CCCCC2)c2ccc(Br)cc2c1=O	8.52	1	EC50	36	in-envelope-novel	0.109	ketoconazole	True
CHEMBL3885047	COc1ccc(-n2cc(C(=O)NCC(=O)NCCC3=CCCCC3)c3ccccc3c2=O)c(OC)c1	7.48	1	EC50	36	in-envelope-novel	0.128	ketoconazole	True
CHEMBL3885063	COc1cc(Br)ccc1-n1cc(C(=O)NCC(=O)NCCC2=CCCCC2)c2sccc2c1=O	6.64	1	EC50	34	in-envelope-novel	0.108	sertaconazole	True
CHEMBL3885144	COc1cc(Br)ccc1-n1cc(C(=O)NCCc2ccccc2)c2ccccc2c1=O	6.66	1	EC50	31	in-envelope-novel	0.145	butoconazole	True
CHEMBL3885167	COc1cc(C)ccc1-n1cc(C(=O)NCC(=O)NCCC2=CCCCC2)c2ccccc2c1=O	7.19	1	EC50	35	in-envelope-novel	0.109	ketoconazole	True
CHEMBL3885266	COc1cc(Br)ccc1-n1cc(C(=O)NCC(=O)NCCc2ccccc2)c2ccccc2c1=O	7.7	1	EC50	35	in-envelope-novel	0.136	butoconazole	True
CHEMBL3956672	O=Cc1c(O)cc(O)c(C(=O)/C=C/c2ccccc2)c1O	4.16	1	IC50	21	out-of-scope	0.105	bifonazole	False
CHEMBL4059769	CCCCCCC[C@@H](O)CC(=O)N[C@@H](CC(C)C)C(=O)N[C@H](CCC(=O)O)C(=O)N[C@H]1C(=O)N[C@H](C(C)C)C(=O)N[C@@H](CC(C)C)C(=O)N[C@H](CO)C(=O)N[C@@H](CC(C)C)C(=O)N[C@H](CO)C(=O)N[C@@H]([C@@H](C)CC)C(=O)O[C@@H]1C	5.34	1	IC50	79	out-of-scope	0.108	posaconazole	False
CHEMBL4062764	O=C1/C(=C/c2ccccn2)Oc2ccccc21	4.75	1	IC50	17	in-envelope-novel	0.13	bifonazole	True
CHEMBL4063433	CCCCCCCCCC(=O)[C@@H]1C(=O)N[C@@H](CC(C)C)C(=O)N[C@H](C)C(=O)N2CCC[C@H]2C(=O)N[C@@H](C(C)C)C(=O)N[C@H]2CS[C@H]1CNC2=O	5.47	1	IC50	50	out-of-scope	0.118	ketoconazole	False
CHEMBL4065722	Cc1c(CN2CCC3(CCCN(Cc4ccc(C(C)C)cc4)C3=O)C2)cnn1C	5.5	1	IC50	29	in-envelope-novel	0.158	itraconazole	True
CHEMBL4066566	CCCCCCC[C@@H]1CC(=O)N[C@H](CC(C)C)C(=O)N[C@@H](CO)C(=O)N[C@@H]([C@@H](C)O)C(=O)N[C@H](Cc2ccccc2)C(=O)N[C@@H]([C@@H](C)CC)C(=O)O1	5.11	1	IC50	52	out-of-scope	0.138	posaconazole	False
CHEMBL4068540	CCCCCCCCCC(=O)[C@@H]1C(=O)N[C@@H](CC(C)C)C(=O)N[C@H](C)C(=O)N2CCC[C@H]2C(=O)N[C@@H]([C@@H](C)CC)C(=O)N[C@H]2CS[C@H]1CNC2=O	5.04	1	IC50	51	out-of-scope	0.129	posaconazole	False
CHEMBL4070775	CC[C@@]1([C@@H]2O[C@@H]([C@H]3O[C@@](O)(CO)[C@H](C)C[C@@H]3C)C[C@@H]2C)CC[C@H]([C@]2(C)CCC3(C[C@H](O)[C@@H](C)[C@@H]([C@@H](C)[C@@H](OC)[C@H](C)C(=O)[O-])O3)O2)O1.[Na+]	5.19	1	IC50	48	out-of-scope	0.123	ketoconazole	False
CHEMBL4071755	Nc1c(O)cccc1C(=O)C[C@H](N)C(=O)O	4.52	1	IC50	16	out-of-scope	0.138	butoconazole	False
CHEMBL4074341	CC(C)c1ccc(CN2CCCC3(CCN(CC4CCSCC4)C3)C2=O)cc1	5.47	1	IC50	28	out-of-scope	0.171	itraconazole	False
CHEMBL4074673	CCCCCCC[C@@H]1CC(=O)N[C@H](CC(C)C)C(=O)N[C@@H](CO)C(=O)N[C@@H]([C@@H](C)O)C(=O)N[C@H](Cc2ccc(O)cc2)C(=O)N[C@@H]([C@@H](C)CC)C(=O)O1	4.54	1	IC50	53	out-of-scope	0.137	posaconazole	False
CHEMBL4076749	CCCCC[C@@H]1CC(=O)N[C@H](CC(C)C)C(=O)N[C@@H](CO)C(=O)N[C@@H]([C@@H](C)O)C(=O)N[C@H](Cc2ccccc2)C(=O)N[C@@H]([C@@H](C)CC)C(=O)O1	4.87	1	IC50	50	out-of-scope	0.14	posaconazole	False
CHEMBL4077578	CO[C@@H]1c2cc3c4c([nH]c3cc2C2=CC(C)(C)OC(C)(C)[C@H]21)[C@@]1(C)[C@@](C)(CC[C@@]2(O)C3=CC(=O)[C@@H]5O[C@@]3(CC[C@]12C)OC5(C)C)C4	5.12	1	IC50	46	out-of-domain	0.107	ketoconazole	False
CHEMBL4077877	O=C(Cn1nc(C(F)(F)F)c2c(-c3ccccc3)c3ccccc3nc21)NCCN1CCNCC1	5.29	1	IC50	35	in-envelope-novel	0.127	bifonazole	True
CHEMBL4093339	CC[C@H](C)[C@H](N)C1=N[C@H](C(=O)N[C@@H](CC(C)C)C(=O)N[C@H](CCC(=O)O)C(=O)N[C@@H](C(=O)N[C@@H]2CCCCNC(=O)[C@H](CC(N)=O)NC(=O)[C@@H](CC(=O)O)NC(=O)[C@H](Cc3cnc[nH]3)NC(=O)[C@@H](Cc3ccccc3)NC(=O)[C@H]([C@@H](C)CC)NC(=O)[C@@H](CCCN)NC2=O)[C@@H](C)CC)CS1	5.67	1	IC50	100	out-of-domain	0.097	posaconazole	False
CHEMBL4095123	CCCCCCCCCC(=O)C1C(=O)N[C@@H](CC(C)C)C(=O)N[C@H](C)C(=O)N2CCC[C@H]2C(=O)N[C@@H](C(C)C)C(=O)N[C@@H](CC)C(=O)NCC1O	5.28	1	IC50	51	out-of-scope	0.121	ketoconazole	False
CHEMBL4096945	CC[C@H](C)C1NC(=O)[C@@H](CCCN)NC(=O)[C@@H](NC(=O)[C@@H](NC(=O)[C@@H](CCC(=O)O)NC(=O)[C@H](CC(C)C)NC(=O)[C@@H]2CSC([C@@H](N)[C@@H](C)CC)=N2)[C@@H](C)CC)CCCCNC(=O)[C@H](CC(N)=O)NC(=O)[C@@H](CC(=O)O)NC(=O)[C@H](Cc2c[nH]cn2)NC(=O)[C@@H](Cc2ccccc2)NC1=O	4.77	1	IC50	100	out-of-domain	0.097	posaconazole	False
CHEMBL4100786	CCCCCCC[C@@H]1CC(=O)N[C@H](CC(C)C)C(=O)N[C@@H](CO)C(=O)N[C@@H]([C@@H](C)O)C(=O)N[C@H](Cc2ccccc2)C(=O)N[C@@H](C(C)C)C(=O)O1	4.22	1	IC50	51	out-of-scope	0.123	posaconazole	False
CHEMBL4101081	CC(C)c1ccc(CN2CCCC3(CCN(Cc4cccnc4)C3)C2=O)cc1	5.34	1	IC50	28	in-envelope-novel	0.173	butoconazole	True
CHEMBL4101499	CC1(C)C=C2c3cc4[nH]c5c(c4cc3[C@@H](O)[C@@H]2C(C)(C)O1)C[C@]1(C)CC[C@@]2(O)C3=CC(=O)[C@@H]4O[C@@]3(CC[C@]2(C)[C@@]51C)OC4(C)C	5.07	1	IC50	45	in-envelope-novel	0.101	ketoconazole	True
CHEMBL4103784	Cc1ncc(CN2CCC3(CCCN(Cc4ccc(C(C)C)cc4)C3=O)C2)cn1	5.57	1	IC50	29	in-envelope-novel	0.164	itraconazole	True
CHEMBL4104564	COc1ccc(/C=C2\Oc3c(ccc(O)c3O)C2=O)cc1O	4.8	1	IC50	22	out-of-scope	0.092	itraconazole	False
CHEMBL4249311	CC(Cn1cnc2c1c(=O)n(C)c(=O)n2C)OCc1cn(CCCn2nc3c(Br)c(Br)c(Br)c(Br)c3n2)nn1	4.7	1	IC50	39	in-envelope-novel	0.138	itraconazole	True
CHEMBL4442264	O=[N+]([O-])c1cccc(/N=C/c2cccc(/C=C/c3ccc4ccc(Cl)cc4n3)c2)c1	4.08	1	IC50	30	in-envelope-novel	0.143	sertaconazole	True
CHEMBL4443102	Cc1cccc(C2CCCN2CCCn2nnc(-c3ccccc3)n2)c1	4.34	2	IC50	26	in-envelope-novel	0.164	bifonazole	True
CHEMBL4459782	COc1ccc(/N=C/c2cccc(/C=C/c3ccc4ccc(Cl)cc4n3)c2)cc1	4.01	1	IC50	29	in-envelope-novel	0.161	sertaconazole	True
CHEMBL4461989	Clc1ccc(/N=C/c2cccc(/C=C/c3ccc4ccc(Cl)cc4n3)c2)cc1	4.18	1	IC50	28	in-envelope-novel	0.16	sertaconazole	True
CHEMBL4467354	Cc1ccc(/N=C/c2cccc(/C=C/c3ccc4ccc(Cl)cc4n3)c2)cc1	4.02	1	IC50	28	in-envelope-novel	0.153	sertaconazole	True
CHEMBL4469221	C=C1CC[C@H]2C(C)(C)CCC[C@]2(C)[C@H]1CCC/C(C)=C/C[n+]1cn(C)c2nc[nH]/c(=N\O)c21.[Br-]	5.1	1	IC50	34	in-envelope-novel	0.108	efinaconazole	True
CHEMBL4472568	FC(F)(F)c1cccc(/N=C/c2cccc(/C=C/c3ccc4ccc(Cl)cc4n3)c2)c1	4.06	1	IC50	31	in-envelope-novel	0.146	sertaconazole	True
CHEMBL4473133	c1ccc(-c2nnn(CCCN3CCCC3c3ccccc3)n2)cc1	4.62	1	IC50	25	in-envelope-novel	0.167	bifonazole	True
CHEMBL4522958	Fc1ccc(C2CCCN2CCCn2nnc(-c3ccc(Cl)cc3)n2)cc1	4.98	1	IC50	27	in-envelope-novel	0.151	efinaconazole	True
CHEMBL4539806	O=[N+]([O-])c1ccc(/N=C/c2cccc(/C=C/c3ccc4ccc(Cl)cc4n3)c2)cc1	4.04	1	IC50	30	in-envelope-novel	0.144	sertaconazole	True
CHEMBL4548520	OC(CN1CCOCC1)Cn1c2ccc(Cl)cc2c2cc(Cl)ccc21	5.84	2	IC50	25	in-envelope-novel	0.197	sertaconazole	True
CHEMBL4566528	FC(F)(F)c1ccccc1/N=C/c1cccc(/C=C/c2ccc3ccc(Cl)cc3n2)c1	4.03	1	IC50	31	in-envelope-novel	0.159	clotrimazole	True
CHEMBL4566828	FC(F)(F)c1ccc(/N=C/c2cccc(/C=C/c3ccc4ccc(Cl)cc4n3)c2)cc1	4.29	1	IC50	31	in-envelope-novel	0.148	sertaconazole	True
CHEMBL4567614	Clc1ccc(-c2nnn(CCCN3CCCC3c3ccc(Cl)cc3)n2)cc1	4.1	1	IC50	27	in-envelope-novel	0.156	ketoconazole	True
CHEMBL4592498	CC(C)=CCC/C(C)=C/CC/C(C)=C/CC/C(C)=C/C[n+]1cn(C)c2nc[nH]/c(=N\O)c21.[Br-]	5.7	1	IC50	33	in-envelope-novel	0.107	oxiconazole	True
CHEMBL4634031	COC(=O)C1=C(c2cc(Br)c(O)c(Br)c2)C(=O)[C@](c2ccc(O)c(Br)c2)(c2cc(Br)c(O)c(Br)c2)C1=O	4.31	1	IC50	37	out-of-scope	0.131	ketoconazole	False
CHEMBL4634710	COC(=O)C1=C(c2cc(Br)c(O)c(Br)c2)C(=O)C(c2cc(Br)c(O)c(Br)c2)(c2cc(Br)c(O)c(Br)c2)C1=O	4.66	1	IC50	38	out-of-scope	0.129	ketoconazole	False
CHEMBL4638280	COC(=O)C1=C(c2ccc(O)c(Br)c2)C(=O)[C@](c2ccc(O)c(Br)c2)(c2cc(Br)c(O)c(Br)c2)C1=O	4.33	1	IC50	36	out-of-scope	0.13	ketoconazole	False
CHEMBL4639243	COc1ccc(C[C@@]2(O)OC(=O)C([C@@H](O)c3cc(Br)c(OC)c(Br)c3)=C2c2cc(Br)c(O)c(Br)c2)cc1Br	4.2	1	IC50	38	out-of-scope	0.122	posaconazole	False
CHEMBL4647319	O=C1C=C(c2cc(Br)c(O)c(Br)c2)C(=O)C1(c1cc(Br)c(O)c(Br)c1)c1cc(Br)c(O)c(Br)c1	4.47	1	IC50	34	out-of-scope	0.089	ketoconazole	False
CHEMBL4648082	O=C(O)C1=C(c2ccc(O)c(Br)c2)C(=O)C(c2cc(Br)c(O)c(Br)c2)(c2cc(Br)c(O)c(Br)c2)C1=O	4.27	1	IC50	36	out-of-scope	0.115	ketoconazole	False
CHEMBL4741186	COc1ccc(-n2cc(COc3ccc(/C=N/Nc4nc(-c5cc6cc(Br)cc(OC)c6oc5=O)cs4)cc3)nn2)cc1	4.39	1	IC50	43	in-envelope-novel	0.148	itraconazole	True
CHEMBL4741395	CN(CC#CC#CC(C)(C)C)c1cccc2c1OCC(=O)N2	9.26	1	Ki	22	out-of-scope	0.107	ketoconazole	False
CHEMBL4753788	COc1ccc(-n2cc(COc3ccc(/C=N/Nc4nc(-c5cc6c(ccc7ccccc76)oc5=O)cs4)cc3)nn2)cc1	4.34	1	IC50	44	in-envelope-novel	0.145	posaconazole	True
CHEMBL4756495	COc1ccc(-n2cc(COc3ccc(/C=N/Nc4nc(-c5cc6ccccc6oc5=O)cs4)cc3)nn2)cc1	4.2	1	IC50	40	in-envelope-novel	0.15	posaconazole	True
CHEMBL4786444	CC(C)(C)C#CC=CCNc1cccc2[nH]c(=O)ccc12	6.2	1	Ki	21	in-envelope-novel	0.093	efinaconazole	True
CHEMBL4800245	COc1ccc(-n2cc(COc3ccc(/C=N/Nc4nc(-c5cc6cccc(OC)c6oc5=O)cs4)cc3)nn2)cc1	4.45	1	IC50	42	in-envelope-novel	0.15	itraconazole	True
CHEMBL4847944	C=CCC1CC(CCCCCC)OO1	4.6	1	IC50	14	out-of-scope	0.071	itraconazole	False
CHEMBL4856099	CCCCCCC1CC(C/C=C\Cl)OO1	4.48	1	IC50	15	out-of-scope	0.091	itraconazole	False
CHEMBL4857972	C=C(C)CC1CC(CCCCCC)OO1	4.45	1	IC50	15	out-of-scope	0.09	ketoconazole	False
CHEMBL5169653	O=C(O)[C@@H]1Cc2c[nH]c3ccc4oc5nc6ccc(O)cc6c-5c(c4c23)N1	5.55	1	IC50	27	in-envelope-novel	0.107	posaconazole	True
CHEMBL5170346	Oc1ccc2nc3oc4ccc5[nH]cc6cc[nH]c(c-3c2c1)c4c65	5.5	1	IC50	24	in-envelope-novel	0.088	sertaconazole	True
CHEMBL5174986	COc1ccc(-c2coc3c(CC=C(C)C)c(O)cc(O)c3c2=O)cc1O	4.57	1	IC50	27	out-of-scope	0.104	itraconazole	False
CHEMBL5177565	Cn1cc(C(=O)c2nc(C(=O)O)cc3c2[nH]c2ccc(O)cc23)[n+](C)c1	4.34	1	IC50	26	in-envelope-novel	0.112	ketoconazole	True
CHEMBL5179552	C[N+](C)(C)CC(c1c[nH]c2ccccc12)c1c(O)c(O)c2c3c(nccc13)C=CN2	4.7	1	IC50	30	in-envelope-novel	0.12	bifonazole	True
CHEMBL5180750	O=C(N[C@H](Cc1ccccc1)Cn1cncn1)c1ccc2c(c1)OCCO2	6.08	1	IC50	27	in-envelope-novel	0.243	fluconazole	True
CHEMBL5184372	Cn1c[n+](C)c(C(=O)c2nc(C(=O)O)cc3c2[nH]c2ccc(O)cc23)c1[S+](C)[O-]	5.32	1	IC50	29	in-envelope-novel	0.11	oxiconazole	True
CHEMBL5186502	CSc1c(-c2c(-c3c[nH]c4ccc(O)cc34)c(=O)n3c4ccc(O)cc4c4cc(C(=O)O)nc2c43)[n+](C)cn1C	4.84	1	IC50	40	in-envelope-novel	0.098	butoconazole	True
CHEMBL5192861	CC(C)CC(=O)Nc1c(O)c(C(C[N+](C)(C)C)c2c[nH]c3cc(Br)ccc23)c2ccnc3c2c1NC=C3	4.85	1	IC50	37	in-envelope-novel	0.11	voriconazole	True
CHEMBL5206822	CC(C)[C@H](NC(=O)c1cccc2c1OCCO2)C(=O)N[C@@H](Cn1cncn1)c1ccccc1	6.21	1	IC50	33	in-envelope-novel	0.22	efinaconazole	True
CHEMBL5208629	CSc1c(-c2c(-c3c[nH]c4ccc(O)cc34)c(=O)n3c4ccc(O)cc4c4ccnc2c43)[n+](C)cn1C	5.1	1	IC50	37	in-envelope-novel	0.119	voriconazole	True
CHEMBL5209103	C[N+](C)(C)CC(c1c[nH]c2cc(Br)ccc12)c1c(O)c(O)c2c3c(nccc13)C=CN2	6.3	1	IC50	31	in-envelope-novel	0.102	voriconazole	True
CHEMBL5267169	N=C1N[C@@H]2O[C@@H]3NC(=N)N[C@]34[C@H]([C@H](CNC(=O)c3cc(Br)c(Br)[nH]3)[C@@H](CNC(=O)c3cc(Br)c(Br)[nH]3)[C@@H]4O)[C@]2(O)N1	5.41	1	IC50	41	in-envelope-novel	0.088	ketoconazole	True
CHEMBL5268677	CN1CCN(CCCCn2c3ccc(Cl)cc3c3cc(Cl)ccc32)CC1	5.855	2	IC50	26	in-envelope-novel	0.172	miconazole	True
CHEMBL5273712	CC[C@H](C)C[C@H](C)CCCCCCCCC(=O)N[C@H]1C[C@@H](O)[C@@H](OCCN)NC(=O)[C@@H]2[C@@H](O)CCN2C(=O)[C@H]([C@H](O)CC(N)=O)NC(=O)[C@H]([C@H](O)[C@@H](O)c2ccc(O)cc2)NC(=O)[C@@H]2C[C@@H](O)CN2C(=O)[C@H]([C@@H](C)O)NC1=O	8.0	1	IC50	78	out-of-scope	0.129	posaconazole	False
CHEMBL5277475	CN1CCN(CC(O)Cn2c3ccc(Cl)cc3c3cc(Cl)ccc32)CC1	6.085	2	IC50	26	in-envelope-novel	0.197	miconazole	True
CHEMBL5286133	CN1CCN(CCCn2c3ccc(Cl)cc3c3cc(Cl)ccc32)CC1	5.825	2	IC50	25	in-envelope-novel	0.172	miconazole	True
CHEMBL5287997	CN(C)CCCCn1c2ccc(Cl)cc2c2cc(Cl)ccc21	6.08	2	IC50	22	in-envelope-novel	0.177	miconazole	True
CHEMBL5563251	CCC/C=C/C=C/C=C(\C)[C@@H]1OC[C@H](C)[C@H](OC)[C@H]1OC(=O)CN	6.33	1	IC50	24	out-of-scope	0.114	ketoconazole	False
